GEOID,state,funding_ics,raw_funding,econ_impact,jobs,pop_2024
0101,AL,FIC,2695.5714836378265,6637.729779674715,0.024799257649468005,760389
0101,AL,NCATS,158117.15690151262,389356.75325747894,1.454677843493916,760389
0101,AL,NCCIH,18793.65402744188,46278.57126552667,0.1729016170524653,760389
0101,AL,NCI,1009189.5183200961,2485086.1347028986,9.284543568544883,760389
0101,AL,NEI,130215.10336456711,320649.1367833964,1.1979789509540175,760389
0101,AL,NHGRI,43881.584032487975,108056.52859877158,0.40371057309888936,760389
0101,AL,NHLBI,2483165.6263463595,6114689.417777809,22.845123762386507,760389
0101,AL,NIA,623256.7163584786,1534743.0745823968,5.733961790498004,760389
0101,AL,NIAAA,41095.53083554963,101195.99146023569,0.3780788836870566,760389
0101,AL,NIAID,1394787.9381839903,3434605.793173204,12.83204903129271,760389
0101,AL,NIAMS,87838.6736523257,216298.98648516377,0.8081157976013964,760389
0101,AL,NIBIB,60600.37124092101,149225.82884069797,0.5575234154164733,760389
0101,AL,NICHD,170758.8412210849,420486.3615734223,1.570981339233981,760389
0101,AL,NIDA,299628.2659489157,737821.8221233537,2.7565800467300243,760389
0101,AL,NIDCD,39645.45510061416,97625.24182625636,0.3647381869256503,760389
0101,AL,NIDCR,106190.17957683316,261488.78691018812,0.9769496521068651,760389
0101,AL,NIDDK,396166.70646465407,975543.6133592078,3.6447336994748176,760389
0101,AL,NIEHS,411993.7137904537,1014516.9436853662,3.7903421668721737,760389
0101,AL,NIGMS,423586.9124966933,1043064.7009090928,3.8969995949695786,760389
0101,AL,NIMH,195526.43541215904,481475.50563096494,1.7988432057918633,760389
0101,AL,NIMHD,270198.2216223269,665351.593517095,2.485823638925407,760389
0101,AL,NINDS,350185.2630060409,862316.2705080494,3.221704419655576,760389
0101,AL,NINR,73731.5969380969,181560.91191411915,0.67833069183049155,760389
0101,AL,NLM,2146.6697967776895,5286.082793089088,0.019749362130354744,760389
0101,AL,OD,558439.751402749,1375134.063607793,5.13764571290529,760389
0102,AL,FIC,2949.833281248832,7263.838608945502,0.027138466187489253,703362
0102,AL,NCATS,216632.5565152785,533448.4284156089,1.9930195199405623,703362
0102,AL,NCCIH,34915.683124332965,85978.38011674481,0.3212242847438633,703362
0102,AL,NCI,2106393.1328246943,5186903.2263925485,19.378816821987186,703362
0102,AL,NEI,192219.15237645232,473331.4622512298,1.7684162018633613,703362
0102,AL,NHGRI,157798.9650032457,388573.2192827364,1.4517504780298605,703362
0102,AL,NHLBI,3038346.1198795224,7481797.697928584,27.952784302891605,703362
0102,AL,NIA,824027.5389281827,2029132.659852163,7.581053358139281,703362
0102,AL,NIAAA,94891.8091849742,233667.03183262417,0.8730046445017627,703362
0102,AL,NIAID,1798995.4056814867,4429949.437539906,16.550757732269677,703362
0102,AL,NIAMS,121154.0134169761,298336.5893527244,1.11461692343618,703362
0102,AL,NIBIB,66950.88642335156,164863.70155101756,0.6159481550948344,703362
0102,AL,NICHD,331976.9182031133,817478.9982373591,3.0541876474686425,703362
0102,AL,NIDA,348011.14473292,856962.5970129753,3.201702531542864,703362
0102,AL,NIDCD,42731.024444329254,105223.32469823738,0.39312542488782914,703362
0102,AL,NIDCR,129592.7903979678,319116.7176523336,1.1922536716613037,703362
0102,AL,NIDDK,701916.8142925209,1728440.20993875,6.457634691491192,703362
0102,AL,NIEHS,480107.29759159737,1182243.7379260664,4.416987137842696,703362
0102,AL,NIGMS,1350626.0313977464,3325858.9817524706,12.425759488859267,703362
0102,AL,NIMH,294358.95669160964,724846.3728771205,2.7081024015628086,703362
0102,AL,NIMHD,1954269.7459464327,4812305.876110413,17.97928166270718,703362
0102,AL,NINDS,458244.3307538181,1128407.1148084633,4.215847842935126,703362
0102,AL,NINR,90120.55336767975,221918.0179344059,0.8291090909826537,703362
0102,AL,NLM,2144.803221826912,5281.486431904835,0.019732189640807588,703362
0102,AL,OD,2193334.80447873,5400993.383724927,20.178680201204315,703362
0103,AL,FIC,6183.524224849005,15226.66460146265,0.056888422868610844,737665
0103,AL,NCATS,1082807.3402738732,2666366.8805720117,9.961827530519633,737665
0103,AL,NCCIH,181051.57898060992,445831.78919628,1.6656745266216113,737665
0103,AL,NCI,4434323.452097086,10919332.323167397,40.79577575929319,737665
0103,AL,NEI,928907.5181502429,2287395.134284642,8.545949166982235,737665
0103,AL,NHGRI,252495.50478754053,621759.4085467934,2.322958644045373,737665
0103,AL,NHLBI,4830255.090863838,11894297.092349006,44.43834683594731,737665
0103,AL,NIA,2555026.1135435784,6291642.801780517,23.50624024460092,737665
0103,AL,NIAAA,509996.303061234,1255844.1387668268,4.691965988163353,737665
0103,AL,NIAID,4873502.682206683,12000792.440997,44.836224676301484,737665
0103,AL,NIAMS,559094.4471673802,1376746.2239974907,5.143668913939898,737665
0103,AL,NIBIB,69838.96022723167,171975.46008173257,0.6425184340905313,737665
0103,AL,NICHD,1671886.6884537472,4116949.644093442,15.381357533774475,737665
0103,AL,NIDA,1088821.8117964484,2681177.260106271,10.017160668527325,737665
0103,AL,NIDCD,123643.1724076623,304466.0371744995,1.1375171861504931,737665
0103,AL,NIDCR,622990.8597231432,1534088.41395989,5.731515909452917,737665
0103,AL,NIDDK,2675273.211872303,6587746.151419339,24.612513549225188,737665
0103,AL,NIEHS,406106.7647316731,1000020.5827778229,3.7361822355313925,737665
0103,AL,NIGMS,3393386.659361421,8356069.8796220645,31.219157266125073,737665
0103,AL,NIMH,1339940.1005135411,3299545.3328345385,12.327448924724578,737665
0103,AL,NIMHD,1309521.231141749,3224640.1647398355,12.04759532650409,737665
0103,AL,NINDS,1582527.415808758,3896906.2474608147,14.559252225440574,737665
0103,AL,NINR,190765.32739268645,469751.4802519565,1.7550410120127153,737665
0103,AL,NLM,7816.941493434633,19248.884940317705,0.07191586173959863,737665
0103,AL,OD,2658480.656328055,6546395.199797582,24.458022038218107,737665
0104,AL,FIC,6499.024031042069,16003.569414323727,0.05979102108558703,735310
0104,AL,NCATS,1066189.8708608279,2625447.071078796,9.808946811919617,735310
0104,AL,NCCIH,126020.93654992752,310321.1799343778,1.159392616259333,735310
0104,AL,NCI,3270669.690191323,8053884.578406277,30.09016114976017,735310
0104,AL,NEI,873487.7950855935,2150926.4305605995,8.03608771478746,735310
0104,AL,NHGRI,275417.6778105003,678204.2817074264,2.533842635856603,735310
0104,AL,NHLBI,4034443.3162014056,9934644.548257044,37.11687850905293,735310
0104,AL,NIA,2799666.6407045405,6894059.663031829,25.756933094481774,735310
0104,AL,NIAAA,164667.82815065185,405487.50174298737,1.514944018985997,735310
0104,AL,NIAID,4914939.159041919,12102827.997435987,45.21744026318565,735310
0104,AL,NIAMS,596055.7150529457,1467761.769319796,5.4837125784871,735310
0104,AL,NIBIB,78003.29513989722,192079.78649636803,0.7176303152870545,735310
0104,AL,NICHD,1177380.9679178048,2899250.4039341165,10.831904904843805,735310
0104,AL,NIDA,781813.1760239946,1925181.5921546484,7.19268121942075,735310
0104,AL,NIDCD,464095.8057070796,1142816.1222445662,4.2696814125051326,735310
0104,AL,NIDCR,609316.7262538297,1500416.4436591743,5.605713881535233,735310
0104,AL,NIDDK,2846783.2987099197,7010082.423273743,26.190406348131262,735310
0104,AL,NIEHS,720854.1606338937,1775072.6173971135,6.631858277831822,735310
0104,AL,NIGMS,2058909.563868352,5069976.963587085,18.94196798758884,735310
0104,AL,NIMH,1535754.8926054689,3781730.904487528,14.128945011970314,735310
0104,AL,NIMHD,846643.3424601682,2084823.1112116426,7.7891187506335475,735310
0104,AL,NINDS,1711617.5762957425,4214785.260400608,15.746881701920831,735310
0104,AL,NINR,245172.14597861553,603725.9499097989,2.255583743003263,735310
0104,AL,NLM,7863.941402540404,19364.620211375088,0.07234826090337172,735310
0104,AL,OD,3497888.4986020676,8613401.200482564,32.18057418713902,735310
0105,AL,FIC,3888.0012958516754,9574.037320672298,0.03576961192183541,773877
0105,AL,NCATS,368799.8657012043,908153.935506549,3.3929587644510795,773877
0105,AL,NCCIH,171627.79760227483,422626.12959058455,1.5789757379409284,773877
0105,AL,NCI,2432578.3342990032,5990120.369272118,22.37972067555083,773877
0105,AL,NEI,301743.33760839986,743030.0958514009,2.7760387059972786,773877
0105,AL,NHGRI,1228225.8299142357,3024453.707450925,11.29967763521097,773877
0105,AL,NHLBI,1082497.6038193433,2665604.1677667443,9.958977955137957,773877
0105,AL,NIA,950590.4757553411,2340788.492346343,8.745432376949138,773877
0105,AL,NIAAA,52645.3362223705,129636.8944861444,0.4843370932458086,773877
0105,AL,NIAID,1351459.5240565531,3327911.421866222,12.43342762132029,773877
0105,AL,NIAMS,724708.8283245316,1784564.572137029,6.66732122058569,773877
0105,AL,NIBIB,41672.01953304519,102615.57028359079,0.38338257970401574,773877
0105,AL,NICHD,683887.9160634318,1684044.8172005664,6.291768827783573,773877
0105,AL,NIDA,214888.8315463724,529154.5800706747,1.9769772502266263,773877
0105,AL,NIDCD,307206.38602518506,756482.619512529,2.8262987514317026,773877
0105,AL,NIDCR,154500.77853496524,380451.5758122096,1.4214071625216802,773877
0105,AL,NIDDK,669078.3857619636,1647576.9806391012,6.155521149010065,773877
0105,AL,NIEHS,174027.22717627443,428534.62255181564,1.6010504900217248,773877
0105,AL,NIGMS,711129.0026078295,1751124.8306537506,6.5423868239920315,773877
0105,AL,NIMH,784605.3374255495,1932057.1704864637,7.218369104315055,773877
0105,AL,NIMHD,285565.90112938004,703193.8486854869,2.6272062903902964,773877
0105,AL,NINDS,466565.88910161244,1148898.5972246188,4.292406179734835,773877
0105,AL,NINR,221669.1851798875,545850.911628972,2.039356503654965,773877
0105,AL,NLM,5511.510051815409,13571.85836991405,0.05070589247670176,773877
0105,AL,OD,3230972.5905816928,7956132.164179833,29.724947833351575,773877
0106,AL,FIC,25180.172882584837,62005.1014839077,0.2316575905197805,728184
0106,AL,NCATS,5194592.766159582,12791463.074348593,47.79025344866815,728184
0106,AL,NCCIH,550889.901789008,1356542.8810265162,5.068187096458874,728184
0106,AL,NCI,15711760.314455334,38689539.47740451,144.54819489298907,728184
0106,AL,NEI,4005846.45836543,9864226.005838422,36.85378741696196,728184
0106,AL,NHGRI,960551.3490389955,2365316.71785541,8.837072411158758,728184
0106,AL,NHLBI,20128005.81043367,49564355.60487335,185.17765345598977,728184
0106,AL,NIA,12018530.272926206,29595118.061147634,110.57047851092109,728184
0106,AL,NIAAA,797879.6759183567,1964744.6627136325,7.340493018448882,728184
0106,AL,NIAID,23344017.96822407,57483648.341548346,214.76496530766144,728184
0106,AL,NIAMS,2745017.8581772544,6759489.367491088,25.25416429523074,728184
0106,AL,NIBIB,309066.8270405985,761063.8761426341,2.843414808773506,728184
0106,AL,NICHD,4916683.458912832,12107123.261452585,45.233487821998054,728184
0106,AL,NIDA,3848291.520466346,9476253.69288897,35.40428198829038,728184
0106,AL,NIDCD,568597.1528334278,1400146.231294601,5.231093806067536,728184
0106,AL,NIDCR,3128528.30649347,7703867.485102519,28.782460419739923,728184
0106,AL,NIDDK,12059753.527516365,29696628.56690463,110.94973245315056,728184
0106,AL,NIEHS,1523999.1441546474,3752782.8754524845,14.020792126222755,728184
0106,AL,NIGMS,4415632.923652101,10873307.694249114,40.62382289759933,728184
0106,AL,NIMH,5450585.177301585,13421833.465607826,50.14538363117458,728184
0106,AL,NIMHD,3381092.6088338844,8325796.304688216,31.106052001271735,728184
0106,AL,NINDS,6981236.481579081,17190997.0015676,64.22737563052755,728184
0106,AL,NINR,951060.6280561241,2341946.2223293292,8.749757778116342,728184
0106,AL,NLM,33748.23256204286,83103.5829130168,0.31048373957079434,728184
0106,AL,OD,11246439.989853835,27693878.67808717,103.46724790665527,728184
0107,AL,FIC,26460.400136911943,65157.60648048452,0.24343568125958986,718912
0107,AL,NCATS,5408013.237931653,13317001.881118385,49.753721788971205,718912
0107,AL,NCCIH,565945.6310000771,1393616.971899507,5.206699805200709,718912
0107,AL,NCI,16249784.218025174,40014400.38670704,149.4980148058316,718912
0107,AL,NEI,4225634.354045701,10405444.322334379,38.875836057220454,718912
0107,AL,NHGRI,984916.9053776672,2425315.860853197,9.061235529474539,718912
0107,AL,NHLBI,20932142.26425134,51544507.31623665,192.57570883111234,718912
0107,AL,NIA,12837604.453725554,31612053.28792828,118.10596097427509,718912
0107,AL,NIAAA,815616.7896301323,2008421.5485260764,7.503674464597217,718912
0107,AL,NIAID,24548507.660023745,60449652.82152604,225.84627047221846,718912
0107,AL,NIAMS,2842342.744054636,6999147.746878565,26.149553245302652,718912
0107,AL,NIBIB,317528.7161916339,781900.9171749619,2.9212641889630317,718912
0107,AL,NICHD,5231230.72024977,12881682.473243034,48.12732262629789,718912
0107,AL,NIDA,3997053.8553951834,9842574.596135236,36.772895469635685,718912
0107,AL,NIDCD,782234.0211030258,1926217.9052076212,7.1965529941478374,718912
0107,AL,NIDCR,3244378.7672924167,7989144.302394124,29.848284659090233,718912
0107,AL,NIDDK,12807747.375243342,31538531.505931977,117.83127585223875,718912
0107,AL,NIEHS,2089920.5264662125,5146340.135991031,19.227268843489156,718912
0107,AL,NIGMS,5532768.558333422,13624206.535281787,50.901470736667484,718912
0107,AL,NIMH,6044110.424299315,14883364.065296775,55.6058159035537,718912
0107,AL,NIMHD,3551318.951913928,8744971.412306821,32.67213435760814,718912
0107,AL,NINDS,7557086.196800078,18609002.35833193,69.52519301056071,718912
0107,AL,NINR,1025892.7085016171,2526217.027931456,9.438212918214877,718912
0107,AL,NLM,34728.07115579837,85516.39364815193,0.31949825463334497,718912
0107,AL,OD,12240357.423945954,30141357.956918105,112.61128830030277,718912
0200,AK,FIC,1014.7502573907406,4034.0991827558273,0.007915052007647777,740133
0200,AK,NCATS,21780.209570488172,86586.35461151125,0.16988563464980774,740133
0200,AK,NCCIH,4420.003899829103,17571.54924594637,0.034476030418667,740133
0200,AK,NCI,1004497.0425724479,3993337.9361162344,7.8350769320650935,740133
0200,AK,NEI,18249.32943291729,72549.48142656688,0.14234476957675485,740133
0200,AK,NHGRI,13489.270152983963,53626.05557750679,0.1052163071932749,740133
0200,AK,NHLBI,296221.3357269263,1177616.1076751424,2.3105264186700247,740133
0200,AK,NIA,273615.3550615903,1087746.933005586,2.1341997694804045,740133
0200,AK,NIAAA,287633.9792995701,1143477.4146387817,2.2435450385366464,740133
0200,AK,NIAID,663809.0050924957,2638946.2288339706,5.177710239721466,740133
0200,AK,NIAMS,13197.234330239406,52465.0788097861,0.10293842777586736,740133
0200,AK,NIBIB,6114.6115981353505,24308.39457418225,0.04769397046545573,740133
0200,AK,NICHD,32228.735881776232,128124.05430301225,0.25138413987785463,740133
0200,AK,NIDA,25636.68253579203,101917.609099345,0.19996612377917783,740133
0200,AK,NIDCD,7152.165605311236,28433.149154856936,0.05578689172142764,740133
0200,AK,NIDCR,223594.5356033788,888891.1599447206,1.7440373777063547,740133
0200,AK,NIDDK,263236.39557104214,1046485.7934357993,2.053243885454129,740133
0200,AK,NIEHS,405379.3390447569,1611569.3969386653,3.161958844549104,740133
0200,AK,NIGMS,8804162.061219731,35000595.18816187,68.67246407751391,740133
0200,AK,NIMH,525384.6779214316,2088645.836153912,4.098000487787166,740133
0200,AK,NIMHD,459740.6204773749,1827680.5034928767,3.585976839723524,740133
0200,AK,NINDS,309882.35974426457,1231924.9638913095,2.417082406005264,740133
0200,AK,NINR,586508.6318483761,2331641.6775321946,4.574767328417334,740133
0200,AK,NLM,3209.9445718711886,12761.006641549264,0.02503756766059527,740133
0200,AK,OD,3577181.6334323147,14220942.935362821,27.902016740772055,740133
0401,AZ,FIC,2667.7536901874173,7835.980620082105,0.027211087639911653,819479
0401,AZ,NCATS,109070.37106915946,320371.8983003465,1.1125177849054264,819479
0401,AZ,NCCIH,118021.39247268674,346663.69221894187,1.2038182032214046,819479
0401,AZ,NCI,6926500.472052762,20345177.916399755,70.65030481493817,819479
0401,AZ,NEI,134318.29013862403,394532.49463029735,1.370046559413965,819479
0401,AZ,NHGRI,261810.26050888436,769014.071663467,2.67046465719062,819479
0401,AZ,NHLBI,3472968.470370457,10201134.283153113,35.42427839777866,819479
0401,AZ,NIA,6693273.402189364,19660121.118896183,68.2713887023315,819479
0401,AZ,NIAAA,302806.9093443232,889433.3393583948,3.0886304753120966,819479
0401,AZ,NIAID,3389190.5100705847,9955053.66644757,34.56974320271996,819479
0401,AZ,NIAMS,190986.411002621,560983.5048941253,1.948061392226734,819479
0401,AZ,NIBIB,301779.788811551,886416.3829508766,3.0781538458778197,819479
0401,AZ,NICHD,1347717.4227363986,3958644.1749678557,13.746717711911264,819479
0401,AZ,NIDA,734854.2086745419,2158483.8806295283,7.495512928480327,819479
0401,AZ,NIDCD,816097.6697565403,2397119.924462424,8.32419623151671,819479
0401,AZ,NIDCR,380744.9241830753,1118360.3111738581,3.8835982266673676,819479
0401,AZ,NIDDK,1987343.1786989411,5837413.960298275,20.2709004227292,819479
0401,AZ,NIEHS,351604.2824426863,1032765.6384818669,3.5863636809154,819479
0401,AZ,NIGMS,2575421.379600039,7564773.3496990325,26.269298071920396,819479
0401,AZ,NIMH,512766.20861788,1506145.8215358732,5.230215327902376,819479
0401,AZ,NIMHD,446999.1498161684,1312968.5427992416,4.559391328124917,819479
0401,AZ,NINDS,1706905.3359682644,5013685.177218292,17.410434426876296,819479
0401,AZ,NINR,186722.609597229,548459.4606754165,1.9045706178917354,819479
0401,AZ,NLM,87048.60111953477,255687.45491268032,0.8878957314192545,819479
0401,AZ,OD,1292564.7917674107,3796644.606188637,13.184160876027589,819479
0402,AZ,FIC,1705.867204080503,5010.635877208509,0.01739984548162113,853923
0402,AZ,NCATS,56944.57253567927,167263.03048505742,0.5808346398639285,853923
0402,AZ,NCCIH,37442.74977691238,109980.41636814555,0.3819160477245062,853923
0402,AZ,NCI,2785748.788925888,8182567.079836706,28.414637647044056,853923
0402,AZ,NEI,61327.01314045663,180135.55307738256,0.6255355340326575,853923
0402,AZ,NHGRI,143265.2954537071,420812.4921108133,1.4613060136278124,853923
0402,AZ,NHLBI,957519.5693015945,2812517.818265877,9.766699606876262,853923
0402,AZ,NIA,1988468.7192964547,5840720.005508398,20.282380936823834,853923
0402,AZ,NIAAA,58928.14083991556,173089.35652399273,0.6010670365671387,853923
0402,AZ,NIAID,2649125.199622928,7781263.240594771,27.021077036153866,853923
0402,AZ,NIAMS,72877.80219943539,214063.63254953775,0.7433535824342409,853923
0402,AZ,NIBIB,67543.3825880642,198394.86640825507,0.6889425023982547,853923
0402,AZ,NICHD,1129452.3597497272,3317535.211312218,11.520414069447217,853923
0402,AZ,NIDA,608212.9043051684,1786500.9609205453,6.203771623912718,853923
0402,AZ,NIDCD,146995.43701015,431769.0197145277,1.4993534575035299,853923
0402,AZ,NIDCR,412342.66462784755,1211172.2085669136,4.205895179204044,853923
0402,AZ,NIDDK,339267.64291501656,996529.2840495475,3.4605299577331685,853923
0402,AZ,NIEHS,292737.40271528193,859856.2239413369,2.9859215076958754,853923
0402,AZ,NIGMS,2309466.2012175745,6783584.429866984,23.55655525241926,853923
0402,AZ,NIMH,181866.76057034743,534196.3977065053,1.8550409578175435,853923
0402,AZ,NIMHD,4380270.820874511,12866149.296066558,44.67876237292001,853923
0402,AZ,NINDS,304127.9098684248,893313.5081101252,3.102104680657933,853923
0402,AZ,NINR,49294.213393355254,144791.66583230815,0.5028009766122236,853923
0402,AZ,NLM,21720.157341857463,63798.518064826356,0.2215456048869461,853923
0402,AZ,OD,492260.38035570295,1445914.1466806647,5.02105587962817,853923
0403,AZ,FIC,1497.2028581013278,4397.72705537494,0.015271469152633542,834750
0403,AZ,NCATS,110044.12900575381,323232.11300002836,1.1224501158586888,834750
0403,AZ,NCCIH,78971.77995882594,231963.44533864158,0.8055121555800244,834750
0403,AZ,NCI,1566353.2385736492,4600842.149262917,15.97680303345122,834750
0403,AZ,NEI,87590.21267926926,257278.32805111978,0.8934201693285463,834750
0403,AZ,NHGRI,213318.12644229177,626578.3497413476,2.175844889711376,834750
0403,AZ,NHLBI,1354616.425481253,3978908.5839368766,13.81708753990878,834750
0403,AZ,NIA,7904250.072922231,23217117.31316165,80.62335074380674,834750
0403,AZ,NIAAA,168428.62139049315,494724.61342198745,1.7179719381830298,834750
0403,AZ,NIAID,1234313.5648017288,3625543.5456679338,12.589998360977633,834750
0403,AZ,NIAMS,122780.66450995459,360643.0800413272,1.2523627780015367,834750
0403,AZ,NIBIB,162715.42120195532,477943.25683696975,1.659697296259944,834750
0403,AZ,NICHD,679439.4141919732,1995714.2601700264,6.930282024758125,834750
0403,AZ,NIDA,521196.01693831553,1530906.6586674673,5.316199372770818,834750
0403,AZ,NIDCD,333375.57656599116,979222.5447156185,3.4004308809731096,834750
0403,AZ,NIDCR,261649.04166406844,768540.5242935518,2.668820224973498,834750
0403,AZ,NIDDK,731999.5980942298,2150099.0461271964,7.466395900561143,834750
0403,AZ,NIEHS,198556.95854830302,583220.4393118627,2.0252809771926907,834750
0403,AZ,NIGMS,1624824.3380127547,4772589.040186545,16.573208247730097,834750
0403,AZ,NIMH,351922.14299289335,1033699.2888111579,3.589605858527512,834750
0403,AZ,NIMHD,296667.5436448864,871400.2087821595,3.026008945177841,834750
0403,AZ,NINDS,622456.5955317745,1828338.889519672,6.349057274424099,834750
0403,AZ,NINR,65216.882003601895,191561.24696298476,0.6652121964367392,834750
0403,AZ,NLM,59267.54314638518,174086.28135468063,0.6045289400931287,834750
0403,AZ,OD,936144.2387497952,2749732.158342385,9.54867123524791,834750
0404,AZ,FIC,2999.873459713977,8811.514488568075,0.03059870928908256,793264
0404,AZ,NCATS,412066.1643442641,1210360.0455581709,4.203074876311494,793264
0404,AZ,NCCIH,209453.70175698464,615227.3929220521,2.136427757921243,793264
0404,AZ,NCI,3533986.222325713,10380361.444776408,36.046659467722264,793264
0404,AZ,NEI,232152.9907539338,681901.9098851382,2.3679605056901245,793264
0404,AZ,NHGRI,392959.6249790583,1154238.4955315376,4.008188174786394,793264
0404,AZ,NHLBI,2349441.0725480043,6901002.435205218,23.964298939989643,793264
0404,AZ,NIA,6037567.102659479,17734118.027051162,61.583184447126676,793264
0404,AZ,NIAAA,454507.4570021666,1335022.6588953089,4.635976061422099,793264
0404,AZ,NIAID,2281710.830301899,6702058.706784526,23.273450469079368,793264
0404,AZ,NIAMS,329210.53896687215,966988.5989699312,3.3579474974620958,793264
0404,AZ,NIBIB,449666.78501602693,1320804.1753782267,4.586601207163474,793264
0404,AZ,NICHD,1657146.276436783,4867528.120966667,16.902892019655184,793264
0404,AZ,NIDA,1220337.5189736192,3584491.7706643906,12.447442693530915,793264
0404,AZ,NIDCD,889183.9917186919,2611796.0411500433,9.069676715530656,793264
0404,AZ,NIDCR,280283.4729770081,823275.3535139316,2.858891424365482,793264
0404,AZ,NIDDK,1405554.3552789707,4128528.3303887974,14.336654423845498,793264
0404,AZ,NIEHS,330695.96258524875,971351.7269187464,3.3730988183695367,793264
0404,AZ,NIGMS,4179055.456548537,12275120.333714968,42.62636565679507,793264
0404,AZ,NIMH,935376.1492424697,2747476.0525721903,9.54083672227319,793264
0404,AZ,NIMHD,678897.344204688,1994122.040494455,6.9247529108878165,793264
0404,AZ,NINDS,1205793.3597688482,3541771.2788576796,12.29909226964225,793264
0404,AZ,NINR,82274.30776874766,241663.94505531926,0.8391979392412261,793264
0404,AZ,NLM,169564.72650753692,498061.68974664086,1.7295602103768764,793264
0404,AZ,OD,2292799.704555121,6734630.0060264245,23.386556986462228,793264
0405,AZ,FIC,2785.642968063282,8182.256252704638,0.028413558274245472,902036
0405,AZ,NCATS,264431.5144911942,776713.4689058901,2.6972014478101807,902036
0405,AZ,NCCIH,140805.9326268145,413588.61701313633,1.4362205127935077,902036
0405,AZ,NCI,2498848.6516315304,7339856.628715732,25.48825624664161,902036
0405,AZ,NEI,152753.37949843166,448681.7976503921,1.5580844708840027,902036
0405,AZ,NHGRI,237143.71868916435,696561.1520499656,2.418865930629476,902036
0405,AZ,NHLBI,1578371.806398727,4636144.233149018,16.099392425267013,902036
0405,AZ,NIA,4204920.109218142,12351092.45880645,42.890185114025044,902036
0405,AZ,NIAAA,305454.52892417484,897210.180148974,3.115636195026583,902036
0405,AZ,NIAID,1627364.0758677619,4780049.000483902,16.59911357385117,902036
0405,AZ,NIAMS,215109.08460521625,631838.9228998345,2.1941126629732057,902036
0405,AZ,NIBIB,298144.31882179494,875737.9337037059,3.041072051982308,902036
0405,AZ,NICHD,1107317.3997898244,3252518.295428988,11.294637477856208,902036
0405,AZ,NIDA,818163.3154954674,2403187.3361720303,8.345265818053766,902036
0405,AZ,NIDCD,583562.125346215,1714094.3414853315,5.952333678531392,902036
0405,AZ,NIDCR,192214.9614366071,564592.1204222073,1.960592606653392,902036
0405,AZ,NIDDK,945706.624291865,2777819.7093277043,9.646207567777022,902036
0405,AZ,NIEHS,233189.18419211294,684945.5160958966,2.3785296787595516,902036
0405,AZ,NIGMS,2723360.2762705754,7999313.589126163,27.778274817959865,902036
0405,AZ,NIMH,614737.8395426294,1805666.6231239561,6.27032596333482,902036
0405,AZ,NIMHD,496722.5111935524,1459020.7430273471,5.066569614174234,902036
0405,AZ,NINDS,852152.0903604799,2503022.4079487883,8.691951321676894,902036
0405,AZ,NINR,49318.55472581899,144863.16351597905,0.5030492582033537,902036
0405,AZ,NLM,109640.08659324594,322045.32108376245,1.1183288832511085,902036
0405,AZ,OD,1519661.9345520628,4463695.99713303,15.500551732431038,902036
0406,AZ,FIC,50972.330701742794,149720.79206878066,0.5199177731577764,833838
0406,AZ,NCATS,135858.20066398638,399055.6667199036,1.385753646772661,833838
0406,AZ,NCCIH,755802.7220154156,2220015.8523263177,7.709187764557238,833838
0406,AZ,NCI,12850185.969220668,37744792.02845376,131.0718968860508,833838
0406,AZ,NEI,1580495.2408225234,4642381.387296377,16.121051456389736,833838
0406,AZ,NHGRI,170792.81894656637,501668.96000824735,1.7420867532549769,833838
0406,AZ,NHLBI,15290928.614184579,44913974.15156105,155.9674718646827,833838
0406,AZ,NIA,24417003.11634742,71719950.73006204,249.05343178674366,833838
0406,AZ,NIAAA,330073.9778186549,969524.7739301916,3.3667545737502795,833838
0406,AZ,NIAID,9524121.16695831,27975157.21264209,97.14603590297475,833838
0406,AZ,NIAMS,1722844.4358202985,5060503.021759748,17.573013245367044,833838
0406,AZ,NIBIB,897287.8967257392,2635599.6039811186,9.15233654660254,833838
0406,AZ,NICHD,2024678.2086990254,5947077.971862361,20.65171772873006,833838
0406,AZ,NIDA,2695217.6547348914,7916650.396582164,27.49122007829589,833838
0406,AZ,NIDCD,1026761.8522243282,3015902.856797926,10.472970892688146,833838
0406,AZ,NIDCR,896185.3003998315,2632360.952874247,9.14109006407828,833838
0406,AZ,NIDDK,5114104.161499671,15021634.585679214,52.16386244729664,833838
0406,AZ,NIEHS,5991073.222367707,17597551.766733047,61.1089468681506,833838
0406,AZ,NIGMS,6744664.9579875525,19811073.298908792,68.79558257147303,833838
0406,AZ,NIMH,2368508.427617147,6957008.889379604,24.158785961694896,833838
0406,AZ,NIMHD,1242250.8208934404,3648857.6114079803,12.670958373113091,833838
0406,AZ,NINDS,5167685.827345337,15179019.765841352,52.71039543892243,833838
0406,AZ,NINR,1066506.9852632822,3132646.0529113384,10.878371249685477,833838
0406,AZ,NLM,233805.64960619187,686756.2571157446,2.384817625983157,833838
0406,AZ,OD,5646263.393423225,16584743.445199823,57.59188661291689,833838
0407,AZ,FIC,34153.26490415769,100318.2276107014,0.3483633020224084,813289
0407,AZ,NCATS,102875.61344438665,302176.06527709035,1.0493312571327438,813289
0407,AZ,NCCIH,520057.7819463737,1527563.3262710911,5.304589375853011,813289
0407,AZ,NCI,8581632.839974303,25206790.593165517,87.53265496773788,813289
0407,AZ,NEI,1059675.4789484197,3112579.9008950815,10.80868988527388,813289
0407,AZ,NHGRI,149478.45179219934,439062.3675910887,1.5246802082804332,813289
0407,AZ,NHLBI,10115325.21207825,29711698.12986167,103.17631716319814,813289
0407,AZ,NIA,17252589.420573123,50675951.39802692,175.97641208984584,813289
0407,AZ,NIAAA,245951.02524288098,722430.8130025092,2.508700457477386,813289
0407,AZ,NIAID,6638959.7030413635,19500585.74068861,67.7173889710219,813289
0407,AZ,NIAMS,1175340.8531471866,3452323.2714955388,11.988476702101302,813289
0407,AZ,NIBIB,574895.2780622882,1688637.2508986476,5.863931836235339,813289
0407,AZ,NICHD,1449200.8942039246,4256731.108031875,14.781849120880029,813289
0407,AZ,NIDA,1883844.8163221406,5533408.697451889,19.215217126485832,813289
0407,AZ,NIDCD,735280.9496842272,2159737.3450306794,7.499865686779117,813289
0407,AZ,NIDCR,607240.130870118,1783643.6379927115,6.193849334875203,813289
0407,AZ,NIDDK,3396950.110817813,9977845.905962974,34.64889113034169,813289
0407,AZ,NIEHS,4054784.9127377463,11910101.03806927,41.358806109925006,813289
0407,AZ,NIGMS,4773575.152510409,14021400.296872681,48.69046655560617,813289
0407,AZ,NIMH,1634285.1688537728,4800378.295016471,16.66970872230848,813289
0407,AZ,NIMHD,881927.0030054178,2590480.12164573,8.99565543065526,813289
0407,AZ,NINDS,3559989.4194333535,10456740.515807262,36.311892078220204,813289
0407,AZ,NINR,726214.7683780203,2133107.292460647,7.407390637455806,813289
0407,AZ,NLM,166444.82450780607,488897.615980622,1.6977372099796217,813289
0407,AZ,OD,4377227.507324256,12857210.185200233,44.64772057470741,813289
0408,AZ,FIC,1689.7006527820506,4963.149940581677,0.017234946658376913,815902
0408,AZ,NCATS,66255.32821927623,194611.47024669804,0.6758043478366175,815902
0408,AZ,NCCIH,58934.63859442346,173108.44234836445,0.6011333136631192,815902
0408,AZ,NCI,2777204.068222828,8157468.711093193,28.327481495872846,815902
0408,AZ,NEI,73376.5336801043,215528.55422934692,0.7484406435370637,815902
0408,AZ,NHGRI,171030.71716855356,502367.73735935753,1.744513315119246,815902
0408,AZ,NHLBI,1746159.1610191374,5128985.256642463,17.8108234423952,815902
0408,AZ,NIA,4956188.279824436,14557788.99417583,50.553120454209235,815902
0408,AZ,NIAAA,130523.92703390277,383387.3293687842,1.331344055745808,815902
0408,AZ,NIAID,1566969.7300524071,4602652.966842427,15.983091246534551,815902
0408,AZ,NIAMS,98513.06920651392,289361.9841915836,1.0048333059064418,815902
0408,AZ,NIBIB,134178.10550720483,394120.73095845815,1.3686166761734893,815902
0408,AZ,NICHD,626249.9042508686,1839480.9577391418,6.387749023358859,815902
0408,AZ,NIDA,378874.20260138914,1112865.4492930253,3.864516866534169,815902
0408,AZ,NIDCD,363092.7826443547,1066510.7571804968,3.703546382972417,815902
0408,AZ,NIDCR,333738.5871280696,980288.8139667097,3.4041335887063098,815902
0408,AZ,NIDDK,948899.3692310023,2787197.7443239517,9.678773566156222,815902
0408,AZ,NIEHS,206725.75691401982,607214.6131063025,2.108602720523002,815902
0408,AZ,NIGMS,1292912.1524138174,3797664.907014547,13.187703954620936,815902
0408,AZ,NIMH,259285.0556523925,761596.7990756752,2.6447075676544034,815902
0408,AZ,NIMHD,304399.5047683184,894111.2625579616,3.104874948636847,815902
0408,AZ,NINDS,641526.7942072661,1884353.6962058805,6.5435733009141135,815902
0408,AZ,NINR,68759.1214661403,201965.85061220362,0.701343038954631,815902
0408,AZ,NLM,41626.97298609438,122270.71591785566,0.4245951244581626,815902
0408,AZ,OD,640276.2193946904,1880680.3885720647,6.530817437825841,815902
0409,AZ,FIC,1157.0591730184012,3398.624576702753,0.01180200356478769,915903
0409,AZ,NCATS,49329.35784246622,144894.89546072175,0.5031594499931554,915903
0409,AZ,NCCIH,35587.77244268786,104531.7999928258,0.36299527891541616,915903
0409,AZ,NCI,968920.506419395,2846005.738321789,9.882989165477827,915903
0409,AZ,NEI,49120.89049306872,144282.56527603968,0.5010330830293009,915903
0409,AZ,NHGRI,127812.82862417288,375424.0325037402,1.3036908519665633,915903
0409,AZ,NHLBI,853024.395395106,2505584.6255070553,8.700848833030081,915903
0409,AZ,NIA,2831779.373784144,8317772.504613008,28.884149612598264,915903
0409,AZ,NIAAA,67362.89560083077,197864.72281241254,0.6871015351284738,915903
0409,AZ,NIAID,798170.7588464293,2344463.2916607284,8.141341740233578,915903
0409,AZ,NIAMS,63674.255992941275,187030.09869092598,0.649477411128001,915903
0409,AZ,NIBIB,68200.55623302741,200325.17952707928,0.6956456735768796,915903
0409,AZ,NICHD,340993.88381268166,1001599.7634830318,3.4781376148893526,915903
0409,AZ,NIDA,240305.2860513915,705847.6092932336,2.451113917724193,915903
0409,AZ,NIDCD,152603.58198775665,448241.7981126149,1.5565565362751177,915903
0409,AZ,NIDCR,154408.3496832626,453542.9339475133,1.5749651667692786,915903
0409,AZ,NIDDK,491654.1169431045,1444133.3719527503,5.014871992819665,915903
0409,AZ,NIEHS,136553.73863508741,401098.66719709383,1.3928481340778915,915903
0409,AZ,NIGMS,738452.2170244389,2169052.29397458,7.532212613649276,915903
0409,AZ,NIMH,162798.2372036173,478186.5118970013,1.6605420194768963,915903
0409,AZ,NIMHD,260031.84253614652,763790.3327478251,2.652324793868694,915903
0409,AZ,NINDS,336600.3159217583,988694.556764389,3.4333232224019343,915903
0409,AZ,NINR,31732.887623872524,93208.86457941303,0.3236754537634997,915903
0409,AZ,NLM,24112.94233128458,70826.834387334,0.24595201177910267,915903
0409,AZ,OD,427889.57123382844,1256838.0656941263,4.36447362658505,915903
0501,AR,FIC,3495.93032747058,9812.815976898008,0.030764186881741106,754656
0501,AR,NCATS,462777.38069229573,1298981.6299600117,4.0724409500922025,754656
0501,AR,NCCIH,4636.234834716996,13013.565774258097,0.04079886654550957,754656
0501,AR,NCI,2371217.587984297,6655831.110029375,20.866714774261816,754656
0501,AR,NEI,140443.31195194318,394213.9134013096,1.2359011451771,754656
0501,AR,NHGRI,39372.249343222895,110514.97061187959,0.3464757942203615,754656
0501,AR,NHLBI,746471.57095004,2095290.0863497977,6.568949824360352,754656
0501,AR,NIA,492720.4785775587,1383029.6749160227,4.335940211482517,754656
0501,AR,NIAAA,136090.13538715587,381994.87110245746,1.1975931914069717,754656
0501,AR,NIAID,1698679.992825241,4768068.185527303,14.948383936862122,754656
0501,AR,NIAMS,182490.1514927267,512236.25943656237,1.605913333135995,754656
0501,AR,NIBIB,85304.64987692572,239443.7968738471,0.7506809189169463,754656
0501,AR,NICHD,636992.5183319184,1787990.5420124677,5.6055341613208824,754656
0501,AR,NIDA,1183274.496615363,3321363.35618688,10.412815570215196,754656
0501,AR,NIDCD,101773.90006800763,285671.7551751526,0.8956103205984671,754656
0501,AR,NIDCR,286762.49511593586,804920.9595331884,2.5235099570202357,754656
0501,AR,NIDDK,576001.5605015539,1616793.4673049916,5.068813732413675,754656
0501,AR,NIEHS,86894.4181083502,243906.15785922017,0.7646708793534819,754656
0501,AR,NIGMS,2735291.8880836214,7677760.546299777,24.07056861513587,754656
0501,AR,NIMH,128365.67605478114,360312.88924086,1.1296179492820742,754656
0501,AR,NIMHD,514365.05972315953,1443784.4016363607,4.526412525563804,754656
0501,AR,NINDS,498039.7982110841,1397960.6088296433,4.38275022425754,754656
0501,AR,NINR,117454.125020885,329684.9784164401,1.033596300183788,754656
0501,AR,NLM,1029.9546267185247,2891.0059039580833,0.009063600715123018,754656
0501,AR,OD,1393679.3325570414,3911954.055183721,12.264378126501965,754656
0502,AR,FIC,27213.97628902354,76387.60395922138,0.23948299134340717,773214
0502,AR,NCATS,4327207.560342221,12146149.238106443,38.07942653101154,773214
0502,AR,NCCIH,22730.077913363726,63801.635276230816,0.2000246856376008,773214
0502,AR,NCI,5249972.104922398,14736280.56733202,46.199754523317104,773214
0502,AR,NEI,222475.39222680085,624471.851213738,1.9577834515958477,773214
0502,AR,NHGRI,4739.812235018018,13304.299820223714,0.041710347668158565,773214
0502,AR,NHLBI,2383957.054123775,6691589.842372611,20.978822076289223,773214
0502,AR,NIA,1708448.0716185966,4795486.454963007,15.034343030243651,773214
0502,AR,NIAAA,735103.5364364597,2063380.860406642,6.468911120640846,773214
0502,AR,NIAID,4781437.820398965,13421139.737216402,42.07665281951089,773214
0502,AR,NIAMS,862003.7580095582,2419580.3280960843,7.585633070484112,773214
0502,AR,NIBIB,307038.42405426665,861833.9814744631,2.701938131677547,773214
0502,AR,NICHD,1158507.2899187708,3251843.652185427,10.194864151285183,773214
0502,AR,NIDA,9011273.62881406,25293973.722012185,79.29920793356374,773214
0502,AR,NIDCD,493833.8409117336,1386154.8000408055,4.345737800023256,773214
0502,AR,NIDCR,735124.529841326,2063439.7873300598,6.469095862603669,773214
0502,AR,NIDDK,2885655.879584449,8099821.068088564,25.39377174034315,773214
0502,AR,NIEHS,374951.39120900194,1052460.6206548586,3.299572242639217,773214
0502,AR,NIGMS,19581489.790562436,54963782.990298554,172.31711015694944,773214
0502,AR,NIMH,513836.9369868919,1442302.0004616326,4.521765045484649,773214
0502,AR,NIMHD,4649973.373888586,13052128.830169955,40.919765690219556,773214
0502,AR,NINDS,604498.5056447244,1696782.2692546041,5.319586849673574,773214
0502,AR,NINR,883918.6976973475,2481093.9311022083,7.778484539736659,773214
0502,AR,NLM,1560.5291311471685,4380.289009253595,0.013732656354095084,773214
0502,AR,OD,11935680.259944752,33502565.262699068,105.03398628751383,773214
0503,AR,FIC,1114.104158980292,3127.2073717442613,0.00980411659902657,816102
0503,AR,NCATS,107755.3842538668,302461.3356548727,0.9482473814340279,816102
0503,AR,NCCIH,1907.6638614320636,5354.670335079507,0.016787441980602162,816102
0503,AR,NCI,1187497.765809321,3333217.7581741177,10.449980339122027,816102
0503,AR,NEI,21102.797709145154,59233.9809779258,0.18570461984047737,816102
0503,AR,NHGRI,3063.484981996269,8598.974110010515,0.02695866784156717,816102
0503,AR,NHLBI,483177.5384812175,1356243.3530296504,4.251962338634715,816102
0503,AR,NIA,558141.1746076046,1566660.6947275368,4.911642336546921,816102
0503,AR,NIAAA,66451.36214370524,186524.022806308,0.5847719868646061,816102
0503,AR,NIAID,507953.77756531315,1425788.410269898,4.469993242574756,816102
0503,AR,NIAMS,439768.45217054116,1234397.281800837,3.8699623791007625,816102
0503,AR,NIBIB,904592.6933627606,2539124.2966898056,7.960415701592294,816102
0503,AR,NICHD,351636.01926805795,987016.1086485363,3.09439696955891,816102
0503,AR,NIDA,443354.05797627417,1244461.8101642535,3.901515710191213,816102
0503,AR,NIDCD,23412.303402853264,65716.59139835517,0.20602826994510873,816102
0503,AR,NIDCR,307782.0571302543,863921.3041169258,2.708482102746238,816102
0503,AR,NIDDK,477539.8231404201,1340418.7060866987,4.202350443635697,816102
0503,AR,NIEHS,274991.92450335226,771881.8447497034,2.4199289356295,816102
0503,AR,NIGMS,4262113.707334468,11963435.642308189,37.506600624543324,816102
0503,AR,NIMH,113438.31311287591,318412.8935749665,0.9982571553933081,816102
0503,AR,NIMHD,264929.6350056504,743637.7477860596,2.3313807880497235,816102
0503,AR,NINDS,378406.26106566325,1062158.1829492648,3.3299750973778366,816102
0503,AR,NINR,123219.18847075534,345867.082013925,1.0843288585426472,816102
0503,AR,NLM,9662.945050375043,27123.166851787242,0.08503391644330038,816102
0503,AR,OD,490044.28850715986,1375517.8087687856,4.312389738863007,816102
0504,AR,FIC,4501.970278831066,12636.695168807033,0.03961733845371338,744382
0504,AR,NCATS,659589.321561066,1851418.0851792777,5.804386029737381,744382
0504,AR,NCCIH,4173.446919497278,11714.554574664448,0.03672633289157605,744382
0504,AR,NCI,875170.8494839915,2456539.372895779,7.701503475459126,744382
0504,AR,NEI,39602.65954961738,111161.71489530588,0.348503404036633,744382
0504,AR,NHGRI,6006.628004140166,16860.157304380846,0.05285832643643346,744382
0504,AR,NHLBI,419358.1644197361,1177107.1246828898,3.6903518468936776,744382
0504,AR,NIA,285549.44473011466,801516.0174743512,2.5128351136250093,744382
0504,AR,NIAAA,113830.11004882121,319512.63838467654,1.0017049684296266,744382
0504,AR,NIAID,741822.5764966104,2082240.705276425,6.528038673170172,744382
0504,AR,NIAMS,141263.1456623707,396515.1255475778,1.2431156818288622,744382
0504,AR,NIBIB,59167.56699479989,166078.9524775338,0.5206745895542391,744382
0504,AR,NICHD,189369.47531532825,531546.0088861523,1.6664513827748888,744382
0504,AR,NIDA,1806834.6058443184,5071650.12658295,15.900144531430003,744382
0504,AR,NIDCD,80548.7674705478,226094.38927986924,0.7088291537408207,744382
0504,AR,NIDCR,139279.13697118597,390946.1609631925,1.2256564053464367,744382
0504,AR,NIDDK,483783.3716039178,1357943.881469549,4.257293670114477,744382
0504,AR,NIEHS,65346.94757640234,183424.01339651234,0.5750531386723406,744382
0504,AR,NIGMS,3052164.8345837435,8567199.299592355,26.859050544336945,744382
0504,AR,NIMH,94662.81679668624,265711.47421944985,0.8330327878108389,744382
0504,AR,NIMHD,706982.6232247865,1984447.5520737711,6.221447084378122,744382
0504,AR,NINDS,119133.36239382019,334398.4726164418,1.0483735890656178,744382
0504,AR,NINR,129627.51447590553,363854.77568000765,1.1407221273879686,744382
0504,AR,NLM,884.6183321248812,2483.0577528164295,0.007784641322698955,744382
0504,AR,OD,1819295.5457700512,5106627.056594845,16.00980080277645,744382
0601,CA,FIC,13828.340805958136,37105.436916523264,0.12168939909243161,759259
0601,CA,NCATS,310849.1177162665,834098.0664150374,2.735472235903145,759259
0601,CA,NCCIH,31977.80100758534,85805.68664498419,0.28140464886675104,759259
0601,CA,NCI,1772000.5245924161,4754789.7903254125,15.593604616413263,759259
0601,CA,NEI,443650.33298665314,1190442.1271233049,3.904122930282548,759259
0601,CA,NHGRI,226731.50358436318,608386.1846688945,1.995237231542396,759259
0601,CA,NHLBI,1115856.4309348427,2994165.4596847915,9.819536592226616,759259
0601,CA,NIA,1935033.260550491,5192253.762634663,17.02829269284432,759259
0601,CA,NIAAA,112617.24929555402,302184.64370274247,0.9910317938008755,759259
0601,CA,NIAID,1466756.1016913878,3935730.7407252905,12.907453694884213,759259
0601,CA,NIAMS,176883.03137944685,474628.3198072158,1.5565706761391325,759259
0601,CA,NIBIB,279433.10749827255,749799.826903153,2.4590113459847984,759259
0601,CA,NICHD,559730.8643201995,1501919.7579593614,4.925631606017755,759259
0601,CA,NIDA,264265.74116573407,709101.3973128641,2.32553852225846,759259
0601,CA,NIDCD,98299.72839054275,263766.5951315792,0.8650376098367762,759259
0601,CA,NIDCR,126583.30485121101,339659.60911361873,1.113933082690657,759259
0601,CA,NIDDK,582167.5310568089,1562123.8224884633,5.123074273299919,759259
0601,CA,NIEHS,311466.33955559076,835754.2510827366,2.7409037880891987,759259
0601,CA,NIGMS,1516544.7902834588,4069328.1888669734,13.345594154494439,759259
0601,CA,NIMH,985622.8998975871,2644711.238232796,8.673481519098766,759259
0601,CA,NIMHD,51739.01928026792,138830.7493260211,0.45530336966635776,759259
0601,CA,NINDS,1022182.7027388932,2742811.760706477,8.995207784102261,759259
0601,CA,NINR,28683.54936910224,76966.25694954151,0.2524152344480997,759259
0601,CA,NLM,24543.660713892285,65857.7386180337,0.21598421428225212,759259
0601,CA,OD,1683368.4680779018,4516964.354293055,14.813642519085537,759259
0602,CA,FIC,117934.95874586003,316453.59580028645,1.0378276369635684,752654
0602,CA,NCATS,1110927.492586927,2980939.6928700763,9.776161934764959,752654
0602,CA,NCCIH,338709.2633316033,908854.8930018989,2.9806415173181096,752654
0602,CA,NCI,9395804.899351098,25211661.389095783,82.68308311428966,752654
0602,CA,NEI,2098387.577052341,5630580.628529489,18.4658106780606,752654
0602,CA,NHGRI,1243139.5226593413,3335702.799326327,10.939627799402205,752654
0602,CA,NHLBI,5822073.170784426,15622305.798888344,51.23424390290295,752654
0602,CA,NIA,21324708.802850097,57220359.86460906,187.65743746508087,752654
0602,CA,NIAAA,889789.7595079349,2387563.211933905,7.830149883669828,752654
0602,CA,NIAID,9898733.557506926,26561164.40327318,87.10885530606096,752654
0602,CA,NIAMS,1271497.783637963,3411796.2134654387,11.189180496014075,752654
0602,CA,NIBIB,844290.4309821402,2265475.357140029,7.429755792642834,752654
0602,CA,NICHD,2164721.389900082,5808573.429154839,19.04954823112072,752654
0602,CA,NIDA,2188453.4570349255,5872253.42752393,19.258390421907347,752654
0602,CA,NIDCD,637173.9557420996,1709721.9653028299,5.607130810530476,752654
0602,CA,NIDCR,1280694.1875749305,3436472.8244146705,11.270108850659389,752654
0602,CA,NIDDK,4135241.698872712,11096049.203964233,36.39012695007987,752654
0602,CA,NIEHS,726645.416723222,1949799.7662371108,6.394479667164354,752654
0602,CA,NIGMS,6478635.501328402,17384052.38003048,57.011992411689945,752654
0602,CA,NIMH,4660611.506787705,12505768.311916538,41.01338125973181,752654
0602,CA,NIMHD,567010.4243438296,1521452.9224240724,4.989691734225701,752654
0602,CA,NINDS,6139070.081536925,16472900.171684802,54.023816717524944,752654
0602,CA,NINR,140653.28540121592,377413.4353347641,1.2377489115307,752654
0602,CA,NLM,167298.09787388542,448909.1716801721,1.4722232612901918,752654
0602,CA,OD,6403354.286296843,17182051.1121597,56.34951771941222,752654
0603,CA,FIC,32447.741243532128,87066.6721836069,0.28554012294308273,807351
0603,CA,NCATS,724499.015938417,1944040.3522889211,6.375591340258071,807351
0603,CA,NCCIH,68169.55917962085,182918.63884904882,0.5998921207806635,807351
0603,CA,NCI,4330337.099949529,11619546.577867586,38.10696647955586,807351
0603,CA,NEI,1004775.8739632942,2696104.205829653,8.84202769087699,807351
0603,CA,NHGRI,358666.8840330396,962406.9601900298,3.156268579490749,807351
0603,CA,NHLBI,2549435.263041432,6840871.992740077,22.435030314764603,807351
0603,CA,NIA,4954259.863140353,13293711.76190652,43.597486795635106,807351
0603,CA,NIAAA,247494.19412135618,664098.4870158071,2.1779489082679344,807351
0603,CA,NIAID,3258087.6656983593,8742391.299467009,28.67117145814556,807351
0603,CA,NIAMS,402837.40706234315,1080929.2456060422,3.54496918214862,807351
0603,CA,NIBIB,644654.2239203091,1729793.6877820473,5.67295717049872,807351
0603,CA,NICHD,1287855.5826564685,3455688.918171762,11.333129127376923,807351
0603,CA,NIDA,655310.7516164079,1758388.2329791405,5.76673461422439,807351
0603,CA,NIDCD,224468.31543746663,602313.3964585613,1.9753211758497065,807351
0603,CA,NIDCR,309669.09489371814,830931.7239726194,2.72508803506472,807351
0603,CA,NIDDK,1332859.8157055927,3576448.2886423897,11.729166378209216,807351
0603,CA,NIEHS,764610.820345738,2051671.922043297,6.728575219042495,807351
0603,CA,NIGMS,3331507.088785152,8939396.841203494,29.317262381309337,807351
0603,CA,NIMH,2238395.790743784,6006263.149941211,19.6978829585453,807351
0603,CA,NIMHD,121470.22875843738,325939.74748509633,1.068938013074249,807351
0603,CA,NINDS,2311732.004001355,6203045.415645353,20.343241635211925,807351
0603,CA,NINR,68592.54833759619,184053.64106933435,0.6036144253708465,807351
0603,CA,NLM,36797.92511003959,98739.47337494158,0.3238217409683484,807351
0603,CA,OD,3987519.4478307473,10699667.689788453,35.09017114091058,807351
0604,CA,FIC,145760.500370655,391117.5698746066,1.2826924032617641,760875
0604,CA,NCATS,3582480.997403853,9612832.408392586,31.52583277715391,760875
0604,CA,NCCIH,268564.29554053117,720635.6616490132,2.3633658007566742,760875
0604,CA,NCI,15475483.840989301,41525197.959186174,136.18425780070586,760875
0604,CA,NEI,4881578.3624199005,13098686.279252881,42.95788958929513,760875
0604,CA,NHGRI,629386.7197931629,1688826.55953348,5.538603134179834,760875
0604,CA,NHLBI,10881320.317664295,29197728.800667927,95.7556187954458,760875
0604,CA,NIA,22627875.085938375,60717131.81920523,199.1253007562577,760875
0604,CA,NIAAA,502395.50300960307,1348072.4047555872,4.421080426484507,760875
0604,CA,NIAID,12963829.713604283,34785703.67801722,114.0817014797177,760875
0604,CA,NIAMS,1723591.5679623345,4624894.561994167,15.167605798068545,760875
0604,CA,NIBIB,3169303.858738361,8504158.673110016,27.889873956897578,760875
0604,CA,NICHD,5934575.668506339,15924182.530938014,52.22426588285579,760875
0604,CA,NIDA,2717513.201667551,7291873.702653359,23.91411617467445,760875
0604,CA,NIDCD,799694.3392727915,2145811.147900136,7.037310185600566,760875
0604,CA,NIDCR,1121956.5465904537,3010533.83386785,9.873217609995994,760875
0604,CA,NIDDK,5183300.855808265,13908294.973586932,45.613047531112734,760875
0604,CA,NIEHS,3952905.8495018207,10606789.396776287,34.785571475616024,760875
0604,CA,NIGMS,14172252.673688298,38028251.90148567,124.71582352845702,760875
0604,CA,NIMH,10982515.246882312,29469264.056781467,96.64613417256435,760875
0604,CA,NIMHD,289242.4020498194,776121.0005916979,2.5453331380384108,760875
0604,CA,NINDS,10353248.343097499,27780758.99824379,91.10858541925799,760875
0604,CA,NINR,289996.7276862883,778145.074391387,2.5519712036393374,760875
0604,CA,NLM,65305.729686374034,175234.15622799835,0.5746904212400915,760875
0604,CA,OD,20100724.48561484,53936056.02025933,176.8863754734106,760875
0605,CA,FIC,28900.537762029548,77548.49955104818,0.25432473230586006,772810
0605,CA,NCATS,471257.54449654254,1264520.258368085,4.147066391569575,772810
0605,CA,NCCIH,68607.50250933306,184093.76743617817,0.603746022082131,772810
0605,CA,NCI,3238704.573917005,8690380.859499378,28.50060025046965,772810
0605,CA,NEI,698462.9100015871,1874177.95158972,6.146473608013967,772810
0605,CA,NHGRI,580299.2148815444,1557110.589957231,5.10663309095759,772810
0605,CA,NHLBI,2048340.0522451517,5496288.647978853,18.025392459757335,772810
0605,CA,NIA,3446719.428900416,9248544.863959052,30.331130974323663,772810
0605,CA,NIAAA,314072.0482477704,842746.1209575989,2.7638340245803796,772810
0605,CA,NIAID,3113006.1970858076,8353095.768144834,27.39445453435511,772810
0605,CA,NIAMS,360518.8416048085,967376.2978579112,3.172565806122315,772810
0605,CA,NIBIB,457290.6291504245,1227042.985890789,4.024157536523735,772810
0605,CA,NICHD,925690.6457230865,2483895.670570564,8.146077682363162,772810
0605,CA,NIDA,675696.0253354671,1813087.8168715697,5.946125022952111,772810
0605,CA,NIDCD,225601.94014483065,605355.2393416918,1.9852970732745099,772810
0605,CA,NIDCR,315300.32887044025,846041.9530317279,2.774642894059874,772810
0605,CA,NIDDK,1166248.2848177294,3129381.374710004,10.262984906396019,772810
0605,CA,NIEHS,430342.1921205428,1154732.5370638163,3.787011290660777,772810
0605,CA,NIGMS,3378890.6406185115,9066540.61196419,29.734237637442902,772810
0605,CA,NIMH,1624534.211822277,4359095.032538774,14.295901064036038,772810
0605,CA,NIMHD,215623.95643972157,578581.4238768242,1.8974908166695499,772810
0605,CA,NINDS,1927196.208278425,5171224.685265717,16.959326632850143,772810
0605,CA,NINR,54539.025925421214,146343.97679093984,0.4799434281437067,772810
0605,CA,NLM,59169.867352623565,158769.86337116096,0.5206948327030874,772810
0605,CA,OD,2384655.422466975,6398720.033561007,20.98496771770938,772810
0606,CA,FIC,41754.423114448524,112039.19071704148,0.367438923407147,761692
0606,CA,NCATS,1162417.8119689873,3119103.1084563825,10.22927674532709,761692
0606,CA,NCCIH,95381.18600412975,255935.3019976562,0.8393544368363418,761692
0606,CA,NCI,5840013.519987371,15670444.943341846,51.39211897588886,761692
0606,CA,NEI,1566382.3088320424,4203056.661901407,13.784164317721974,761692
0606,CA,NHGRI,641190.5105725207,1720499.5433198349,5.642476493038182,761692
0606,CA,NHLBI,3971567.0622595465,10656862.82658858,34.94979014788401,761692
0606,CA,NIA,6607836.747685038,17730736.683194075,58.148963379628334,761692
0606,CA,NIAAA,261876.14551577144,702689.4212204407,2.3045100805387886,761692
0606,CA,NIAID,4590021.687137816,12316355.414395297,40.39219084681278,761692
0606,CA,NIAMS,617983.8931013715,1658229.478334844,5.438258259292069,761692
0606,CA,NIBIB,1059617.0902235776,2843259.0466688797,9.3246303939674835,761692
0606,CA,NICHD,2064861.8775801184,5540621.482721274,18.17078452270504,761692
0606,CA,NIDA,837897.4710584474,2248321.197108318,7.373497745314337,761692
0606,CA,NIDCD,346692.27552858304,930275.6230544327,3.0508920246515308,761692
0606,CA,NIDCR,398960.5246175832,1070526.4489867373,3.5108526166347325,761692
0606,CA,NIDDK,1937299.8070417065,5198335.562253886,17.048238301967018,761692
0606,CA,NIEHS,1176211.6304245621,3156115.911924517,10.350662347736147,761692
0606,CA,NIGMS,5059801.138069402,13576909.520330433,44.526250015010746,761692
0606,CA,NIMH,3476783.6971840095,9329215.988997975,30.595696535219286,761692
0606,CA,NIMHD,144958.95364089523,388966.7882274019,1.275638792039878,761692
0606,CA,NINDS,3467806.948647967,9305128.777003888,30.51670114810211,761692
0606,CA,NINR,102302.70210372409,274507.73108398163,0.9002637785127721,761692
0606,CA,NLM,74690.66978741727,200416.66422162316,0.657277894129272,761692
0606,CA,OD,6428432.8992986325,17249344.2824503,56.57020951382797,761692
0607,CA,FIC,55984.45831136858,150222.48983646452,0.4926632331400435,764481
0607,CA,NCATS,1415196.2387959606,3797380.719783765,12.453726901404453,764481
0607,CA,NCCIH,102515.95382370143,275079.9471114859,0.9021403936485727,764481
0607,CA,NCI,6911827.83243064,18546432.66411417,60.824084925389634,764481
0607,CA,NEI,1847435.0028475765,4957202.307741941,16.257428025058672,764481
0607,CA,NHGRI,283974.1270207132,761984.6953404439,2.4989723177822762,764481
0607,CA,NHLBI,4553191.288008766,12217528.803837325,40.068083334477144,764481
0607,CA,NIA,8326044.482677321,22341184.864567272,73.26919144756043,764481
0607,CA,NIAAA,265273.72093152005,711806.0984868754,2.3344087441973764,764481
0607,CA,NIAID,5325149.257004599,14288915.250173729,46.86131346164048,764481
0607,CA,NIAMS,647012.9501592825,1736122.8323187416,5.693713961401687,764481
0607,CA,NIBIB,1248619.810768422,3350407.9969757986,10.987854334762114,764481
0607,CA,NICHD,2424829.5152013367,6506518.740907815,21.338499733771766,764481
0607,CA,NIDA,827332.4608660808,2219972.2198364837,7.280525655621512,764481
0607,CA,NIDCD,333261.6726742303,894237.4320699914,2.9327027195332267,764481
0607,CA,NIDCR,466221.9220487609,1251008.2272651864,4.102752914029097,764481
0607,CA,NIDDK,2032679.2228787313,5454266.114381347,17.887577161332835,764481
0607,CA,NIEHS,1589718.4960347759,4265674.399941976,13.989522765106027,764481
0607,CA,NIGMS,5730141.097349872,15375625.463243067,50.42524165667888,764481
0607,CA,NIMH,4206124.281787416,11286247.669978939,37.013893679729264,764481
0607,CA,NIMHD,140437.36074683905,376834.0470513736,1.2358487745721838,764481
0607,CA,NINDS,3899012.3652358297,10462177.594919208,34.3113088140753,764481
0607,CA,NINR,117770.68598795391,316012.804490532,1.0363820366939944,764481
0607,CA,NLM,23744.678059370028,63713.837126106475,0.20895316692245625,764481
0607,CA,OD,7805216.691805151,20943653.30168789,68.68590688788534,764481
0608,CA,FIC,257068.39864931355,689788.8461936014,2.2622019081139593,748589
0608,CA,NCATS,1885490.1808878428,5059315.354269675,16.592313591813017,748589
0608,CA,NCCIH,521246.73012255784,1398655.6980265642,4.586971225078509,748589
0608,CA,NCI,19108344.27197172,51273212.95533609,168.15342959335115,748589
0608,CA,NEI,4346999.803931082,11664257.430754565,38.25359827459352,748589
0608,CA,NHGRI,2793237.5939693726,7495064.143287181,24.58049082693048,748589
0608,CA,NHLBI,10073263.46025478,27029478.598542877,88.64471845024207,748589
0608,CA,NIA,22563785.066011425,60545159.76379035,198.56130858090054,748589
0608,CA,NIAAA,1667229.0409046519,4473657.604390867,14.671615559960937,748589
0608,CA,NIAID,18804950.74159905,50459120.38558441,165.48356652607166,748589
0608,CA,NIAMS,2000530.7445529099,5368002.451139332,17.604670552065606,748589
0608,CA,NIBIB,1873317.7206300814,5026653.123670134,16.485195941544717,748589
0608,CA,NICHD,4488231.5201275395,12043222.96316913,39.49643737712235,748589
0608,CA,NIDA,3901171.403666443,10467970.919325342,34.3303083522647,748589
0608,CA,NIDCD,1240456.3715366635,3328503.129017571,10.91601606952264,748589
0608,CA,NIDCR,2130147.531399012,5715801.769591785,18.745298276311306,748589
0608,CA,NIDDK,7731836.903459478,20746754.111422412,68.04016475044341,748589
0608,CA,NIEHS,2521588.9815406217,6766152.367581368,22.18998303755747,748589
0608,CA,NIGMS,17130419.876758374,45965869.87621416,150.7476949154737,748589
0608,CA,NIMH,8676289.30013541,23280992.984853897,76.3513458411916,748589
0608,CA,NIMHD,1067761.2210231537,2865112.104520432,9.396298745003753,748589
0608,CA,NINDS,11283502.385881824,30276899.58265882,99.29482099576006,748589
0608,CA,NINR,297741.52932822827,798926.6166449718,2.620125458088409,748589
0608,CA,NLM,282764.07824796194,758737.7845914774,2.488323888582065,748589
0608,CA,OD,9725972.241797935,26097595.838424567,85.58855572782183,748589
0609,CA,FIC,27147.73756488047,72845.22979112428,0.23890009057094816,784710
0609,CA,NCATS,592667.3897542198,1590297.9794604497,5.215473029837135,784710
0609,CA,NCCIH,91075.15656032448,244380.97988990444,0.8014613777308555,784710
0609,CA,NCI,4762174.462798481,12778291.090331843,41.90713527262663,784710
0609,CA,NEI,900943.4200950755,2417491.708426133,7.928302096836664,784710
0609,CA,NHGRI,952301.2861303193,2555299.713383381,8.380251317946811,784710
0609,CA,NHLBI,2940933.1392952423,7891373.998304588,25.880211625798133,784710
0609,CA,NIA,4035502.4987528757,10828420.089952486,35.512421989025306,784710
0609,CA,NIAAA,420780.25658069295,1129075.0991287539,3.702866257910098,784710
0609,CA,NIAID,3982624.637758063,10686533.499004545,35.04709681227096,784710
0609,CA,NIAMS,492335.33470790903,1321078.0642539938,4.3325509454296,784710
0609,CA,NIBIB,531126.7934390325,1425166.764774554,4.673915782263486,784710
0609,CA,NICHD,1174353.2187899053,3151129.256139682,10.334308325351167,784710
0609,CA,NIDA,1044364.9226763318,2802333.0708988346,9.190411319551721,784710
0609,CA,NIDCD,316567.4465006224,849441.996026928,2.785793529205477,784710
0609,CA,NIDCR,555603.682839509,1490845.3366514326,4.88931240898768,784710
0609,CA,NIDDK,1749122.4909310907,4693401.410713837,15.3922779201936,784710
0609,CA,NIEHS,398577.5788687648,1069498.8948119725,3.5074826940451302,784710
0609,CA,NIGMS,3945541.9621994514,10587029.957839064,34.72076926735517,784710
0609,CA,NIMH,1948050.1053393518,5227181.7210891675,17.142840926986295,784710
0609,CA,NIMHD,250017.35213969686,670868.849562818,2.2001526988293323,784710
0609,CA,NINDS,2637516.372964737,7077219.0797592485,23.210144082089688,784710
0609,CA,NINR,68988.0889675487,185114.99095205497,0.6070951829144285,784710
0609,CA,NLM,122050.91357782405,327497.89276344026,1.0740480394848517,784710
0609,CA,OD,2969491.9543973245,7968005.557148175,26.131529198696455,784710
0610,CA,FIC,175128.2960217145,469919.85745188553,1.5411290049910875,773816
0610,CA,NCATS,1335877.4223384496,3584545.3997944454,11.755721316578358,773816
0610,CA,NCCIH,339162.53015871707,910071.1389634227,2.9846302653967105,773816
0610,CA,NCI,17720240.25055885,47548528.48864176,155.9381142049179,773816
0610,CA,NEI,2715129.7179976664,7285478.126770794,23.893141518379466,773816
0610,CA,NHGRI,1793655.5621936047,4812896.517872193,15.784168947303721,773816
0610,CA,NHLBI,7725632.362260688,20730105.533311833,67.98556478789406,773816
0610,CA,NIA,16553902.053923441,44418905.854526475,145.67433807452628,773816
0610,CA,NIAAA,1770310.260178821,4750254.3221553,15.578730289573626,773816
0610,CA,NIAID,13154219.955967337,35296575.750571296,115.75713561251257,773816
0610,CA,NIAMS,1366488.8297327575,3666684.657275436,12.025101701648266,773816
0610,CA,NIBIB,1296960.4166340686,3480119.8204420977,11.413251666379804,773816
0610,CA,NICHD,3054246.490339308,8195426.484279901,26.87736911498591,773816
0610,CA,NIDA,3142839.2808290194,8433146.558213744,27.656985671295374,773816
0610,CA,NIDCD,814480.2225653925,2185485.9481865373,7.167425958575454,773816
0610,CA,NIDCR,1588226.3179519668,4261670.454675019,13.976391597977308,773816
0610,CA,NIDDK,5356281.935923684,14372453.229883974,47.135281036128426,773816
0610,CA,NIEHS,1446870.2634953316,3882371.286755366,12.732458318758919,773816
0610,CA,NIGMS,11568414.175052764,31041400.296678036,101.80204474046432,773816
0610,CA,NIMH,5820492.566994491,15618064.581880432,51.22033458955153,773816
0610,CA,NIMHD,845705.3409668461,2269271.969757317,7.442207000508246,773816
0610,CA,NINDS,7873179.941296363,21126018.351987455,69.283983483408,773816
0610,CA,NINR,217095.7447608315,582530.657517341,1.9104425538953174,773816
0610,CA,NLM,183168.0898831206,491492.9491287786,1.6118791909714616,773816
0610,CA,OD,6473994.067968036,17371598.072230868,56.97114779811872,773816
0611,CA,FIC,788779.525238264,2116523.545772248,6.941259822096724,729775
0611,CA,NCATS,6115517.926586931,16409702.929730171,53.81655775396499,729775
0611,CA,NCCIH,1968153.4139652979,5281124.711105153,17.319750042894622,729775
0611,CA,NCI,52494769.6559205,140858646.11291057,461.9539729721004,729775
0611,CA,NEI,9496964.571832445,25483102.041190173,83.57328823212552,729775
0611,CA,NHGRI,5130697.565213897,13767145.134416794,45.1501385738823,729775
0611,CA,NHLBI,32597835.83600849,87469419.3758256,286.86095535687474,729775
0611,CA,NIA,72059365.68025014,193356114.44730672,634.1224179862013,729775
0611,CA,NIAAA,5404357.144594723,14501452.915936211,47.55834287243357,729775
0611,CA,NIAID,57219639.56439287,153536838.2971864,503.5328281666573,729775
0611,CA,NIAMS,7411270.433160382,19886581.57820638,65.21917981181137,729775
0611,CA,NIBIB,3876289.2652011723,10401204.94702782,34.11134553377032,729775
0611,CA,NICHD,10867716.294802934,29161225.273659416,95.63590339426582,729775
0611,CA,NIDA,9997634.81111808,26826545.064505693,87.9791863378391,729775
0611,CA,NIDCD,3598947.799275651,9657017.599273015,31.67074063362573,729775
0611,CA,NIDCR,7674383.862467477,20592590.98960576,67.5345779897138,729775
0611,CA,NIDDK,20572353.175027486,55201572.16775573,181.03670794024188,729775
0611,CA,NIEHS,3006320.5362520916,8066827.291433772,26.45562071901841,729775
0611,CA,NIGMS,27714493.399780296,74365999.57645428,243.8875419180666,729775
0611,CA,NIMH,22316155.070759255,59880696.88307299,196.38216462268144,729775
0611,CA,NIMHD,3499176.3800608795,9389302.032113243,30.79275214453574,729775
0611,CA,NINDS,32746189.270871345,87867494.5387028,288.16646558366784,729775
0611,CA,NINR,748938.6983738168,2009619.0871199183,6.590660545689588,729775
0611,CA,NLM,744919.5805932424,1998834.6319665622,6.555292309220533,729775
0611,CA,OD,20156955.21367666,54086939.323046386,177.38120588035463,729775
0612,CA,FIC,499115.82132394274,1339272.0704565432,4.392219227650696,756336
0612,CA,NCATS,2329865.2705059364,6251702.213002152,20.50281438045224,756336
0612,CA,NCCIH,828951.692363466,2224317.0861528814,7.294774892798501,756336
0612,CA,NCI,37332587.45123771,100174127.03667513,328.5267695708919,756336
0612,CA,NEI,7503533.125799155,20134149.060776778,66.03109150703257,756336
0612,CA,NHGRI,5035257.506441648,13511051.85975892,44.31026605668651,756336
0612,CA,NHLBI,15308760.716402942,41077831.60709285,134.7170943043459,756336
0612,CA,NIA,37397889.64838553,100349351.71408075,329.1014289057927,756336
0612,CA,NIAAA,3553826.2827070393,9535943.523206484,31.273671287821948,756336
0612,CA,NIAID,33023742.570924524,88612250.29867502,290.6089346241358,756336
0612,CA,NIAMS,3037578.6224757573,8150701.775204359,26.730691877786665,756336
0612,CA,NIBIB,2853650.1907831156,7657168.609143985,25.11212167889142,756336
0612,CA,NICHD,7552692.892220672,20266058.928878862,66.46369745154192,756336
0612,CA,NIDA,6513202.379732088,17476805.30997392,57.31618094164238,756336
0612,CA,NIDCD,2089747.505221403,5607396.817486955,18.389778045948347,756336
0612,CA,NIDCR,3830544.4598160656,10278458.406839544,33.70879124638138,756336
0612,CA,NIDDK,12900121.762894798,34614756.82479003,113.52107151347423,756336
0612,CA,NIEHS,4346032.93022797,11661663.029032731,38.24508978600613,756336
0612,CA,NIGMS,31701749.10476269,85064959.56791803,278.9753921219117,756336
0612,CA,NIMH,14693958.290157266,39428138.92426894,129.30683295338395,756336
0612,CA,NIMHD,1985754.4909880918,5328353.490197056,17.47463952069521,756336
0612,CA,NINDS,18943487.87034814,50830855.560724206,166.70269325906364,756336
0612,CA,NINR,527472.6302856843,1415361.5884145075,4.641759146514022,756336
0612,CA,NLM,433955.9114877665,1164429.191051167,3.818812021092345,756336
0612,CA,OD,14273723.363297772,38300527.102466986,125.6087655970204,756336
0613,CA,FIC,14686.11554447592,39407.09456983662,0.1292378167913881,790923
0613,CA,NCATS,301975.8423321707,810288.5028074031,2.6573874125231023,790923
0613,CA,NCCIH,45712.10936227467,122658.80730479809,0.4022665623880171,790923
0613,CA,NCI,2356547.487268998,6323298.3158743195,20.737617887967183,790923
0613,CA,NEI,479009.66372831055,1285321.4358310963,4.215285040809133,790923
0613,CA,NHGRI,525028.8856905791,1408804.3150448273,4.620254194077096,790923
0613,CA,NHLBI,1744360.4644760038,4680623.5167709915,15.350372087388834,790923
0613,CA,NIA,2147124.8450621534,5761356.811225435,18.894698636546952,790923
0613,CA,NIAAA,428708.70546955056,1150349.4200483419,3.772636608132045,790923
0613,CA,NIAID,2782938.3313535224,7467428.2436053855,24.489857315911,790923
0613,CA,NIAMS,246947.20961589235,662630.769424333,2.1731354446198528,790923
0613,CA,NIBIB,478999.3076346244,1285293.64743722,4.215193907184695,790923
0613,CA,NICHD,829796.1473338016,2226583.003016684,7.3022060965374544,790923
0613,CA,NIDA,515071.67866768636,1382086.249426028,4.53263077227564,790923
0613,CA,NIDCD,170388.6276192059,457201.9566290517,1.499419923049012,790923
0613,CA,NIDCR,219851.01094634118,589923.8333921075,1.9346888963278024,790923
0613,CA,NIDDK,862262.4476470577,2313699.474550809,7.587909539294108,790923
0613,CA,NIEHS,383461.08478831477,1028936.970184004,3.37445754613717,790923
0613,CA,NIGMS,3928069.1658019694,10540145.39275786,34.56700865905733,790923
0613,CA,NIMH,1088632.5332001254,2921115.8701359,9.579966292161105,790923
0613,CA,NIMHD,302920.7160528455,812823.8722149516,2.665702301265041,790923
0613,CA,NINDS,1343588.0924614307,3605235.3573133633,11.823575213660591,790923
0613,CA,NINR,36132.89522173266,96955.00588788462,0.3179694779512474,790923
0613,CA,NLM,63256.01673132423,169734.18368481286,0.5566529472356533,790923
0613,CA,OD,1611913.5813376822,4325230.231629969,14.184839515771603,790923
0614,CA,FIC,128908.2896714565,345898.2156673654,1.1343929491088172,728854
0614,CA,NCATS,1922697.278033739,5159152.754530967,16.919736046696904,728854
0614,CA,NCCIH,407098.9733136169,1092364.2601114765,3.5824709651598288,728854
0614,CA,NCI,20336877.394513015,54569722.5596318,178.96452107171453,728854
0614,CA,NEI,3214938.0006869608,8626608.271299254,28.291454406045258,728854
0614,CA,NHGRI,4024915.5655837366,10800012.286994833,35.41925697713688,728854
0614,CA,NHLBI,10686409.169243526,28674725.829918332,94.04040068934303,728854
0614,CA,NIA,15997925.645989897,42927060.38867241,140.7817456847111,728854
0614,CA,NIAAA,2212319.7177686184,5936293.506121485,19.468413516363842,728854
0614,CA,NIAID,16037507.814948194,43033270.79337031,141.1300687715441,728854
0614,CA,NIAMS,1927271.8124972098,5171427.553246056,16.959991949975446,728854
0614,CA,NIBIB,1844476.4118386772,4949263.552573628,16.23139242418036,728854
0614,CA,NICHD,4059119.9958174992,10891792.663694665,35.72025596319399,728854
0614,CA,NIDA,3912717.173683852,10498951.55879939,34.4319111284179,728854
0614,CA,NIDCD,1220141.422598899,3273992.246848119,10.737244518870313,728854
0614,CA,NIDCR,1622895.224665815,4354697.156076626,14.281477977059172,728854
0614,CA,NIDDK,6926052.003909866,18584600.2291835,60.94925763440683,728854
0614,CA,NIEHS,1385151.6541981024,3716762.411765305,12.189334556943303,728854
0614,CA,NIGMS,13325907.941341173,35757264.25977183,117.26798988380233,728854
0614,CA,NIMH,7067955.868414605,18965369.329864237,62.19801164204853,728854
0614,CA,NIMHD,986084.2942914913,2645949.2928061453,8.677541789765124,728854
0614,CA,NINDS,9809569.387425888,26321911.15267853,86.32421060934782,728854
0614,CA,NINR,260235.14966720383,698286.1548565492,2.290069317071394,728854
0614,CA,NLM,477755.25122417393,1281955.4843628271,4.204246210772731,728854
0614,CA,OD,9870113.968612723,26484369.770772282,86.85700292379197,728854
0615,CA,FIC,497520.07999614987,1334990.2350574622,4.378176703966119,723474
0615,CA,NCATS,6641704.795465389,17821614.44850473,58.447002200095426,723474
0615,CA,NCCIH,1536905.9021864135,4123962.939620284,13.52477193924044,723474
0615,CA,NCI,48680542.31974563,130623971.26697856,428.38877241376156,723474
0615,CA,NEI,9556302.651252098,25642323.26617654,84.09546333101846,723474
0615,CA,NHGRI,9906319.270432344,26581519.06449903,87.17560957980463,723474
0615,CA,NHLBI,33355780.34845252,89503203.66617224,293.5308670663822,723474
0615,CA,NIA,52752930.51727606,141551366.35243613,464.22578855202937,723474
0615,CA,NIAAA,5154033.611607394,13829762.494625468,45.35549578214507,723474
0615,CA,NIAID,48932848.18004127,131300980.84565738,430.60906398436316,723474
0615,CA,NIAMS,6995322.603973869,18770473.27909684,61.55883891497005,723474
0615,CA,NIBIB,4940079.970924714,13255663.010904968,43.47270374413748,723474
0615,CA,NICHD,11198332.886663599,30048365.18906822,98.54532940263968,723474
0615,CA,NIDA,10398320.73063232,27901701.246906754,91.50522242956443,723474
0615,CA,NIDCD,3916024.4474624787,10507825.930662254,34.46101513766981,723474
0615,CA,NIDCR,5818370.122512903,15612369.449620858,51.20165707811355,723474
0615,CA,NIDDK,20189535.1831547,54174360.80181763,177.66790961176136,723474
0615,CA,NIEHS,2135078.7075188453,5729033.540995618,18.78869262616584,723474
0615,CA,NIGMS,30948303.327171188,83043246.68401249,272.34506927910644,723474
0615,CA,NIMH,21114422.445807155,56656100.763307445,185.80691752310298,723474
0615,CA,NIMHD,2895346.0733141694,7769050.718548476,25.479045445164694,723474
0615,CA,NINDS,30882629.737867873,82867025.45406379,271.7671416932373,723474
0615,CA,NINR,755236.5738066399,2026518.1079684682,6.646081849498431,723474
0615,CA,NLM,1395558.9434775126,3744688.1782218833,12.280918702602111,723474
0615,CA,OD,28697158.75529754,77002774.86792582,252.53499704661837,723474
0616,CA,FIC,95888.04942285155,257295.36311218786,0.8438148349210937,751938
0616,CA,NCATS,3763045.5272034784,10097339.252984883,33.11480063939061,751938
0616,CA,NCCIH,674618.9021866712,1810197.5840077866,5.9366463392427065,751938
0616,CA,NCI,28798538.45004758,77274805.90338765,253.4271383604187,751938
0616,CA,NEI,5741104.170764393,15405042.55924192,50.521716702726664,751938
0616,CA,NHGRI,9844225.80083374,26414904.330927644,86.62918704733691,751938
0616,CA,NHLBI,20723637.30970516,55607511.24566265,182.3680083254054,751938
0616,CA,NIA,21189433.841536783,56857378.027971536,186.4670178055237,751938
0616,CA,NIAAA,3178704.3610051237,8529382.938894143,27.97259837684509,751938
0616,CA,NIAID,24808769.410809316,66569101.90937219,218.31717081512198,751938
0616,CA,NIAMS,3930608.0067487014,10546957.83713654,34.58935045938858,751938
0616,CA,NIBIB,3824696.56096054,10262766.803260868,33.65732973645275,751938
0616,CA,NICHD,7132396.000412162,19138280.837201227,62.76508480362703,751938
0616,CA,NIDA,6947171.520643439,18641269.99939392,61.13510938166227,751938
0616,CA,NIDCD,2687852.7315249275,7212286.084786915,23.653104037419364,751938
0616,CA,NIDCR,2172054.0832490935,5828249.165695317,19.114075932592023,751938
0616,CA,NIDDK,12279780.121597562,32950200.826290958,108.06206507005855,751938
0616,CA,NIEHS,1039018.1792718326,2787986.2123068767,9.143359977592127,751938
0616,CA,NIGMS,22540301.0710332,60482145.414748766,198.35464942509216,751938
0616,CA,NIMH,13024057.273775969,34947311.637059115,114.61170400922853,751938
0616,CA,NIMHD,1479951.0048117253,3971136.481169608,13.023568842343185,751938
0616,CA,NINDS,18462665.853996504,49540671.05875387,162.47145951516924,751938
0616,CA,NINR,417841.90141491074,1121190.6425788188,3.6770087324512146,751938
0616,CA,NLM,1354483.0164613775,3634469.5887271683,11.919450544860123,751938
0616,CA,OD,18685073.794138815,50137455.872527674,164.42864938842158,751938
0617,CA,FIC,43263.665050788615,116088.92323712153,0.38072025244693986,762984
0617,CA,NCATS,2329952.6065327064,6251936.560815626,20.503582937487817,762984
0617,CA,NCCIH,389187.12933451746,1044301.6034159809,3.4248467381437537,762984
0617,CA,NCI,18325360.608508285,49172241.38260822,161.26317335487292,762984
0617,CA,NEI,3552151.431923442,9531449.414262583,31.258932600926293,762984
0617,CA,NHGRI,6525150.199802894,17508864.765996024,57.42132175826547,762984
0617,CA,NHLBI,12866469.23031675,34524457.34908446,113.22492922678741,762984
0617,CA,NIA,12904051.043909669,34625300.22192425,113.55564918640509,762984
0617,CA,NIAAA,1694171.338656671,4545951.579760131,14.908707780178707,762984
0617,CA,NIAID,15235514.187436186,40881289.990273625,134.07252484943845,762984
0617,CA,NIAMS,2363062.939635895,6340781.158550453,20.79495386879588,762984
0617,CA,NIBIB,2585750.436566781,6938316.10402325,22.754603841787674,762984
0617,CA,NICHD,4538150.684044809,12177170.514335915,39.93572601959432,762984
0617,CA,NIDA,4503701.847481188,12084734.324781757,39.63257625783446,762984
0617,CA,NIDCD,1657041.4283474314,4446321.29410055,14.581964569457396,762984
0617,CA,NIDCR,1238428.3482264446,3323061.3560631364,10.898169464392712,762984
0617,CA,NIDDK,7696503.234004957,20651943.659368094,67.72922845924363,762984
0617,CA,NIEHS,817572.1266673902,2193782.420931784,7.194634714673034,762984
0617,CA,NIGMS,14275043.93564493,38304070.57992453,125.6203866336754,762984
0617,CA,NIMH,8448717.747511633,22670352.70570786,74.34871617810238,762984
0617,CA,NIMHD,893070.2217966879,2396365.6408167616,7.859017951810854,762984
0617,CA,NINDS,11799044.038600221,31660246.908358257,103.83158753968195,762984
0617,CA,NINR,300288.06646929326,805759.7121384426,2.642534984929781,762984
0617,CA,NLM,858435.8262402316,2303431.5428295117,7.554235270914039,762984
0617,CA,OD,12164481.783697115,32640822.046611063,107.04743969653462,762984
0618,CA,FIC,22219.84431541188,59622.26727773776,0.19553462997562454,766286
0618,CA,NCATS,917974.2671963423,2463190.3957537357,8.078173551327813,766286
0618,CA,NCCIH,241767.41404452387,648731.8801424686,2.12755324359181,766286
0618,CA,NCI,7623134.524712549,20455074.19740609,67.08358381747043,766286
0618,CA,NEI,1570697.7697059999,4214636.291263402,13.8221403734128,766286
0618,CA,NHGRI,4025360.761539688,10801206.876475295,35.42317470154926,766286
0618,CA,NHLBI,4957086.790973249,13301297.226702549,43.62236376056459,766286
0618,CA,NIA,5727636.408708723,15368904.659375576,50.40320039663677,766286
0618,CA,NIAAA,678188.1620221685,1819774.9402158188,5.9680558257950835,766286
0618,CA,NIAID,6662076.045694561,17876276.40331883,58.62626920211214,766286
0618,CA,NIAMS,931463.1269221752,2499384.906769625,8.196875516915142,766286
0618,CA,NIBIB,1080357.979436373,2898912.8497590083,9.507150219040083,766286
0618,CA,NICHD,2087843.702309297,5602288.363779608,18.373024580321815,766286
0618,CA,NIDA,1790648.0098121588,4804826.38518391,15.757702486346998,766286
0618,CA,NIDCD,682024.3286020333,1830068.4843964132,6.001814091697893,766286
0618,CA,NIDCR,537941.598234021,1443452.8565745126,4.7338860644593845,766286
0618,CA,NIDDK,3113858.105462835,8355381.684653981,27.40195132807295,766286
0618,CA,NIEHS,409257.43529952696,1098156.0377497883,3.6014654306358374,766286
0618,CA,NIGMS,7941652.44491215,21309749.87835664,69.88654151522692,766286
0618,CA,NIMH,3473995.8663394917,9321735.432726856,30.571163623787527,766286
0618,CA,NIMHD,393348.07013789064,1055466.6107483448,3.461463017213438,766286
0618,CA,NINDS,4694862.745277585,12597674.288702374,41.314792158442756,766286
0618,CA,NINR,117470.57008155838,315207.50673365244,1.033741016717714,766286
0618,CA,NLM,324024.408801899,869451.1820993233,2.8514147974567114,766286
0618,CA,OD,5046025.173766823,13539944.624717403,44.405021529148044,766286
0619,CA,FIC,25436.11058645806,68252.43968248685,0.22383777316083095,741135
0619,CA,NCATS,768717.7589743596,2062692.0259258028,6.7647162789743644,741135
0619,CA,NCCIH,746939.8832855816,2004255.68827077,6.5730709729131185,741135
0619,CA,NCI,8890310.673715018,23855274.21552216,78.23473392869217,741135
0619,CA,NEI,1859611.5917062683,4989875.616571585,16.364582007015162,741135
0619,CA,NHGRI,12688446.275315376,34046770.28458497,111.65832722277531,741135
0619,CA,NHLBI,4377815.782760849,11746945.61254975,38.52477888829547,741135
0619,CA,NIA,6492835.773926479,17422155.8174912,57.136954810553014,741135
0619,CA,NIAAA,621188.0267258033,1666827.095340511,5.466454635187069,741135
0619,CA,NIAID,9105391.435921013,24432398.09220256,80.12744463610493,741135
0619,CA,NIAMS,840676.3483306083,2255777.728355834,7.397951865309354,741135
0619,CA,NIBIB,1652188.7194723901,4433300.073003692,14.539260731357034,741135
0619,CA,NICHD,3103001.655595518,8326250.69046301,27.306414569240562,741135
0619,CA,NIDA,1573937.2158294083,4223328.66191461,13.850647499298793,741135
0619,CA,NIDCD,776365.2108500359,2083212.3506073286,6.832013855480316,741135
0619,CA,NIDCR,455161.21075682645,1221329.140608751,4.0054186546600725,741135
0619,CA,NIDDK,3323773.744932537,8918646.043511745,29.249208955406328,741135
0619,CA,NIEHS,673815.1737847737,1808040.948303395,5.929573529306008,741135
0619,CA,NIGMS,16690161.2277548,44784528.6179399,146.87341880424225,741135
0619,CA,NIMH,4721477.170251846,12669088.486602854,41.54899909821625,741135
0619,CA,NIMHD,503589.31013108906,1351275.7344578542,4.431585929153584,741135
0619,CA,NINDS,4587170.070450779,12308703.702264702,40.36709661996686,741135
0619,CA,NINR,106264.37561159309,285138.0466433695,0.9351265053820192,741135
0619,CA,NLM,242347.0282542144,650287.1526654257,2.1326538486370867,741135
0619,CA,OD,5089409.181411444,13656356.461931443,44.786800796420714,741135
0620,CA,FIC,10091.636100953803,27078.777706079614,0.08880639768839348,816324
0620,CA,NCATS,123396.87701615611,331109.5018605677,1.0858925177421739,816324
0620,CA,NCCIH,22795.74978964165,61167.58819105412,0.20060259814884654,816324
0620,CA,NCI,815003.2245762959,2186889.313810447,7.172028376271404,816324
0620,CA,NEI,202686.79755468754,543867.285743865,1.7836438184812504,816324
0620,CA,NHGRI,117349.37958596025,314882.3175911227,1.0326745403564503,816324
0620,CA,NHLBI,506283.9358670351,1358506.1944719513,4.45529863562991,816324
0620,CA,NIA,971533.2665720056,2606904.67793208,8.54949274583365,816324
0620,CA,NIAAA,85368.48345795374,229068.3258430789,0.7512426544299929,816324
0620,CA,NIAID,1224727.4580904841,3286297.906147218,10.77760163119626,816324
0620,CA,NIAMS,83256.3189707289,223400.77778089387,0.7326556069424144,816324
0620,CA,NIBIB,112880.31739581682,302890.5314832089,0.9933467930831881,816324
0620,CA,NICHD,266771.4694994928,715824.9909762606,2.3475889315955367,816324
0620,CA,NIDA,254983.4919380586,684194.4386260663,2.243854729054916,816324
0620,CA,NIDCD,70768.99898350606,189893.68748393666,0.6227671910548533,816324
0620,CA,NIDCR,117806.22138415994,316108.1562337909,1.0366947481806075,816324
0620,CA,NIDDK,332009.28517666267,890876.9142798877,2.9216817095546315,816324
0620,CA,NIEHS,118664.04836978273,318409.95408119453,1.0442436256540881,816324
0620,CA,NIGMS,1336262.7083989393,3585579.233702137,11.759111833910667,816324
0620,CA,NIMH,426502.42167619034,1144429.322672726,3.753221310750475,816324
0620,CA,NIMHD,83302.59834809868,223524.95873229118,0.7330628654632684,816324
0620,CA,NINDS,533800.3653589305,1432340.7313123776,4.697443215158589,816324
0620,CA,NINR,23938.24512943428,64233.23354597853,0.21065655713902168,816324
0620,CA,NLM,7421.309637398251,19913.519666062864,0.06530752480910461,816324
0620,CA,OD,591861.7252594292,1588136.1486589948,5.208383182282978,816324
0621,CA,FIC,14994.643738574208,40234.96492707791,0.13195286489945304,775200
0621,CA,NCATS,187519.54956708974,503169.1737072719,1.6501720361903898,775200
0621,CA,NCCIH,36114.42584647867,96905.44721356563,0.3178069474490123,775200
0621,CA,NCI,1441257.8833050057,3867311.6478568255,12.68306937308405,775200
0621,CA,NEI,295537.3295509994,793012.1112872399,2.600728500048795,775200
0621,CA,NHGRI,266695.0274833891,715619.8749434619,2.346916241853824,775200
0621,CA,NHLBI,858561.0369325593,2303767.519322327,7.555337125006522,775200
0621,CA,NIA,1439065.553092017,3861428.9919720944,12.663776867209751,775200
0621,CA,NIAAA,135701.50760314483,364126.38367113995,1.1941732669076746,775200
0621,CA,NIAID,1464423.2650978235,3929471.0655933497,12.886924732860846,775200
0621,CA,NIAMS,168135.85655767584,451157.1204709093,1.4795955377075474,775200
0621,CA,NIBIB,174070.57749970618,467081.69281271874,1.5318210819974145,775200
0621,CA,NICHD,388664.2248236142,1042898.499412764,3.420245178447805,775200
0621,CA,NIDA,309382.9647839906,830163.9541522632,2.722570090099117,775200
0621,CA,NIDCD,111682.33078467457,299675.98700167384,0.9828045109051363,775200
0621,CA,NIDCR,178484.28198472926,478924.9381908364,1.5706616814656176,775200
0621,CA,NIDDK,542432.2705048943,1455502.628777688,4.77340398044307,775200
0621,CA,NIEHS,153294.68667447756,411333.9702755404,1.3489932427354026,775200
0621,CA,NIGMS,1616898.756808516,4338606.898906721,14.228709059914943,775200
0621,CA,NIMH,664820.5388880158,1783905.742031576,5.850420742214539,775200
0621,CA,NIMHD,106600.18728501827,286039.1264647998,0.9380816481081609,775200
0621,CA,NINDS,860015.7280418754,2307670.876199856,7.568138406768504,775200
0621,CA,NINR,27686.207388810813,74290.10002998114,0.24363862502153516,775200
0621,CA,NLM,26687.048804452115,71609.0686364281,0.23484602947917863,775200
0621,CA,OD,894864.7100489105,2401180.771682758,7.874809448430413,775200
0622,CA,FIC,6945.844866463195,18637.71020261961,0.06112343482487612,770684
0622,CA,NCATS,110201.16370101609,295701.5874293231,0.9697702405689417,770684
0622,CA,NCCIH,19527.94943445375,52399.13493721377,0.171845955023193,770684
0622,CA,NCI,689620.1898869461,1850450.3766052425,6.068657671005126,770684
0622,CA,NEI,161357.4683516226,432968.74490910326,1.419945721494279,770684
0622,CA,NHGRI,86844.10780675657,233027.85265510232,0.7642281486994579,770684
0622,CA,NHLBI,442538.1370614198,1187457.7838588706,3.894335606140494,770684
0622,CA,NIA,997491.7201897542,2676558.715005628,8.777927137669836,770684
0622,CA,NIAAA,90375.82495794629,242504.47098548152,0.7953072596299273,770684
0622,CA,NIAID,903039.3215297621,2423115.6180158146,7.946746029461907,770684
0622,CA,NIAMS,68628.83738057339,184151.01506480103,0.6039337689490458,770684
0622,CA,NIBIB,91614.75487027675,245828.8781830655,0.8062098428584354,770684
0622,CA,NICHD,230689.1621740864,619005.7270419636,2.0300646271319605,770684
0622,CA,NIDA,238974.20742569226,641236.8991144326,2.102973025346092,770684
0622,CA,NIDCD,71931.09814669048,193011.93556556516,0.6329936636908763,770684
0622,CA,NIDCR,127563.49761692497,342289.7497316863,1.1225587790289397,770684
0622,CA,NIDDK,277962.6094072707,745854.0553230926,2.446070962783982,770684
0622,CA,NIEHS,127769.52779842218,342842.5882833042,1.1243718446261153,770684
0622,CA,NIGMS,731974.4036249969,1964098.9789978776,6.441374751899973,770684
0622,CA,NIMH,361771.48701100255,970737.507691435,3.1835890856968225,770684
0622,CA,NIMHD,111537.57645236072,299287.5692716342,0.9815306727807744,770684
0622,CA,NINDS,411847.481627443,1105105.88097248,3.6242578383214985,770684
0622,CA,NINR,23124.38434179044,62049.40972079924,0.20349458220775588,770684
0622,CA,NLM,7036.34601941525,18880.550964852504,0.061919844970854204,770684
0622,CA,OD,629212.5438072042,1688359.1949992927,5.537070385503397,770684
0623,CA,FIC,61042.802970654615,163795.49120307103,0.5371766661417606,758179
0623,CA,NCATS,381086.4586818982,1022565.1617054333,3.353560836400704,758179
0623,CA,NCCIH,95386.08729374844,255948.45357493564,0.8393975681849863,758179
0623,CA,NCI,2726293.6812969097,7315434.268418675,23.991384395412805,758179
0623,CA,NEI,592550.1185974112,1589983.3070371887,5.214441043657219,758179
0623,CA,NHGRI,281231.3112999727,754624.9276627675,2.47483553943976,758179
0623,CA,NHLBI,1840077.5480841373,4937460.129166667,16.192682423140408,758179
0623,CA,NIA,3415819.7395073418,9165632.062517183,30.059213707664608,758179
0623,CA,NIAAA,189828.2214416755,509364.0079108435,1.6704883486867446,758179
0623,CA,NIAID,2955356.5335585023,7930076.135709746,26.007137495314822,758179
0623,CA,NIAMS,483841.0435973643,1298285.4250375014,4.257801183656806,758179
0623,CA,NIBIB,208290.64827078723,558904.0375967162,1.8329577047829277,758179
0623,CA,NICHD,826477.7536812647,2217678.793316751,7.27300423239513,758179
0623,CA,NIDA,852641.1095375825,2287882.64234489,7.503241763930727,758179
0623,CA,NIDCD,223647.28233812575,600110.3272471889,1.9680960845755067,758179
0623,CA,NIDCR,696440.4884100613,1868751.2096663043,6.12867629800854,758179
0623,CA,NIDDK,891444.4068974393,2392003.1093295407,7.844710780697466,758179
0623,CA,NIEHS,418697.6446272554,1123486.8490599836,3.6845392727198476,758179
0623,CA,NIGMS,2380840.5561720547,6388483.644204002,20.951396894314083,758179
0623,CA,NIMH,1071970.9605762826,2876408.0530087943,9.433344453071287,758179
0623,CA,NIMHD,429880.9811071871,1153494.974553504,3.7829526337432466,758179
0623,CA,NINDS,1977453.2516807208,5306078.864790377,17.401588614790345,758179
0623,CA,NINR,45929.93759358124,123243.30343551982,0.404183450823515,758179
0623,CA,NLM,20092.99089423283,53915.304558374635,0.1768183198692489,758179
0623,CA,OD,1351809.6437845207,3627296.1568160364,11.895924865303783,758179
0624,CA,FIC,9935.97860914221,26661.10364640423,0.08743661176045145,756496
0624,CA,NCATS,156757.37349447832,420625.360266873,1.3794648867514092,756496
0624,CA,NCCIH,37578.150746642226,100833.0443641046,0.3306877265704516,756496
0624,CA,NCI,1482266.332032852,3977349.173592376,13.043943721889098,756496
0624,CA,NEI,2156705.022759181,5787063.198143017,18.979004200280794,756496
0624,CA,NHGRI,942614.7444447165,2529307.921128771,8.295009751113506,756496
0624,CA,NHLBI,1027828.224945006,2757960.329216554,9.044888379516053,756496
0624,CA,NIA,3687669.028683436,9895082.311962808,32.45148745241424,756496
0624,CA,NIAAA,505763.0276459936,1357108.4470916707,4.450714643284744,756496
0624,CA,NIAID,3623149.1215291386,9721956.744812898,31.88371226945642,756496
0624,CA,NIAMS,126218.53911858847,338680.8371791504,1.1107231442435785,756496
0624,CA,NIBIB,1551919.780309305,4164249.515962204,13.656894066721886,756496
0624,CA,NICHD,1848510.373955874,4960087.839374456,16.266891290811692,756496
0624,CA,NIDA,1130543.8323841726,3033576.0047091777,9.94878572498072,756496
0624,CA,NIDCD,826877.7675192036,2218752.1461099493,7.276524354168992,756496
0624,CA,NIDCR,456080.25516810495,1223795.2025105148,4.0135062454793236,756496
0624,CA,NIDDK,1109224.8956611257,2976371.133003706,9.761179081817906,756496
0624,CA,NIEHS,178235.43851096483,478257.2191963873,1.5684718588964905,756496
0624,CA,NIGMS,6692036.55860513,17956669.12269054,58.889921715725144,756496
0624,CA,NIMH,1087134.8679440215,2917097.2011963488,9.56678683790739,756496
0624,CA,NIMHD,135933.36548810883,364748.5254193693,1.1962136162953578,756496
0624,CA,NINDS,2723651.2951793754,7308343.9824061245,23.968131397578507,756496
0624,CA,NINR,45780.780403685756,122843.07156548026,0.4028708675524347,756496
0624,CA,NLM,23173.34270761523,62180.77917286431,0.20392541582701404,756496
0624,CA,OD,2678317.043162739,7186699.075619021,23.569189979832103,756496
0625,CA,FIC,12268.333707769474,32919.4867882022,0.10796133662837137,792416
0625,CA,NCATS,152747.8274623349,409866.58888227626,1.3441808816685472,792416
0625,CA,NCCIH,35705.10923899647,95807.13239973978,0.31420496130316894,792416
0625,CA,NCI,1338445.14109771,3591435.3316943054,11.778317241659849,792416
0625,CA,NEI,222210.01908465868,596253.7343462545,1.9554481679449964,792416
0625,CA,NHGRI,189107.87136184346,507431.1003538136,1.6641492679842225,792416
0625,CA,NHLBI,788966.1983785521,2117024.443785116,6.9429025457312585,792416
0625,CA,NIA,1845596.1560500306,4952268.150072346,16.24124617324027,792416
0625,CA,NIAAA,167439.57313087274,449288.7907029496,1.4734682435516802,792416
0625,CA,NIAID,1664057.7560760502,4465148.130202807,14.643708253469242,792416
0625,CA,NIAMS,132973.89088974407,356807.39932502527,1.1701702398297478,792416
0625,CA,NIBIB,111506.6920174594,299204.6974024046,0.9812588897536427,792416
0625,CA,NICHD,365434.61277066614,980566.7333158082,3.2158245923818622,792416
0625,CA,NIDA,473826.3858211016,1271413.202435237,4.1696721952256945,792416
0625,CA,NIDCD,117668.73145659643,315739.23100223555,1.0354848368180487,792416
0625,CA,NIDCR,239779.10487304206,643396.6717058083,2.1100561228827703,792416
0625,CA,NIDDK,562633.353679435,1509707.976179554,4.951173512379028,792416
0625,CA,NIEHS,289272.3951446407,776201.4807377573,2.5455970772728382,792416
0625,CA,NIGMS,1304142.6364462117,3499391.7929729787,11.476455200726663,792416
0625,CA,NIMH,582922.7457684408,1564150.2819338953,5.129720162762279,792416
0625,CA,NIMHD,286934.70083666715,769928.770953424,2.5250253673626712,792416
0625,CA,NINDS,870025.3727744131,2334529.6473562596,7.656223280414835,792416
0625,CA,NINR,31873.790491034764,85526.59635391619,0.28048935632110594,792416
0625,CA,NLM,12416.11856941708,33316.036304737085,0.10926184341087031,792416
0625,CA,OD,872700.4996007913,2341707.7861577785,7.679764396486964,792416
0626,CA,FIC,57670.370731233954,154746.28034899978,0.5074992624348588,751974
0626,CA,NCATS,735551.6744280914,1973697.8309483842,6.472854734967204,751974
0626,CA,NCCIH,148974.02935803003,399740.3973557667,1.3109714583506644,751974
0626,CA,NCI,4252024.465907635,11409411.136242062,37.41781529998719,751974
0626,CA,NEI,1075609.5736479743,2886171.504003372,9.465364248102174,751974
0626,CA,NHGRI,619462.5474187443,1662197.1354286715,5.45127041728495,751974
0626,CA,NHLBI,3255628.644690543,8735793.035064774,28.64953207327678,751974
0626,CA,NIA,5015831.17587259,13458925.397621168,44.1393143476788,751974
0626,CA,NIAAA,687621.100688607,1845086.242239425,6.051065686059742,751974
0626,CA,NIAID,8047698.473609207,21594302.0370922,70.81974656776103,751974
0626,CA,NIAMS,524079.60129680886,1406257.1105259957,4.611900491411919,751974
0626,CA,NIBIB,634428.7474699221,1702355.7777178297,5.582972977735315,751974
0626,CA,NICHD,1434475.7541481836,3849113.234242392,12.623386636504016,751974
0626,CA,NIDA,1931186.2707934463,5181931.176740118,16.99443918298233,751974
0626,CA,NIDCD,448000.56660792965,1202115.0618210717,3.942404986149781,751974
0626,CA,NIDCR,774207.8791005629,2077423.6057201913,6.813029336084954,751974
0626,CA,NIDDK,2240677.569047055,6012385.8209165335,19.717962607614087,751974
0626,CA,NIEHS,554103.5714180715,1486820.1039429705,4.87611142847903,751974
0626,CA,NIGMS,3358778.5491924398,9012574.055155877,29.55725123289347,751974
0626,CA,NIMH,2575657.6643813383,6911234.277873983,22.66578744655578,751974
0626,CA,NIMHD,754793.5752329798,2025329.4147000776,6.642183462050223,751974
0626,CA,NINDS,3075392.7238154886,8252167.943236019,27.063455969576303,751974
0626,CA,NINR,171081.57806258753,459061.3430387428,1.5055178869507704,751974
0626,CA,NLM,48232.11934678376,129420.72276676894,0.4244426502516971,751974
0626,CA,OD,2886244.347764471,7744628.157089017,25.398950260327346,751974
0627,CA,FIC,76045.8418857685,204052.98281631232,0.6692034085947629,748971
0627,CA,NCATS,1016030.9469870981,2726304.821213364,8.941072333486463,748971
0627,CA,NCCIH,158700.0494785363,425838.12166661007,1.3965604354111194,748971
0627,CA,NCI,5953244.569653037,15974276.590921056,52.38855221294673,748971
0627,CA,NEI,1224885.3200182025,3286721.4953458547,10.778990816160183,748971
0627,CA,NHGRI,736251.9910429727,1975576.9829261743,6.47901752117816,748971
0627,CA,NHLBI,4104936.641079943,11014731.971046697,36.1234424415035,748971
0627,CA,NIA,5202082.116118288,13958690.52569439,45.778322621840935,748971
0627,CA,NIAAA,512786.6161342765,1375954.765911591,4.512522221981634,748971
0627,CA,NIAID,10543190.382478423,28290428.412596665,92.78007536581013,748971
0627,CA,NIAMS,591887.6415079257,1588205.6894475243,5.208611245269746,748971
0627,CA,NIBIB,637150.0096906831,1709657.7111227585,5.606920085278012,748971
0627,CA,NICHD,1736454.0458163128,4659408.309326409,15.280795603183552,748971
0627,CA,NIDA,1995742.444377392,5355154.057207393,17.56253351052105,748971
0627,CA,NIDCD,476724.5689126109,1279189.865693941,4.195176206430976,748971
0627,CA,NIDCR,987141.6602919737,2648786.511528125,8.686846610569368,748971
0627,CA,NIDDK,2529556.4354787087,6787531.350326545,22.260096632212637,748971
0627,CA,NIEHS,653944.0109634454,1754720.8726073238,5.75470729647832,748971
0627,CA,NIGMS,3441622.8183085565,9234869.184030563,30.2862808011153,748971
0627,CA,NIMH,3348320.8849991593,8984513.118239226,29.465223787992603,748971
0627,CA,NIMHD,973914.6101530807,2613294.511337551,8.57044856934711,748971
0627,CA,NINDS,3422457.1135386876,9183442.056273293,30.117622599140454,748971
0627,CA,NINR,303010.91742337483,813065.9085742607,2.666496073325699,748971
0627,CA,NLM,71829.85875884366,192740.28101409512,0.6321027570778243,748971
0627,CA,OD,3292626.666700034,8835069.426279966,28.9751146669603,748971
0628,CA,FIC,64797.91107015108,173871.53204237093,0.5702216174173296,750492
0628,CA,NCATS,902531.2482978257,2421752.3106226046,7.942274985020866,750492
0628,CA,NCCIH,167679.49411897777,449932.5680883931,1.4755795482470044,750492
0628,CA,NCI,19035930.765628777,51078906.579089224,167.51619073753324,750492
0628,CA,NEI,2025804.8152149152,5435820.090849855,17.827082373891255,750492
0628,CA,NHGRI,4033586.2345364587,10823278.198962426,35.49555886392084,750492
0628,CA,NHLBI,6139530.584488352,16474135.834260218,54.0278691434975,750492
0628,CA,NIA,8404004.776617529,22550374.875819065,73.95524203423426,750492
0628,CA,NIAAA,603423.3274699899,1619159.270485227,5.310125281735911,750492
0628,CA,NIAID,12445206.278837912,33394087.039970323,109.51781525377363,750492
0628,CA,NIAMS,605872.0953860742,1625730.0228776124,5.331674439397453,750492
0628,CA,NIBIB,1481278.9122088186,3974699.640687097,13.035254427437604,750492
0628,CA,NICHD,4114891.672730648,11041444.199512897,36.21104672002971,750492
0628,CA,NIDA,2901324.3867165176,7785092.262066296,25.531654603105356,750492
0628,CA,NIDCD,587810.8184209995,1577266.394271447,5.172735202104795,750492
0628,CA,NIDCR,1594711.0773476847,4279070.939234451,14.033457480659626,750492
0628,CA,NIDDK,5525697.558178099,14827044.331769908,48.62613851196727,750492
0628,CA,NIEHS,976374.7962176091,2619895.901923827,8.59209820671496,750492
0628,CA,NIGMS,8551655.537307044,22946564.56070743,75.25456872830199,750492
0628,CA,NIMH,7760719.254580341,20824253.810956452,68.29432944030701,750492
0628,CA,NIMHD,1198058.8456813353,3214738.3076903643,10.54291784199575,750492
0628,CA,NINDS,7683628.965066356,20617398.273146357,67.61593489258394,750492
0628,CA,NINR,225689.5067462733,605590.2058536847,1.9860676593672053,750492
0628,CA,NLM,271878.64173369226,729529.0108450983,2.392532047256492,750492
0628,CA,OD,7982688.981229662,21419862.77121693,70.24766303482103,750492
0629,CA,FIC,117613.50056382816,315591.0305466484,1.0349988049616878,724033
0629,CA,NCATS,1434317.7461128694,3848689.2529948275,12.62199616579325,724033
0629,CA,NCCIH,259020.80539163004,695027.7180314437,2.2793830874463445,724033
0629,CA,NCI,8814445.510994332,23651706.047150053,77.56712049675012,724033
0629,CA,NEI,1791933.3867399227,4808275.42315429,15.76901380331132,724033
0629,CA,NHGRI,933126.2310705228,2503847.496094552,8.2115108334206,724033
0629,CA,NHLBI,6593362.76811996,17691898.810797147,58.02159235945565,724033
0629,CA,NIA,8068425.0521303015,21649917.440458488,71.00214045874665,724033
0629,CA,NIAAA,778131.0212441604,2087950.5304877013,6.847552986948611,724033
0629,CA,NIAID,16027836.313690517,43007319.35893284,141.04495956047657,724033
0629,CA,NIAMS,1046376.5894633,2807730.9545718166,9.20811398727704,724033
0629,CA,NIBIB,965478.6714736875,2590658.4485667367,8.49621230896845,724033
0629,CA,NICHD,2551339.734886103,6845982.241386919,22.451789666997705,724033
0629,CA,NIDA,3091651.757903831,8295795.63307634,27.206535469553714,724033
0629,CA,NIDCD,743594.4577514968,1995278.9442162393,6.543631228213172,724033
0629,CA,NIDCR,1454294.3984128204,3902292.387464856,12.79779070603282,724033
0629,CA,NIDDK,3887956.5585292997,10432511.6686836,34.21401771505784,724033
0629,CA,NIEHS,932713.5505296215,2502740.1548746643,8.20787924466067,724033
0629,CA,NIGMS,5087437.96730957,13651067.124509666,44.76945411232422,724033
0629,CA,NIMH,4902155.922733134,13153901.823678114,43.13897212005158,724033
0629,CA,NIMHD,1446435.8844487707,3881205.7221705616,12.728635783149182,724033
0629,CA,NINDS,5084963.920336261,13644428.54109718,44.7476824989591,724033
0629,CA,NINR,364263.05186071317,977423.0966316881,3.205514856374276,724033
0629,CA,NLM,113524.29457787435,304618.50847190304,0.9990137922852943,724033
0629,CA,OD,5772502.107861136,15489292.303343555,50.798018549178,724033
0630,CA,FIC,150275.6349833058,403232.98161417985,1.322425587853091,741397
0630,CA,NCATS,2060947.151034493,5530117.139436536,18.13633492910354,741397
0630,CA,NCCIH,378707.81757573184,1016182.5798215766,3.3326287946664404,741397
0630,CA,NCI,15528045.238129618,41666235.38610539,136.64679809554065,741397
0630,CA,NEI,2843762.972986475,7630638.344856957,25.025114162280982,741397
0630,CA,NHGRI,1811696.5600250282,4861305.731698959,15.942929728220248,741397
0630,CA,NHLBI,11617737.510072155,31173749.0666249,102.23609008863497,741397
0630,CA,NIA,14072688.081596904,37761091.31130302,123.83965511805276,741397
0630,CA,NIAAA,1438874.9395570287,3860917.52074086,12.662099468101854,741397
0630,CA,NIAID,21712666.462794296,58261362.446143575,191.07146487258981,741397
0630,CA,NIAMS,1536449.2678848682,4122737.6577511383,13.520753557386842,741397
0630,CA,NIBIB,1563233.396383439,4194607.219277968,13.756453888174264,741397
0630,CA,NICHD,4155149.9061676953,11149468.680694718,36.56531917427572,741397
0630,CA,NIDA,4708976.948502877,12635546.777148522,41.438997146825315,741397
0630,CA,NIDCD,1112724.8369946447,2985762.487627138,9.791978565552874,741397
0630,CA,NIDCR,2452043.5881814235,6579541.967799156,21.577983575996527,741397
0630,CA,NIDDK,6936255.82734231,18611980.037939496,61.039051280612334,741397
0630,CA,NIEHS,1477931.3429340452,3965717.1443564254,13.0057958178196,741397
0630,CA,NIGMS,6453310.767735531,17316098.797027,56.78913475607267,741397
0630,CA,NIMH,7508775.178979186,20148215.005224783,66.07722157501685,741397
0630,CA,NIMHD,2586376.6279227943,6939996.3564978065,22.76011432572059,741397
0630,CA,NINDS,7687343.02892009,20627364.18040613,67.6486186544968,741397
0630,CA,NINR,600665.5838407999,1611759.4469127008,5.285857137799039,741397
0630,CA,NLM,208236.858767855,558759.7048068444,1.832484357157124,741397
0630,CA,OD,10185611.578760179,27330941.086515114,89.63338189308958,741397
0631,CA,FIC,53479.05169781011,143499.75944139215,0.470615654940729,724696
0631,CA,NCATS,740239.1753163794,1986275.7512460656,6.514104742784139,724696
0631,CA,NCCIH,144818.25173935332,388589.24434090406,1.2744006153063092,724696
0631,CA,NCI,21321601.02932688,57212020.80961796,187.63008905807655,724696
0631,CA,NEI,1425228.7770355162,3824300.9208392696,12.542013237912544,724696
0631,CA,NHGRI,1447528.555146136,3884137.6736028087,12.738251285285997,724696
0631,CA,NHLBI,4807770.99781336,12900639.778243676,42.30838478075757,724696
0631,CA,NIA,7438852.637761655,19960592.60868447,65.46190321230257,724696
0631,CA,NIAAA,466894.9155449534,1252814.0634149173,4.10867525679559,724696
0631,CA,NIAID,8613959.973939816,23113745.379833665,75.80284777067038,724696
0631,CA,NIAMS,551379.4569871583,1479510.5172334723,4.852139221486993,724696
0631,CA,NIBIB,688416.9546085122,1847221.7484316854,6.0580692005549075,724696
0631,CA,NICHD,2174411.6975280293,5834575.326521701,19.13482293824666,724696
0631,CA,NIDA,2104402.0103914505,5646719.092281901,18.518737691444766,724696
0631,CA,NIDCD,476503.3512449471,1278596.2747254004,4.1932294909555345,724696
0631,CA,NIDCR,1012003.2789916897,2715497.4233612707,8.905628855126869,724696
0631,CA,NIDDK,5184781.811264987,13912268.80530302,45.62607993913189,724696
0631,CA,NIEHS,1070602.868165612,2872737.065480179,9.421305239857386,724696
0631,CA,NIGMS,4663782.981952951,12514278.29683285,41.041290241185976,724696
0631,CA,NIMH,3380043.0414395803,9069632.836589599,29.74437876466831,724696
0631,CA,NIMHD,977268.6997944298,2622294.503697142,8.599964558190983,724696
0631,CA,NINDS,4128991.693438978,11079278.632165091,36.335126902263006,724696
0631,CA,NINR,152692.32155107878,409717.6504725633,1.3436924296494934,724696
0631,CA,NLM,199543.29559135213,535432.3610168685,1.7559810012038988,724696
0631,CA,OD,3622124.320144272,9719206.90637084,31.874694017269594,724696
0632,CA,FIC,274862.5815513088,737535.7841969357,2.4187907176515178,763344
0632,CA,NCATS,2438731.281150137,6543821.198713833,21.46083527412121,763344
0632,CA,NCCIH,496387.493380385,1331951.1776742614,4.368209941747388,763344
0632,CA,NCI,13835072.819606418,37123500.855737135,121.74864081253648,763344
0632,CA,NEI,2850543.8836463457,7648833.488891735,25.084786176087842,763344
0632,CA,NHGRI,1166926.561954594,3131201.3883954496,10.268953745200427,763344
0632,CA,NHLBI,11375454.13650293,30523632.71788537,100.1039964012258,763344
0632,CA,NIA,10359925.821273526,27798676.603016395,91.16734722720703,763344
0632,CA,NIAAA,1211222.70705364,3250060.7541488325,10.658759822072032,763344
0632,CA,NIAID,35655572.44812098,95674210.86600919,313.76903754346466,763344
0632,CA,NIAMS,1870731.056167259,5019712.354969372,16.462433294271882,763344
0632,CA,NIBIB,1666204.7367221178,4470909.100086434,14.662601683154637,763344
0632,CA,NICHD,4374036.714958334,11736805.280899184,38.49152309163335,763344
0632,CA,NIDA,5886256.339399871,15794527.799168874,51.799055786718874,763344
0632,CA,NIDCD,1249646.4879157993,3353162.868631061,10.996889093659034,763344
0632,CA,NIDCR,2383337.5862152134,6395183.897838565,20.97337075869388,763344
0632,CA,NIDDK,6282717.236288481,16858347.024178874,55.28791167933864,763344
0632,CA,NIEHS,1352002.9959053413,3627814.976464934,11.897626363967005,763344
0632,CA,NIGMS,7256025.620818139,19470014.856875602,63.85302546319963,763344
0632,CA,NIMH,10102790.864722699,27108709.16272748,88.90455960955975,763344
0632,CA,NIMHD,2290984.1481270385,6147372.918987919,20.16066050351794,763344
0632,CA,NINDS,8090640.761406063,21709528.612229176,71.19763870037336,763344
0632,CA,NINR,702015.6688197049,1883711.030796771,6.1777378856134035,763344
0632,CA,NLM,158487.85911404298,425268.7535627658,1.3946931602035784,763344
0632,CA,OD,7533923.0151425395,20215693.921274085,66.29852253325436,763344
0633,CA,FIC,51612.124112176905,138490.25289765824,0.4541866921871568,783103
0633,CA,NCATS,300172.16234511667,805448.7078590177,2.6415150286370266,783103
0633,CA,NCCIH,78726.0902557035,211244.86420011413,0.6927895942501908,783103
0633,CA,NCI,4301410.0691829035,11541926.98992462,37.852408608809554,783103
0633,CA,NEI,572958.6933418014,1537413.848117461,5.0420365014078525,783103
0633,CA,NHGRI,292965.17871421785,786110.286841833,2.578093572685117,783103
0633,CA,NHLBI,1963758.5085616482,5269331.909098209,17.281074875342505,783103
0633,CA,NIA,3834653.9628707366,10289485.391818656,33.744954873262486,783103
0633,CA,NIAAA,246155.80714282393,660507.2077510939,2.166171102856851,783103
0633,CA,NIAID,3045403.7777233925,8171698.929416672,26.799553243965857,783103
0633,CA,NIAMS,401974.9545621033,1078615.0361654302,3.5373796001465094,783103
0633,CA,NIBIB,226906.02809602607,608854.4843983244,1.9967730472450296,783103
0633,CA,NICHD,859211.7689698524,2305513.6215408184,7.561063566934701,783103
0633,CA,NIDA,903586.519056194,2424583.9072041423,7.951561367694508,783103
0633,CA,NIDCD,243857.56058227384,654340.347679612,2.1459465331240097,783103
0633,CA,NIDCR,740297.881264301,1986433.2762794588,6.51462135512585,783103
0633,CA,NIDDK,1326235.0498728224,3558672.1263287817,11.670868438880838,783103
0633,CA,NIEHS,742135.7407595564,1991364.7847315248,6.530794518684097,783103
0633,CA,NIGMS,3225147.015406345,8654002.0097792,28.381293735575838,783103
0633,CA,NIMH,1105401.2721709886,2966111.2455597483,9.7275311951047,783103
0633,CA,NIMHD,651321.4414647187,1747683.7603131088,5.731628684889524,783103
0633,CA,NINDS,2223498.739408886,5966290.053652529,19.566788906798198,783103
0633,CA,NINR,50318.53529089464,135019.18004245876,0.4428031105598728,783103
0633,CA,NLM,34177.402924052534,91707.85461279789,0.3007611457316623,783103
0633,CA,OD,1461365.5263248228,3921266.2683048784,12.860016631658441,783103
0634,CA,FIC,102223.29528439119,274294.6596268312,0.8995649985026425,754617
0634,CA,NCATS,2055166.4559620786,5514605.863040259,18.08546481246629,754617
0634,CA,NCCIH,349989.8327130624,939123.9224855986,3.0799105278749495,754617
0634,CA,NCI,13603470.87663042,36502045.873868495,119.71054371434771,754617
0634,CA,NEI,2655749.8827520376,7126144.85882943,23.370598968217934,754617
0634,CA,NHGRI,1747595.6338119374,4689304.41156475,15.37884157754505,754617
0634,CA,NHLBI,7880835.7881413335,21146561.20279904,69.35135493564374,754617
0634,CA,NIA,22292070.1325469,59816070.02956849,196.17021716641275,754617
0634,CA,NIAAA,1472322.8946570691,3950668.0559183345,12.95644147298221,754617
0634,CA,NIAID,13413885.940951545,35993334.67200654,118.0421962803736,754617
0634,CA,NIAMS,1285319.4871884733,3448883.8407064,11.310811487258565,754617
0634,CA,NIBIB,1485607.341638678,3986314.0684345,13.073344606420367,754617
0634,CA,NICHD,3161578.7952759312,8483430.094099449,27.821893398428195,754617
0634,CA,NIDA,3294972.9745223923,8841365.248614034,28.995762175797054,754617
0634,CA,NIDCD,1485710.537670196,3986590.9732267135,13.074252731497726,754617
0634,CA,NIDCR,3453427.339852087,9266544.128668498,30.39016059069837,754617
0634,CA,NIDDK,5449482.466216636,14622537.202060997,47.9554457027064,754617
0634,CA,NIEHS,2319664.5470803515,6224330.72246094,20.413048014307094,754617
0634,CA,NIGMS,6327756.797168602,16979201.189435285,55.6842598150837,754617
0634,CA,NIMH,5300836.60439791,14223677.373104475,46.64736211870161,754617
0634,CA,NIMHD,2315609.239572144,6213449.159803903,20.377361308234867,754617
0634,CA,NINDS,7034827.242532433,18876475.64731395,61.90647973428541,754617
0634,CA,NINR,319148.20596608083,856366.9199123032,2.8085042125015116,754617
0634,CA,NLM,172801.40068750648,463676.12443674274,1.520652326050057,754617
0634,CA,OD,8440279.655253092,22647710.864261474,74.27446096622721,754617
0635,CA,FIC,36716.69799712027,98521.51754375172,0.32310694237465837,764929
0635,CA,NCATS,720577.2743094725,1933517.1855071909,6.341080013923358,764929
0635,CA,NCCIH,139468.7707319985,374235.03996889293,1.2273251824415867,764929
0635,CA,NCI,7577972.279657058,20333890.835032422,66.68615606098211,764929
0635,CA,NEI,1153367.241976329,3094817.812148349,10.149631729391695,764929
0635,CA,NHGRI,614755.8660674836,1649567.748402707,5.409851621393855,764929
0635,CA,NHLBI,2633589.29069294,7066681.582488471,23.17558575809787,764929
0635,CA,NIA,6539650.375015507,17547772.928889893,57.548923300136465,764929
0635,CA,NIAAA,352395.73435312876,945579.6522644291,3.1010824623075335,764929
0635,CA,NIAID,4848226.721933966,13009194.184034906,42.6643951530189,764929
0635,CA,NIAMS,571274.809088333,1532895.4997618236,5.027218319977331,764929
0635,CA,NIBIB,432287.6960567593,1159952.8866769113,3.8041317252994817,764929
0635,CA,NICHD,1303579.5053860587,3497880.749506416,11.471499647397318,764929
0635,CA,NIDA,1265757.6079753162,3396393.6623619595,11.138666950182783,764929
0635,CA,NIDCD,389804.87192342116,1045959.185405379,3.4302828729261066,764929
0635,CA,NIDCR,666734.6530894131,1789041.8639096518,5.867264947186835,764929
0635,CA,NIDDK,2066830.8646233229,5545904.844300676,18.188111608685244,764929
0635,CA,NIEHS,783089.8642927821,2101256.5402615056,6.891190805776484,764929
0635,CA,NIGMS,3862975.745637995,10365480.924368823,33.994186561614356,764929
0635,CA,NIMH,1728447.4334535755,4637924.253205041,15.210337414391464,764929
0635,CA,NIMHD,646755.3950728308,1735431.737548446,5.691447476640912,764929
0635,CA,NINDS,2786982.551156061,7478280.054742047,24.525446450173337,764929
0635,CA,NINR,68301.01895708682,183271.38344424436,0.6010489668223641,764929
0635,CA,NLM,60235.41455169366,161629.03461458578,0.5300716480549043,764929
0635,CA,OD,2256975.027335271,6056116.613995665,19.861380240550385,764929
0636,CA,FIC,378969.73717806366,1016885.3858500003,3.3349336871669606,754490
0636,CA,NCATS,3545976.5016898937,9514880.290933909,31.204593214871064,754490
0636,CA,NCCIH,861393.568004939,2311368.019230095,7.5802633984434635,754490
0636,CA,NCI,18530558.665388774,49722847.10326645,163.06891625542121,754490
0636,CA,NEI,3792868.3277624464,10177362.450297033,33.37724128430953,754490
0636,CA,NHGRI,1590478.4986758572,4267713.706786575,13.996210788347543,754490
0636,CA,NHLBI,15182835.831449902,40739938.72895144,133.60895531675914,754490
0636,CA,NIA,15442075.720546095,41435554.311911374,135.89026634080565,754490
0636,CA,NIAAA,2004413.0826075817,5378419.886737547,17.63883512694672,754490
0636,CA,NIAID,49476988.6606825,132761067.0961684,435.397500214006,754490
0636,CA,NIAMS,2560653.6359065226,6870974.130985925,22.5337519959774,754490
0636,CA,NIBIB,2090311.67207482,5608910.640286349,18.394742714258417,754490
0636,CA,NICHD,6424948.5532178795,17239994.774399485,56.53954726831734,754490
0636,CA,NIDA,8433068.486394262,22628361.21306757,74.21100268026952,754490
0636,CA,NIDCD,1765121.7673167905,4736332.095527723,15.533071552387758,754490
0636,CA,NIDCR,3357017.4023031653,9007848.388807492,29.541753140267858,754490
0636,CA,NIDDK,8207685.591626416,22023593.7358104,72.22763320631246,754490
0636,CA,NIEHS,1890893.6378318742,5073814.391687202,16.639864012920494,754490
0636,CA,NIGMS,9480826.97734702,25439800.208919354,83.43127740065378,754490
0636,CA,NIMH,14289707.64108967,38343417.541716784,125.7494272415891,754490
0636,CA,NIMHD,3508057.193660591,9413131.822933087,30.8709033042132,754490
0636,CA,NINDS,11079980.58980337,29730791.754431672,97.50382919026966,754490
0636,CA,NINR,974706.24209862,2615418.6887517828,8.577414930467857,754490
0636,CA,NLM,220230.0439849438,590940.8886339834,1.9380243870675056,754490
0636,CA,OD,9703565.730776858,26037472.69039991,85.39137843083635,754490
0637,CA,FIC,218779.7156929127,587049.2384567603,1.9252614980976317,744775
0637,CA,NCATS,3750093.528903863,10062585.29641171,33.000823054353994,744775
0637,CA,NCCIH,729000.8949218105,1956120.195342265,6.415207875311933,744775
0637,CA,NCI,21969280.84189924,58949933.026617594,193.3296714087133,744775
0637,CA,NEI,4236125.110930675,11366748.569460599,37.27790097618994,744775
0637,CA,NHGRI,2271681.662818904,6095578.769495703,19.990798632806356,744775
0637,CA,NHLBI,13187842.911186073,35386795.86166939,116.05301761843745,744775
0637,CA,NIA,37613826.46311154,100928772.62720422,331.0016728753816,744775
0637,CA,NIAAA,2486999.2241808902,6673338.04678329,21.885593172791836,744775
0637,CA,NIAID,27228788.107031,73062711.83188514,239.6133353418728,744775
0637,CA,NIAMS,2417386.9749625204,6486548.253399213,21.27300537967018,744775
0637,CA,NIBIB,2468077.680368283,6622566.073474718,21.71908358724089,744775
0637,CA,NICHD,4711878.634070642,12643332.83856378,41.46453197982166,744775
0637,CA,NIDA,5454770.292854183,14636725.969931146,48.001978577116816,744775
0637,CA,NIDCD,2642960.525552818,7091827.31535711,23.2580526248648,744775
0637,CA,NIDCR,5951552.758017947,15969736.971108286,52.37366427055794,744775
0637,CA,NIDDK,8484148.715896957,22765424.23892799,74.66050869989323,744775
0637,CA,NIEHS,3891272.426564621,10441409.101422248,34.243197353768664,744775
0637,CA,NIGMS,9080617.235409835,24365921.74864667,79.90943167160655,744775
0637,CA,NIMH,8965787.20183075,24057799.56487353,78.8989273761106,744775
0637,CA,NIMHD,3371163.5738784755,9045806.657580549,29.666239450130586,744775
0637,CA,NINDS,11502288.037594432,30863964.74917285,101.220134730831,744775
0637,CA,NINR,577793.0941425967,1550385.9433572465,5.084579228454851,744775
0637,CA,NLM,285854.3607275291,767029.9060548426,2.515518374402256,744775
0637,CA,OD,12534884.24617749,33634718.95717669,110.30698136636192,744775
0638,CA,FIC,53824.43888733844,144426.53314133573,0.4736550622085783,722610
0638,CA,NCATS,809586.388270593,2172354.3756968454,7.124360216781219,722610
0638,CA,NCCIH,219449.51279047734,588846.4977447182,1.9311557125562007,722610
0638,CA,NCI,7906107.888026392,21214373.554345157,69.57374941463226,722610
0638,CA,NEI,1322314.433785582,3548151.9797008997,11.636367017313122,722610
0638,CA,NHGRI,748098.625214202,2007364.927921302,6.583267901884978,722610
0638,CA,NHLBI,3303265.7372059883,8863617.128788067,29.0687384874127,722610
0638,CA,NIA,7431787.340646071,19941634.37355724,65.39972859768542,722610
0638,CA,NIAAA,490149.55561134184,1315212.9869089094,4.313316089379809,722610
0638,CA,NIAID,7057540.879977243,18937422.904340625,62.10635974379974,722610
0638,CA,NIAMS,569292.5797405554,1527576.6052501728,5.009774701716887,722610
0638,CA,NIBIB,555236.05089223,1489858.8738342607,4.886077247851624,722610
0638,CA,NICHD,1565376.5815434994,4200358.0047751535,13.775313917582794,722610
0638,CA,NIDA,2004803.9601064564,5379468.724091219,17.642274848936818,722610
0638,CA,NIDCD,495114.278699608,1328534.7745293225,4.35700565255655,722610
0638,CA,NIDCR,1005068.183077108,2696888.5557046626,8.844600011078551,722610
0638,CA,NIDDK,2491296.155532259,6684867.956078275,21.92340616868388,722610
0638,CA,NIEHS,883998.4655050432,2372023.4955424233,7.77918649644438,722610
0638,CA,NIGMS,3513404.0431100586,9427478.966074359,30.917955579368517,722610
0638,CA,NIMH,2500684.4593807235,6710059.489978876,22.00602324255037,722610
0638,CA,NIMHD,1036453.821137567,2781105.297935619,9.12079362601059,722610
0638,CA,NINDS,3038880.551973859,8154195.228507213,26.74214885736996,722610
0638,CA,NINR,140014.33782941103,375698.95424471475,1.232126172898817,722610
0638,CA,NLM,79420.47680588947,213108.10409961865,0.6989001958918274,722610
0638,CA,OD,2995480.2062915224,8037739.551613758,26.3602258153654,722610
0639,CA,FIC,34814.910028310944,93418.47051190154,0.30637120824913633,780819
0639,CA,NCATS,492639.610308356,1321894.5236728098,4.335228570713533,780819
0639,CA,NCCIH,102431.22400580002,274852.5925100043,0.9013947712510402,780819
0639,CA,NCI,3861766.1753256656,10362235.297467517,33.98354234286586,780819
0639,CA,NEI,987565.0400294155,2649922.561786057,8.690572352258856,780819
0639,CA,NHGRI,440325.52226776205,1181520.6985788161,3.874864595956306,780819
0639,CA,NHLBI,1904671.1381147534,5110783.408779512,16.76110601540983,780819
0639,CA,NIA,5696658.257507834,15285781.322215714,50.130592666068935,780819
0639,CA,NIAAA,351482.0163616353,943127.8826871096,3.0930417439823907,780819
0639,CA,NIAID,5647966.137609731,15155126.28495829,49.70210201096564,780819
0639,CA,NIAMS,521157.3256221083,1398415.799900098,4.586184465474553,780819
0639,CA,NIBIB,395652.3058138185,1061649.5413481682,3.4817402911616027,780819
0639,CA,NICHD,1154645.3728616151,3098247.4068915313,10.160879281182213,780819
0639,CA,NIDA,1496182.6084044818,4014690.567058606,13.16640695395944,780819
0639,CA,NIDCD,402517.76903173124,1080071.5643449698,3.542156367479235,780819
0639,CA,NIDCR,744211.787525465,1996935.418503798,6.549063730224092,780819
0639,CA,NIDDK,1567414.987573316,4205827.637568484,13.793251890645182,780819
0639,CA,NIEHS,1770421.7914348957,4750553.59276517,15.579711764627083,780819
0639,CA,NIGMS,6435311.716794747,17267802.138836976,56.630743107793776,780819
0639,CA,NIMH,1727178.2891926528,4634518.772173554,15.199168944895346,780819
0639,CA,NIMHD,1579055.6530708363,4237062.909055175,13.89568974702336,780819
0639,CA,NINDS,3776246.81784477,10132762.132994903,33.230971997033976,780819
0639,CA,NINR,52012.733918257225,139565.2048457075,0.4577120584806636,780819
0639,CA,NLM,28505.424536507824,76488.29651800149,0.25084773592126886,780819
0639,CA,OD,2058733.9308690047,5524178.429768814,18.116858591647244,780819
0640,CA,FIC,37052.074233541935,99421.4289617928,0.326058253255169,744076
0640,CA,NCATS,871476.7136628713,2338424.014622494,7.668995080233268,744076
0640,CA,NCCIH,183768.82255098587,493104.8885815266,1.617165638448676,744076
0640,CA,NCI,5494036.461071524,14742088.453267856,48.347520857429416,744076
0640,CA,NEI,1309333.0279834038,3513319.1142950244,11.522130646253954,744076
0640,CA,NHGRI,596768.5210287425,1601302.5005326825,5.251562985052935,744076
0640,CA,NHLBI,2582011.1729766824,6928282.578584184,22.721698322194808,744076
0640,CA,NIA,7457823.997525888,20011498.252595782,65.62885117822782,744076
0640,CA,NIAAA,419103.8732491231,1124576.8779154993,3.6881140845922835,744076
0640,CA,NIAID,6044513.2839210965,16219176.942108996,53.19171689850565,744076
0640,CA,NIAMS,666255.0735332568,1787755.0132876493,5.86304464709266,744076
0640,CA,NIBIB,443637.24383426365,1190407.0051426496,3.90400774574152,744076
0640,CA,NICHD,1797860.7607538165,4824180.281563507,15.821174694633585,744076
0640,CA,NIDA,1665236.5106039697,4468311.069444002,14.654081293314935,744076
0640,CA,NIDCD,422277.18234829797,1133091.7838068358,3.716039204665022,744076
0640,CA,NIDCR,513165.9526099247,1376972.6353628007,4.515860382967338,744076
0640,CA,NIDDK,1875339.5017680058,5032078.147071347,16.502987615558453,744076
0640,CA,NIEHS,758999.374424182,2036614.7900580147,6.679194494932802,744076
0640,CA,NIGMS,3731514.0954295513,10012731.304063708,32.83732403978005,744076
0640,CA,NIMH,1908249.3523367972,5120384.792195855,16.792594300563817,744076
0640,CA,NIMHD,633215.1401257592,1699099.318292787,5.572293233106681,744076
0640,CA,NINDS,3002448.2465054155,8056436.818351428,26.421544569247658,744076
0640,CA,NINR,158500.32636903378,425302.20681287546,1.3948028720474972,744076
0640,CA,NLM,41780.291207303184,112108.60229005938,0.36766656262426806,744076
0640,CA,OD,2246811.400124594,6028844.663325608,19.77194032109643,744076
0641,CA,FIC,27589.561630682023,74030.77151531565,0.24278814235000182,824187
0641,CA,NCATS,497121.6185732689,1333921.0478427524,4.374670243444767,824187
0641,CA,NCCIH,96617.35061560788,259252.28909345277,0.8502326854173494,824187
0641,CA,NCI,3374334.6896981993,9054315.67826892,29.694145269344155,824187
0641,CA,NEI,662641.4792032755,1778058.694811375,5.831245016988825,824187
0641,CA,NHGRI,371553.663973883,996985.9170484012,3.269672242970171,824187
0641,CA,NHLBI,1718233.0678395173,4610516.156727448,15.120450996987753,824187
0641,CA,NIA,4479400.020552522,12019525.496136937,39.418720180862195,824187
0641,CA,NIAAA,330855.2170183547,887780.2157065481,2.9115259097615214,824187
0641,CA,NIAID,3764147.03262896,10100294.910547271,33.12449388713485,824187
0641,CA,NIAMS,378691.464142683,1016138.6988320294,3.3324848844556105,824187
0641,CA,NIBIB,248124.21773872638,665789.0225557019,2.1834931161007924,824187
0641,CA,NICHD,854666.6355583945,2293317.7143497425,7.5210663929138715,824187
0641,CA,NIDA,1164475.5554209028,3124624.629144717,10.247384887703944,824187
0641,CA,NIDCD,269567.2941277852,723326.9968806906,2.37219218832451,824187
0641,CA,NIDCR,443730.06888266,1190656.0815883258,3.9048246061674083,824187
0641,CA,NIDDK,1275829.1759272236,3423418.5914213415,11.227296748159569,824187
0641,CA,NIEHS,659748.4101237452,1770295.753925553,5.805786009088958,824187
0641,CA,NIGMS,2865456.3695563227,7688848.000608338,25.21601605209564,824187
0641,CA,NIMH,1232174.8872397859,3306281.5120163057,10.843139007710116,824187
0641,CA,NIMHD,510266.356789523,1369192.1813439806,4.490343939747802,824187
0641,CA,NINDS,2070830.75251999,5556637.700115092,18.223310622175912,824187
0641,CA,NINR,55910.12502806286,150023.03214351338,0.4920091002469532,824187
0641,CA,NLM,29497.399243027783,79150.05149005886,0.2595771133386445,824187
0641,CA,OD,1590073.266946532,4266626.352882008,13.992644749129482,824187
0642,CA,FIC,36967.931843208076,99195.65059833265,0.3253178002202311,722218
0642,CA,NCATS,790831.5178286254,2122029.635236142,6.959317356891904,722218
0642,CA,NCCIH,152791.510242081,409983.80241143005,1.344565290130313,722218
0642,CA,NCI,5830288.680383283,15644350.386697903,51.30654038737289,722218
0642,CA,NEI,1054001.0893355412,2828189.6923914393,9.275209586152764,722218
0642,CA,NHGRI,580225.788946586,1556913.56694226,5.105986942729957,722218
0642,CA,NHLBI,2984889.72718952,8009322.233892907,26.267029599267776,722218
0642,CA,NIA,9196610.800993979,24677166.025230493,80.93017504874702,722218
0642,CA,NIAAA,703374.4024199997,1887356.9059310008,6.189694741295998,722218
0642,CA,NIAID,5106467.84538157,13702129.789961582,44.936917039357816,722218
0642,CA,NIAMS,561984.3783349317,1507966.587675774,4.945462529347399,722218
0642,CA,NIBIB,543891.4074101422,1459417.9150112267,4.786244385209252,722218
0642,CA,NICHD,1402428.3274802717,3763120.721818142,12.341369281826392,722218
0642,CA,NIDA,1316653.6390741656,3532962.4306429713,11.586552023852658,722218
0642,CA,NIDCD,565251.3187080408,1516732.7333490287,4.974211604630759,722218
0642,CA,NIDCR,1369097.4597912286,3673684.366020786,12.048057646162812,722218
0642,CA,NIDDK,2032419.993517888,5453570.527048733,17.885295942957416,722218
0642,CA,NIEHS,955107.908310712,2562830.692242262,8.404949593134265,722218
0642,CA,NIGMS,3327695.0184314293,8929167.954165183,29.28371616219658,722218
0642,CA,NIMH,1839464.3640468922,4935814.779089497,16.187286403612653,722218
0642,CA,NIMHD,1088849.1886117917,2921697.2192524,9.581872859783768,722218
0642,CA,NINDS,2674914.812996143,7177569.908310119,23.53925035436606,722218
0642,CA,NINR,131664.51631448726,353293.9687273821,1.158647743567488,722218
0642,CA,NLM,62893.56518155031,168761.62137208495,0.5534633735976427,722218
0642,CA,OD,3796167.989067291,10186216.395691555,33.40627830379216,722218
0643,CA,FIC,121705.65521527042,326571.46474352083,1.0710097658943798,719690
0643,CA,NCATS,1765844.408195576,4738271.149960741,15.539430792121069,719690
0643,CA,NCCIH,365951.2818409759,981953.1058289037,3.220371280200588,719690
0643,CA,NCI,10205434.517226283,27384131.762321804,89.80782375159129,719690
0643,CA,NEI,2123538.971439165,5698069.09232124,18.687142948664654,719690
0643,CA,NHGRI,1046752.0786393001,2808738.500605604,9.211418292025842,719690
0643,CA,NHLBI,6857971.2749480335,18401919.947494477,60.3501472195427,719690
0643,CA,NIA,14566338.830757838,39085699.01289317,128.18378171066897,719690
0643,CA,NIAAA,1154466.5576329385,3097767.593927671,10.159305707169858,719690
0643,CA,NIAID,16269111.080540707,43654729.3242015,143.16817750875822,719690
0643,CA,NIAMS,1197125.8102161305,3212234.703745333,10.534707129901948,719690
0643,CA,NIBIB,1102756.5191848632,2959014.6085543763,9.704257368826797,719690
0643,CA,NICHD,2814189.8248853944,7551285.037277579,24.76487045899147,719690
0643,CA,NIDA,3073590.1727570323,8247331.177529497,27.047593520261884,719690
0643,CA,NIDCD,1097476.0069473453,2944845.4673345033,9.65778886113664,719690
0643,CA,NIDCR,2389876.2004134166,6412728.890405451,21.030910563638066,719690
0643,CA,NIDDK,4025122.0245652986,10800566.276141014,35.421073816174626,719690
0643,CA,NIEHS,1523638.0556071666,4088361.4707837454,13.408014889343066,719690
0643,CA,NIGMS,5011109.811992938,13446256.613126,44.097766345537856,719690
0643,CA,NIMH,4919840.191719786,13201353.830864422,43.294593687134125,719690
0643,CA,NIMHD,2548803.5276793237,6839176.86409409,22.42947104357805,719690
0643,CA,NINDS,5443817.101806171,14607335.391179172,47.90559049589431,719690
0643,CA,NINR,328488.8926954813,881430.6833137261,2.8907022557202358,719690
0643,CA,NLM,125617.82063175323,337068.93577820645,1.1054368215594286,719690
0643,CA,OD,5755558.6793579,15443828.185391996,50.648916378349526,719690
0644,CA,FIC,49023.727324787214,131544.8358691715,0.4314088004581275,742823
0644,CA,NCATS,916647.1926462073,2459629.4710054575,8.066495295286625,742823
0644,CA,NCCIH,159516.75909094987,428029.58971239853,1.4037474800003589,742823
0644,CA,NCI,5862949.289866806,15731988.245921327,51.59395375082789,742823
0644,CA,NEI,1101783.4888961772,2956403.6869332404,9.69569470228636,742823
0644,CA,NHGRI,550159.5056264279,1476237.034977575,4.841403649512566,742823
0644,CA,NHLBI,4002048.7218427868,10738653.933175245,35.218028752216526,742823
0644,CA,NIA,8795243.584584396,23600181.726258814,77.39814354434269,742823
0644,CA,NIAAA,673506.4789134328,1807212.6307029163,5.926857014438209,742823
0644,CA,NIAID,8039529.278143274,21572381.72349324,70.74785764766081,742823
0644,CA,NIAMS,566800.3111344093,1520889.1279279087,4.987842737982802,742823
0644,CA,NIBIB,557730.3945722005,1496551.9191796137,4.908027472235364,742823
0644,CA,NICHD,2134180.3493823884,5726622.986350741,18.78078707456502,742823
0644,CA,NIDA,1478644.4225966025,3967630.543281629,13.012070918850103,742823
0644,CA,NIDCD,591028.6633980462,1585900.8028008863,5.201052237902807,742823
0644,CA,NIDCR,1513578.5107743044,4061368.803229307,13.31949089481388,742823
0644,CA,NIDDK,2226664.6065888894,5974784.99072286,19.594648537982227,742823
0644,CA,NIEHS,921898.8415563978,2473721.1635721354,8.112709805696301,742823
0644,CA,NIGMS,3109088.958143095,8342584.683372238,27.359982831659238,742823
0644,CA,NIMH,2183674.4563106927,5859429.986708771,19.216335215534098,742823
0644,CA,NIMHD,1303253.538216412,3497006.0853352114,11.468631136304428,742823
0644,CA,NINDS,2884239.3904185835,7739248.276786524,25.381306635683536,742823
0644,CA,NINR,153014.72663540495,410582.7565388584,1.3465295943915636,742823
0644,CA,NLM,64347.37118728654,172662.60326077734,0.5662568664481216,742823
0644,CA,OD,3400000.0698562018,9123183.31450631,29.920000614734576,742823
0645,CA,FIC,32943.910073051855,88398.03662291527,0.28990640864285633,741928
0645,CA,NCATS,578465.5775498769,1552190.410790931,5.090497082438917,741928
0645,CA,NCCIH,132977.7757815272,356817.82361301535,1.1702044268774394,741928
0645,CA,NCI,4544409.715475566,12193965.305494983,39.99080549618498,741928
0645,CA,NEI,841276.669986532,2257388.5649446966,7.403234695881482,741928
0645,CA,NHGRI,456737.43604831485,1225558.6088392674,4.019289437225171,741928
0645,CA,NHLBI,2255586.716678689,6052391.375067062,19.849163106772462,741928
0645,CA,NIA,5612173.37732152,15059083.959448766,49.387125720429374,741928
0645,CA,NIAAA,394151.0133291542,1057621.139505558,3.468528917296557,741928
0645,CA,NIAID,5177396.660732396,13892452.310970742,45.561090614445085,741928
0645,CA,NIAMS,440590.0925219875,1182230.6170727196,3.8771928141934904,741928
0645,CA,NIBIB,344429.940472275,924205.1239328239,3.0309834761560204,741928
0645,CA,NICHD,1275629.4202228482,3422882.589106138,11.225538897961064,741928
0645,CA,NIDA,1392168.805071456,3735591.4566029008,12.251085484628813,741928
0645,CA,NIDCD,318645.41154735663,855017.777101337,2.8040796216167387,741928
0645,CA,NIDCR,554461.8544035105,1487781.4807922263,4.879264318750892,741928
0645,CA,NIDDK,1554837.3607976134,4172078.2280453746,13.682568775018998,741928
0645,CA,NIEHS,622911.1337047041,1671450.6896099318,5.481617976601396,741928
0645,CA,NIGMS,3007253.8999784966,8069331.776198522,26.463834319810772,741928
0645,CA,NIMH,1625122.3494387541,4360673.175826726,14.301076675061037,741928
0645,CA,NIMHD,744833.8888094163,1998604.6961323475,6.554538221522864,741928
0645,CA,NINDS,2223264.9634141517,5965662.765061155,19.564731678044534,741928
0645,CA,NINR,127959.40159591465,343352.07458493783,1.1260427340440489,741928
0645,CA,NLM,40151.716043987006,107738.66421620107,0.35333510118708567,741928
0645,CA,OD,2452895.6814180235,6581828.380339989,21.58548199647861,741928
0646,CA,FIC,31922.212225759737,85656.52586957088,0.2809154675866857,763396
0646,CA,NCATS,744625.1384272922,1998044.558495888,6.552701218160172,763396
0646,CA,NCCIH,149717.4594234828,401735.23518791056,1.3175136429266487,763396
0646,CA,NCI,4443829.377911058,11924079.176500069,39.10569852561731,763396
0646,CA,NEI,1070927.6439500337,2873608.5328203305,9.424163266760297,763396
0646,CA,NHGRI,518607.58389265137,1391574.105569349,4.5637467382553325,763396
0646,CA,NHLBI,2131698.296653945,5719962.921182326,18.75894501055472,763396
0646,CA,NIA,7119322.216002232,19103200.093279015,62.65003550081965,763396
0646,CA,NIAAA,368968.7459081869,990049.8344361081,3.2469249639920448,763396
0646,CA,NIAID,4831383.491831247,12963998.927364804,42.516174728114976,763396
0646,CA,NIAMS,546459.0786924666,1466307.7195167392,4.808839892493706,763396
0646,CA,NIBIB,405717.7997939001,1088658.1721848224,3.570316638186321,763396
0646,CA,NICHD,1380886.9817316371,3705319.0623863335,12.151805439238407,763396
0646,CA,NIDA,1406984.8169350699,3775347.1005571573,12.381466389028615,763396
0646,CA,NIDCD,396553.830990229,1064068.5940770062,3.489673712714015,763396
0646,CA,NIDCR,621184.2003998023,1666816.828201449,5.46642096351826,763396
0646,CA,NIDDK,1527205.0453853281,4097932.735771547,13.439404399390888,763396
0646,CA,NIEHS,774522.753696423,2078268.5053084535,6.815800232528523,763396
0646,CA,NIGMS,3067358.5931084286,8230610.047439767,26.992755619354174,763396
0646,CA,NIMH,1543855.3721452092,4142610.3769938457,13.585927274877841,763396
0646,CA,NIMHD,577052.2142464545,1548397.9483667572,5.0780594853688,763396
0646,CA,NINDS,2583302.658169232,6931748.006795219,22.733063391889242,763396
0646,CA,NINR,100648.67496578352,270069.4980026399,0.885708339698895,763396
0646,CA,NLM,42091.36233806217,112943.29608166423,0.3704039885749471,763396
0646,CA,OD,2212875.8538200133,5937785.779956908,19.473307513616117,763396
0647,CA,FIC,107179.8582988368,287594.55140965746,0.9431827530297638,756257
0647,CA,NCATS,3085946.0920589347,8280485.681792572,27.15632561011863,756257
0647,CA,NCCIH,576951.0787541069,1548126.5725969533,5.077169493036141,756257
0647,CA,NCI,12123062.016989889,32529680.83580218,106.68294574951102,756257
0647,CA,NEI,4808304.932079666,12902072.478269948,42.31308340230107,756257
0647,CA,NHGRI,1636447.95584189,4391063.0526622655,14.400742011408633,756257
0647,CA,NHLBI,5101247.167424632,13688121.201417888,44.89097507333677,756257
0647,CA,NIA,20815713.395743232,55854578.00876513,183.17827788254044,756257
0647,CA,NIAAA,646604.4510292418,1735026.7110332688,5.690119169057328,756257
0647,CA,NIAID,15231927.266772665,40871665.24495728,134.04095994759945,756257
0647,CA,NIAMS,2621480.147209703,7034189.249103341,23.06902529544539,756257
0647,CA,NIBIB,1233813.4369187963,3310678.2145999526,10.857558244885407,756257
0647,CA,NICHD,4201270.0324784275,11273222.315452375,36.97117628581017,756257
0647,CA,NIDA,3419709.1190738184,9176068.39252766,30.093440247849603,756257
0647,CA,NIDCD,1228645.4446280857,3296810.9969330714,10.812079912727155,756257
0647,CA,NIDCR,835413.0722190692,2241654.8366458747,7.35163503552781,756257
0647,CA,NIDDK,3401427.8953987453,9127014.583299873,29.93256547950896,756257
0647,CA,NIEHS,1670386.8750424117,4482130.986486064,14.699404500373223,756257
0647,CA,NIGMS,11423839.758978115,30653465.33393184,100.52978987900742,756257
0647,CA,NIMH,4762878.33882698,12780179.793245593,41.91332938167743,756257
0647,CA,NIMHD,1497155.4326291522,4017300.9357504034,13.17496780713654,756257
0647,CA,NINDS,8459329.127789244,22698826.10732655,74.44209632454535,756257
0647,CA,NINR,119357.61902020108,320271.004685701,1.0503470473777696,756257
0647,CA,NLM,67598.1877947243,181385.48420846817,0.5948640525935739,756257
0647,CA,OD,4808354.795404282,12902206.275988124,42.31352219955769,756257
0648,CA,FIC,61519.856262017194,165075.56312614997,0.5413747351057513,768439
0648,CA,NCATS,2207096.450498507,5922277.969701833,19.42244876438686,768439
0648,CA,NCCIH,398542.1387424192,1069403.798705297,3.5071708209332892,768439
0648,CA,NCI,10638070.143753305,28545018.247056272,93.6150172650291,768439
0648,CA,NEI,1665961.5072025503,4470256.444954398,14.660461263382443,768439
0648,CA,NHGRI,1613553.27889068,4329630.014291438,14.199268854237985,768439
0648,CA,NHLBI,7586992.59739085,20358094.955782324,66.76553485703948,768439
0648,CA,NIA,12189142.362743247,32706993.51092202,107.26445279214059,768439
0648,CA,NIAAA,2518669.5930959983,6758318.804228624,22.164292419244784,768439
0648,CA,NIAID,18430751.27771426,49455035.02232873,162.19061124388548,768439
0648,CA,NIAMS,1228609.2220993245,3296713.801414479,10.811761154474056,768439
0648,CA,NIBIB,575693.4818759355,1544752.076532371,5.066102640508232,768439
0648,CA,NICHD,2698229.7577225333,7240130.646644291,23.744421867958295,768439
0648,CA,NIDA,6364714.157916856,17078368.47472917,56.00948458966833,768439
0648,CA,NIDCD,1111638.1750538852,2982846.659426327,9.78241594047419,768439
0648,CA,NIDCR,583511.8874592283,1565731.1194435547,5.134904609641209,768439
0648,CA,NIDDK,5850923.934501043,15699720.740283133,51.48813062360918,768439
0648,CA,NIEHS,1047087.7827531903,2809639.291813701,9.214372488228074,768439
0648,CA,NIGMS,10303203.392923322,27646473.926177993,90.66818985772524,768439
0648,CA,NIMH,7016935.93668145,18828468.100354895,61.74903624279677,768439
0648,CA,NIMHD,1208926.1883199438,3243898.53033641,10.638550457215507,768439
0648,CA,NINDS,6628716.316547832,17786762.603885066,58.332703585620926,768439
0648,CA,NINR,162081.9017799679,434912.6092709149,1.4263207356637178,768439
0648,CA,NLM,146002.0768349284,391765.78938129905,1.2848182761473699,768439
0648,CA,OD,8595667.50883321,23064661.406594563,75.64187407773225,768439
0649,CA,FIC,87858.41263503204,235749.52580069652,0.7731540311882821,748243
0649,CA,NCATS,3202549.5087367278,8593366.365202164,28.182435676883205,748243
0649,CA,NCCIH,571896.4839485786,1534563.6331722678,5.032689058747492,748243
0649,CA,NCI,14095908.375618165,37823398.0744266,124.04399370543986,748243
0649,CA,NEI,2744238.4159927825,7363585.180417789,24.149298060736488,748243
0649,CA,NHGRI,2270176.7898801807,6091540.760259547,19.97755575094559,748243
0649,CA,NHLBI,9694499.870109292,26013146.364789724,85.31159885696177,748243
0649,CA,NIA,18538950.65344036,49745365.23379431,163.14276575027517,748243
0649,CA,NIAAA,2835990.5595481973,7609782.712169708,24.95671692402414,748243
0649,CA,NIAID,24326344.31354739,65274615.87778066,214.07182995921707,748243
0649,CA,NIAMS,1925210.5172478282,5165896.502058099,16.94185255178089,748243
0649,CA,NIBIB,874411.8350753265,2346299.794077197,7.694824148662874,748243
0649,CA,NICHD,4494424.38042952,12059840.198055977,39.55093454777978,748243
0649,CA,NIDA,7907183.345654046,21217259.31813412,69.5832134417556,748243
0649,CA,NIDCD,1235127.6940662838,3314204.746550711,10.869123707783297,748243
0649,CA,NIDCR,792467.7084561951,2126420.0078026424,6.973715834414517,748243
0649,CA,NIDDK,7484360.315499158,20082702.866827574,65.8623707763926,748243
0649,CA,NIEHS,1571831.0644118076,4217677.248656936,13.832113366823908,748243
0649,CA,NIGMS,12989983.725863678,34855882.45547307,114.31185678760038,748243
0649,CA,NIMH,8403428.500980658,22548828.56165235,73.95017080862979,748243
0649,CA,NIMHD,857378.2149724716,2300593.6659845063,7.54492829175775,748243
0649,CA,NINDS,9203721.738922188,24696246.727855265,80.99275130251526,748243
0649,CA,NINR,441103.2714271054,1183607.6244634066,3.881708788558528,748243
0649,CA,NLM,174606.04337557824,468518.5025903286,1.5365331817050887,748243
0649,CA,OD,10456763.601940058,28058520.369674932,92.01951969707251,748243
0650,CA,FIC,237377.18907451624,636951.637092357,2.088919263855743,759815
0650,CA,NCATS,8679156.752153303,23288687.187756047,76.37657941894908,759815
0650,CA,NCCIH,1544145.1745705183,4143388.0006987755,13.588477536220562,759815
0650,CA,NCI,38044216.9379526,102083634.72076838,334.7891090539829,759815
0650,CA,NEI,5810011.582015671,15589941.068552854,51.12810192173791,759815
0650,CA,NHGRI,5850974.281062425,15699855.834665284,51.48857367334934,759815
0650,CA,NHLBI,29466369.710825022,79066790.2828139,259.3040534552602,759815
0650,CA,NIA,44040016.52374287,118172098.7249821,387.5521454089373,759815
0650,CA,NIAAA,9194876.135733897,24672511.416750528,80.9149099944583,759815
0650,CA,NIAID,73244741.4158428,196536820.30324426,644.5537244594167,759815
0650,CA,NIAMS,4483448.337986728,12030388.302404214,39.45434537428321,759815
0650,CA,NIBIB,2050490.1887409405,5502058.085919812,18.044313660920277,759815
0650,CA,NICHD,9396007.19171858,25212204.198011592,82.6848632871235,759815
0650,CA,NIDA,24424067.538439628,65536835.54732741,214.93179433826873,759815
0650,CA,NIDCD,3567003.0098525085,9571300.492254555,31.389626486702078,759815
0650,CA,NIDCR,1994235.6764591616,5351110.963193276,17.549273952840622,759815
0650,CA,NIDDK,23223168.8546943,62314477.13295792,204.36388592130984,759815
0650,CA,NIEHS,3498485.7169067035,9387448.783161871,30.78667430877899,759815
0650,CA,NIGMS,35474593.38657968,95188591.71289003,312.1764218019012,759815
0650,CA,NIMH,26169905.531978864,70221423.70180999,230.29516868141403,759815
0650,CA,NIMHD,2068462.5539227994,5550283.138502321,18.202470474520634,759815
0650,CA,NINDS,24297916.08639225,65198334.724158876,213.8216615602518,759815
0650,CA,NINR,399899.32341059536,1073045.517606771,3.5191140460132395,759815
0650,CA,NLM,595571.389996896,1598090.2518177931,5.2410282319726855,759815
0650,CA,OD,32261005.93504586,86565607.35548672,283.8968522284036,759815
0651,CA,FIC,177922.80865009467,477418.34288117953,1.565720716120833,766304
0651,CA,NCATS,6469109.53664463,17358491.462303426,56.92816392247275,766304
0651,CA,NCCIH,1170157.431810375,3139870.746440742,10.2973853999313,766304
0651,CA,NCI,29796046.67172912,79951408.89666724,262.2052107112163,766304
0651,CA,NEI,4403996.739018371,11817196.688543566,38.75517130336167,766304
0651,CA,NHGRI,4564919.81613946,12248999.836174741,40.17129438202725,766304
0651,CA,NHLBI,23008962.711777784,61739700.112731755,202.4788718636445,766304
0651,CA,NIA,34112285.70719092,91533126.29098816,300.18811422328014,766304
0651,CA,NIAAA,7744736.746696124,20781368.120880738,68.15368337092589,766304
0651,CA,NIAID,56281000.783923924,151018199.03707454,495.2728068985306,766304
0651,CA,NIAMS,3422088.0403874908,9182451.726289278,30.11437475540992,766304
0651,CA,NIBIB,1538081.599286339,4127117.6748981006,13.535118073719785,766304
0651,CA,NICHD,7337303.523504052,19688106.971695337,64.56827100683566,766304
0651,CA,NIDA,19058555.39579892,51139615.00386107,167.71528748303052,766304
0651,CA,NIDCD,3497816.6095197764,9385653.374566987,30.780786163774035,766304
0651,CA,NIDCR,1603912.4716908603,4303760.94088654,14.114429750879571,766304
0651,CA,NIDDK,17749191.077867564,47626211.92958804,156.19288148523458,766304
0651,CA,NIEHS,2686739.252170306,7209298.297710324,23.643305419098695,766304
0651,CA,NIGMS,27848105.091443583,74724518.37967801,245.06332480470354,766304
0651,CA,NIMH,21455342.633629218,57570888.20601716,188.80701517593712,766304
0651,CA,NIMHD,3714976.335759898,9968355.71289383,32.6917917546871,766304
0651,CA,NINDS,18257780.948907353,48990905.614901215,160.66847235038472,766304
0651,CA,NINR,478578.063247426,1284163.326941438,4.211486956577349,766304
0651,CA,NLM,458396.26280375756,1230009.7206822007,4.033887112673066,766304
0651,CA,OD,26109857.496034022,70060297.45817906,229.7667459650994,766304
0652,CA,FIC,76699.12076923325,205805.9189595157,0.6749522627692527,756396
0652,CA,NCATS,3095601.9489419754,8306395.137849242,27.241297150689384,756396
0652,CA,NCCIH,552678.1181189802,1482995.200564534,4.863567439447026,756396
0652,CA,NCI,14452387.331825119,38779934.19160893,127.18100852006106,756396
0652,CA,NEI,2080170.0226776649,5581697.662444966,18.305496199563454,756396
0652,CA,NHGRI,1931492.7071610314,5182753.434121963,16.99713582301708,756396
0652,CA,NHLBI,10535428.343041921,28269600.616355877,92.71176941876891,756396
0652,CA,NIA,16163982.531363007,43372639.02831018,142.24304627599446,756396
0652,CA,NIAAA,4084090.271537257,10958795.133731306,35.93999438952786,756396
0652,CA,NIAID,29734168.3990932,79785371.598772,261.66068191202015,756396
0652,CA,NIAMS,1513794.2441951851,4061947.678377931,13.32138934891763,756396
0652,CA,NIBIB,691636.1948158535,1855859.9007674428,6.086398514379511,756396
0652,CA,NICHD,3471517.0445373775,9315084.03706802,30.549349991928924,756396
0652,CA,NIDA,8460530.286864808,22702049.16444746,74.45266652441032,756396
0652,CA,NIDCD,2007087.5268897065,5385596.194075473,17.662370236629418,756396
0652,CA,NIDCR,931487.479623848,2499450.2521099187,8.197089820689863,756396
0652,CA,NIDDK,7792426.823607266,20909334.38705839,68.57335604774394,756396
0652,CA,NIEHS,1277071.244094481,3426751.4194643367,11.238226948031434,756396
0652,CA,NIGMS,13463294.702226764,36125912.66529922,118.47699337959553,756396
0652,CA,NIMH,10652078.424368327,28582606.514511015,93.73829013444129,756396
0652,CA,NIMHD,2863318.440582563,7683111.31897885,25.197202277126557,756396
0652,CA,NINDS,8588034.678775148,23044180.316477668,75.5747051732213,756396
0652,CA,NINR,311973.23400280776,837114.3954556929,2.7453644592247084,756396
0652,CA,NLM,186830.19711553902,501319.4417500407,1.6441057346167434,756396
0652,CA,OD,12987381.2699445,34848899.31372873,114.2889551755116,756396
0801,CO,FIC,564.3079525849367,1580.5491593453164,0.005417356344815392,735987
0801,CO,NCATS,4910588.274763745,13753884.087608343,47.141647437731955,735987
0801,CO,NCCIH,230473.03643229016,645523.3570893013,2.2125411497499856,735987
0801,CO,NCI,12639845.20812567,35402472.40260358,121.34251399800642,735987
0801,CO,NEI,1799299.39154545,5039590.754818671,17.27327415883632,735987
0801,CO,NHGRI,1288354.377708537,3608503.866192798,12.368202026001955,735987
0801,CO,NHLBI,23119425.323461168,64754338.64108683,221.9464831052272,735987
0801,CO,NIA,8023308.590481285,22472186.66645414,77.02376246862033,735987
0801,CO,NIAAA,1683512.9719720115,4715288.878011686,16.16172453093131,735987
0801,CO,NIAID,16853123.41012921,47203286.638448186,161.78998473724042,735987
0801,CO,NIAMS,3198661.9365277607,8959013.268642291,30.7071545906665,735987
0801,CO,NIBIB,386222.0820350871,1081755.0670425363,3.707731987536836,735987
0801,CO,NICHD,5868269.8584799515,16436218.82191339,56.335390641407535,735987
0801,CO,NIDA,4123151.545341452,11548381.834760502,39.582254835277936,735987
0801,CO,NIDCD,2477148.627548827,6938153.472604833,23.780626824468737,735987
0801,CO,NIDCR,2290915.611685026,6416540.3439619765,21.99278987217625,735987
0801,CO,NIDDK,13976788.99172871,39147068.52886086,134.1771743205956,735987
0801,CO,NIEHS,1755597.2156616508,4917186.95554862,16.853733270351846,735987
0801,CO,NIGMS,9968074.010715041,27919207.811547168,95.6935105028644,735987
0801,CO,NIMH,3457143.2112572985,9682983.858829545,33.18857482807007,735987
0801,CO,NIMHD,973511.1387980676,2726671.14647652,9.345706932461448,735987
0801,CO,NINDS,6240207.051885839,17477963.875609845,59.90598769810405,735987
0801,CO,NINR,1207492.2668082512,3382020.1868101335,11.59192576135921,735987
0801,CO,NLM,473593.754167608,1326471.1344080146,4.546500040009036,735987
0801,CO,OD,10354062.74183658,29000309.29469362,99.39900232163116,735987
0802,CO,FIC,1003.9371000537471,2811.8900899003224,0.009637796160515973,728333
0802,CO,NCATS,1245857.9944824695,3489477.326737698,11.960236747031706,728333
0802,CO,NCCIH,1035106.5127942652,2899191.3389411075,9.937022522824945,728333
0802,CO,NCI,4164275.129931714,11663563.353567151,39.97704124734445,728333
0802,CO,NEI,672891.0983051917,1884675.6542867243,6.45975454372984,728333
0802,CO,NHGRI,757694.494424618,2122198.3328741975,7.2738671464763325,728333
0802,CO,NHLBI,7877644.597570606,22064201.80555108,75.62538813667781,728333
0802,CO,NIA,6268649.164486277,17557626.331109017,60.179031979068256,728333
0802,CO,NIAAA,550513.7185039729,1541913.4020773051,5.2849316976381395,728333
0802,CO,NIAID,18449781.611957163,51675307.220651716,177.11790347478876,728333
0802,CO,NIAMS,3017358.9804380876,8451208.561085522,28.96664621220564,728333
0802,CO,NIBIB,2049142.910474064,5739368.175997331,19.671771940551015,728333
0802,CO,NICHD,5967523.965444032,16714215.959123742,57.288230068262706,728333
0802,CO,NIDA,5478279.378115123,15343908.988125376,52.59148202990518,728333
0802,CO,NIDCD,580259.4825410972,1625227.206406307,5.570491032394533,728333
0802,CO,NIDCR,902693.1895385646,2528319.785918972,8.66585461957022,728333
0802,CO,NIDDK,6075837.942935669,17017588.55078323,58.328044252182416,728333
0802,CO,NIEHS,3032176.9356152928,8492711.620702643,29.10889858190681,728333
0802,CO,NIGMS,17580072.19090414,49239370.4453089,168.76869303267975,728333
0802,CO,NIMH,4473983.535106702,12531014.108423965,42.95024193702434,728333
0802,CO,NIMHD,448542.8334389293,1256306.9421134186,4.306011201013721,728333
0802,CO,NINDS,5072514.711361968,14207417.822280604,48.69614122907489,728333
0802,CO,NINR,541865.774123355,1517691.6962547326,5.201911431584208,728333
0802,CO,NLM,269642.0670414508,755230.4383347348,2.5885638435979277,728333
0802,CO,OD,7701942.868898882,21572085.367575105,73.93865154142927,728333
0803,CO,FIC,1068.5798605040952,2992.945593760478,0.010258366660839313,742698
0803,CO,NCATS,109573.87609823635,306901.39481457707,1.051909210543069,742698
0803,CO,NCCIH,16320.103777093407,45710.371769802085,0.1566729962600967,742698
0803,CO,NCI,417237.1811328216,1168624.1047397458,4.005476938875087,742698
0803,CO,NEI,53721.4393285266,150466.38166372996,0.5157258175538553,742698
0803,CO,NHGRI,38050.109636233254,106573.13710193303,0.3652810525078392,742698
0803,CO,NHLBI,585427.3744569073,1639701.762693712,5.62010279478631,742698
0803,CO,NIA,390123.2290208752,1092681.6445621785,3.7451829986004017,742698
0803,CO,NIAAA,73609.16904102817,206169.18424588925,0.7066480227938704,742698
0803,CO,NIAID,519536.56102674105,1455150.633654018,4.987550985856714,742698
0803,CO,NIAMS,151492.0276239833,424308.3866030842,1.4543234651902397,742698
0803,CO,NIBIB,36266.40593808885,101577.22774480071,0.34815749700565296,742698
0803,CO,NICHD,208773.74730755808,584746.6251163029,2.0042279741525575,742698
0803,CO,NIDA,177665.60334887556,497616.9815281448,1.7055897921492054,742698
0803,CO,NIDCD,56780.841764722754,159035.3481765686,0.5450960809413384,742698
0803,CO,NIDCR,57935.65809300762,162269.83028604084,0.5561823176928732,742698
0803,CO,NIDDK,357004.8369116506,999921.5716847284,3.427246434351846,742698
0803,CO,NIEHS,82788.91620141183,231880.39669803545,0.7947735955335535,742698
0803,CO,NIGMS,1010628.220277807,2830630.9997116625,9.702030914666947,742698
0803,CO,NIMH,248479.4022515595,695956.717505619,2.385402261614971,742698
0803,CO,NIMHD,51338.60260794187,143792.3829041423,0.49285058503624196,742698
0803,CO,NINDS,208650.68559426014,584401.9461398509,2.0030465817048975,742698
0803,CO,NINR,31391.763059040368,87924.02177934154,0.3013609253667875,742698
0803,CO,NLM,12998.872130795624,36408.05755909297,0.12478917245563799,742698
0803,CO,OD,355607.88098559174,996008.8897803519,3.4138356574616804,742698
0804,CO,FIC,287.68077171103664,805.7543754343116,0.0027617354084259515,789599
0804,CO,NCATS,1820168.8347414685,5098043.202189608,17.473620813518096,789599
0804,CO,NCCIH,191264.46606545273,535705.5304069652,1.836138874228346,789599
0804,CO,NCI,5056769.61898503,14163317.978558416,48.54498834225628,789599
0804,CO,NEI,711385.3009518788,1992492.634987048,6.829298889138036,789599
0804,CO,NHGRI,532085.6566210345,1490298.9288379655,5.108022303561931,789599
0804,CO,NHLBI,7736462.945666178,21668771.36688658,74.2700442783953,789599
0804,CO,NIA,3647476.266986628,10216080.636662632,35.01577216307163,789599
0804,CO,NIAAA,817065.8822644722,2288489.445217368,7.843832469738933,789599
0804,CO,NIAID,7606416.97181444,21304530.434774835,73.02160292941862,789599
0804,CO,NIAMS,1297839.0640076334,3635069.1713387226,12.45925501447328,789599
0804,CO,NIBIB,351173.01898680977,983587.4497281983,3.3712609822733737,789599
0804,CO,NICHD,2631296.5842105006,7369900.752082939,25.260447208420803,789599
0804,CO,NIDA,1866356.6256365064,5227408.868111499,17.91702360611046,789599
0804,CO,NIDCD,905559.4738884479,2536347.8551653833,8.693370949329099,789599
0804,CO,NIDCR,876085.4332626816,2453795.1108346134,8.410420159321744,789599
0804,CO,NIDDK,5323305.062421004,14909847.1903633,51.10372859924164,789599
0804,CO,NIEHS,936330.3476237078,2622532.8511269027,8.988771337187595,789599
0804,CO,NIGMS,5143262.471439944,14405572.592569754,49.37531972582346,789599
0804,CO,NIMH,1516373.7142501546,4247154.746504618,14.557187656801483,789599
0804,CO,NIMHD,408588.3964740146,1144400.0454132408,3.92244860615054,789599
0804,CO,NINDS,2737046.5308806133,7666091.845163629,26.275646696453887,789599
0804,CO,NINR,460874.361051527,1290845.8592281854,4.424393866094659,789599
0804,CO,NLM,215787.18338504832,604390.2974154822,2.071556960496464,789599
0804,CO,OD,4291141.2394273495,12018897.921854237,41.194955898502556,789599
0805,CO,FIC,463.1557286523097,1297.235656903475,0.004446294995062172,745409
0805,CO,NCATS,841424.8744012938,2356715.6404499393,8.07767879425242,745409
0805,CO,NCCIH,51728.21758020125,144883.64099124185,0.49659088876993196,745409
0805,CO,NCI,2205394.799588321,6177008.281642457,21.171790076047877,745409
0805,CO,NEI,330771.092460921,926444.4524129782,3.175402487624841,745409
0805,CO,NHGRI,234909.61816077828,657949.6138684369,2.2551323343434713,745409
0805,CO,NHLBI,2937462.8929320904,8227430.580704186,28.199643772148068,745409
0805,CO,NIA,1522991.5494787463,4265690.395097417,14.620718874995964,745409
0805,CO,NIAAA,430823.8159268919,1206678.4048851393,4.135908632898162,745409
0805,CO,NIAID,2306176.015090737,6459282.640368896,22.139289744871075,745409
0805,CO,NIAMS,573036.6120738316,1604996.9371130907,5.501151475908784,745409
0805,CO,NIBIB,99504.94724734142,278699.7064316822,0.9552474935744776,745409
0805,CO,NICHD,1202448.0326143273,3367891.978837471,11.543501113097541,745409
0805,CO,NIDA,800631.9644581863,2242460.295965629,7.686066858798588,745409
0805,CO,NIDCD,445307.3681643863,1247244.8477439438,4.274950734378108,745409
0805,CO,NIDCR,421250.08510748175,1179863.698253587,4.044000817031825,745409
0805,CO,NIDDK,2522631.8666122197,7065545.785501801,24.21726591947731,745409
0805,CO,NIEHS,262787.14746982977,736030.7490220547,2.5227566157103656,745409
0805,CO,NIGMS,2228731.577942911,6242371.396305676,21.395823148251946,745409
0805,CO,NIMH,677013.9706127925,1896223.2540148809,6.499334117882808,745409
0805,CO,NIMHD,166614.94240541625,466665.5962350839,1.599503447091996,745409
0805,CO,NINDS,1241778.1345438852,3478050.1987544093,11.921070091621297,745409
0805,CO,NINR,222642.42111450998,623590.8778446267,2.1373672426992956,745409
0805,CO,NLM,81861.58171093909,229283.0600086717,0.7858711844250152,745409
0805,CO,OD,2178562.6584010134,6101855.135203943,20.914201520649726,745409
0806,CO,FIC,2371.3081449002193,6641.708800668759,0.022764558191042103,730108
0806,CO,NCATS,4223272.160506395,11828805.942567607,40.543412740861385,730108
0806,CO,NCCIH,180699.1173949477,506113.4382118026,1.7347115269914979,730108
0806,CO,NCI,11439759.258166842,32041196.293236583,109.82168887840167,730108
0806,CO,NEI,1592249.1041373592,4459671.304444086,15.285591399718648,730108
0806,CO,NHGRI,1114597.5628757707,3121834.8650624044,10.7001366036074,730108
0806,CO,NHLBI,17836549.45401974,49957728.07389032,171.2308747585895,730108
0806,CO,NIA,6846610.86744186,19176417.772122316,65.72746432744185,730108
0806,CO,NIAAA,1898856.4765263558,5318436.491889436,18.229022174653014,730108
0806,CO,NIAID,13214266.804006258,37011348.4893573,126.85696131846007,730108
0806,CO,NIAMS,2623199.284517284,7347221.326488358,25.182713131365926,730108
0806,CO,NIBIB,273891.9259098335,767133.709998707,2.629362488734402,730108
0806,CO,NICHD,4863390.272659775,13621688.958678309,46.68854661753384,730108
0806,CO,NIDA,3203629.900501404,8972927.85419125,30.754847044813477,730108
0806,CO,NIDCD,2163499.2091455436,6059664.480352255,20.76959240779722,730108
0806,CO,NIDCR,1989064.6817105494,5571097.299196536,19.09502094442127,730108
0806,CO,NIDDK,12119738.458972873,33945724.75023101,116.34948920613958,730108
0806,CO,NIEHS,1366894.455392739,3828483.849090517,13.122186771770295,730108
0806,CO,NIGMS,7792609.097170111,21826029.034714077,74.80904733283306,730108
0806,CO,NIMH,2640210.651645596,7394867.832072419,25.34602225579772,730108
0806,CO,NIMHD,808427.1295371532,2264293.483954708,7.76090044355667,730108
0806,CO,NINDS,5380208.9530114895,15069227.1814201,51.6500059489103,730108
0806,CO,NINR,1034444.3208487661,2897336.6301460434,9.930665480148154,730108
0806,CO,NLM,401831.2416561493,1125474.1817637547,3.857579919899033,730108
0806,CO,OD,8791798.072065914,24624620.277429137,84.40126149183277,730108
0807,CO,FIC,1514.6135444081067,4242.224752249867,0.014540290026317824,728241
0807,CO,NCATS,1567703.8250095986,4390923.344906091,15.049956720092146,728241
0807,CO,NCCIH,173922.2745822519,487132.4311897378,1.6696538359896183,728241
0807,CO,NCI,5200916.675041552,14567054.107437346,49.928800080398894,728241
0807,CO,NEI,732219.0772693492,2050845.1843242117,7.0293031417857526,728241
0807,CO,NHGRI,480516.87883049465,1345861.8568244623,4.612962036772749,728241
0807,CO,NHLBI,8579638.345301716,24030389.988367926,82.36452811489647,728241
0807,CO,NIA,3799387.524841052,10641563.229628148,36.4741202384741,728241
0807,CO,NIAAA,837142.0094166859,2344719.923182438,8.036563290400185,728241
0807,CO,NIAID,6464693.819797957,18106720.51581374,62.061060670060385,728241
0807,CO,NIAMS,1489879.4657337198,4172947.991082658,14.302842871043708,728241
0807,CO,NIBIB,394223.00143391837,1104164.54465469,3.784540813765616,728241
0807,CO,NICHD,2656252.8443238474,7439799.812980219,25.500027305508933,728241
0807,CO,NIDA,2438498.5845589107,6829900.0044824295,23.40958641176554,728241
0807,CO,NIDCD,793506.8603988305,2222503.8569686655,7.617665859828772,728241
0807,CO,NIDCR,788003.9159548986,2207090.8645149195,7.564837593167026,728241
0807,CO,NIDDK,4878815.603632933,13664893.194575693,46.83662979487616,728241
0807,CO,NIEHS,952721.2371634269,2668441.4841069165,9.146123876768899,728241
0807,CO,NIGMS,5546150.030336784,15534005.374011448,53.24304029123313,728241
0807,CO,NIMH,2161442.0036285664,6053902.529921529,20.749843234834238,728241
0807,CO,NIMHD,589668.3714125117,1651580.2133557338,5.660816365560112,728241
0807,CO,NINDS,2505039.5132989152,7016272.017317462,24.048379327669586,728241
0807,CO,NINR,457059.47585630964,1280160.8891499157,4.387770968220573,728241
0807,CO,NLM,160316.61457295384,449024.844026508,1.5390394999003567,728241
0807,CO,OD,3973473.643888721,11129154.566688148,38.14534698133172,728241
0808,CO,FIC,300.0812791689391,840.486495632623,0.002880780280021815,757119
0808,CO,NCATS,1515327.9280121736,4244225.64272055,14.547148108916867,757119
0808,CO,NCCIH,204130.50543281337,571741.5416186356,1.9596528521550083,757119
0808,CO,NCI,4443537.463027959,12445738.83734371,42.6579596450684,757119
0808,CO,NEI,658676.6649302468,1844862.9764422493,6.323295983330369,757119
0808,CO,NHGRI,464191.0862291855,1300135.551438466,4.45623442780018,757119
0808,CO,NHLBI,7559176.374797474,21172216.003336977,72.56809319805575,757119
0808,CO,NIA,3292938.247297624,9223068.281602716,31.61220717405719,757119
0808,CO,NIAAA,621207.0505184213,1739915.7268273504,5.9635876849768445,757119
0808,CO,NIAID,7089391.569043767,19856413.21089722,68.05815906282015,757119
0808,CO,NIAMS,1318995.2075671821,3694324.627096278,12.662353992644947,757119
0808,CO,NIBIB,390991.55133680266,1095113.6962463579,3.753518892833305,757119
0808,CO,NICHD,2475976.3002038277,6934869.944539832,23.769372481956744,757119
0808,CO,NIDA,2208613.8954015034,6186024.527396342,21.202693395854432,757119
0808,CO,NIDCD,759239.2859957253,2126525.0821391917,7.288697145558962,757119
0808,CO,NIDCR,765289.4443952101,2143470.7458116747,7.346778666194017,757119
0808,CO,NIDDK,4719445.878972631,13218520.459293317,45.306680438137256,757119
0808,CO,NIEHS,922084.5059627278,2582632.2029820597,8.852011257242186,757119
0808,CO,NIGMS,5334601.269565775,14941486.31688043,51.21217218783144,757119
0808,CO,NIMH,1959466.2109612352,5488196.043159932,18.810875625227858,757119
0808,CO,NIMHD,349767.3785485633,979650.4436965885,3.3577668340662075,757119
0808,CO,NINDS,2395709.8432112983,6710054.610036683,22.998814494828462,757119
0808,CO,NINR,429822.9579065243,1203875.1388750295,4.126300395902633,757119
0808,CO,NLM,161474.74233038424,452268.60099473107,1.5501575263716887,757119
0808,CO,OD,3863644.070073472,10821536.997646682,37.09098307270533,757119
0901,CT,FIC,236122.96067059608,537074.6426492024,1.79453450109653,734950
0901,CT,NCATS,1192512.6319998668,2712435.477968935,9.063096003198988,734950
0901,CT,NCCIH,612741.4954656569,1393714.1850963423,4.656835365538992,734950
0901,CT,NCI,7736412.427680987,17596894.974479422,58.796734450375496,734950
0901,CT,NEI,1198983.9891777413,2727154.935296979,9.112278317750834,734950
0901,CT,NHGRI,1525301.9663794984,3469383.0968358186,11.592294944484186,734950
0901,CT,NHLBI,6238144.083019183,14189001.335010689,47.40989503094578,734950
0901,CT,NIA,8560743.01113245,19471880.16132718,65.06164688460662,734950
0901,CT,NIAAA,2361556.3239459964,5371489.562798807,17.947828061989572,734950
0901,CT,NIAID,8796345.163704026,20007770.197350767,66.8522232441506,734950
0901,CT,NIAMS,3694484.369738307,8403307.611487843,28.078081210011128,734950
0901,CT,NIBIB,898745.0832427725,2044245.0536977723,6.83046263264507,734950
0901,CT,NICHD,3665484.052122528,8337344.79628354,27.85767879613121,734950
0901,CT,NIDA,6016599.508613946,13685086.032612147,45.72615626546598,734950
0901,CT,NIDCD,999894.4038802721,2274314.738921568,7.599197469490067,734950
0901,CT,NIDCR,2142907.895002142,4874161.702317455,16.286100002016276,734950
0901,CT,NIDDK,6265160.053150031,14250450.64287401,47.61521640394023,734950
0901,CT,NIEHS,760565.13722863,1729947.1772182267,5.7802950429375874,734950
0901,CT,NIGMS,10260340.456358198,23337707.897646032,77.9785874683223,734950
0901,CT,NIMH,9845582.880051436,22394319.010566305,74.8264298883909,734950
0901,CT,NIMHD,655469.2387440673,1490900.7839230138,4.981566214454911,734950
0901,CT,NINDS,6437464.745349709,14642367.128789254,48.92473206465778,734950
0901,CT,NINR,424985.87657446525,966653.7178085297,3.2298926619659354,734950
0901,CT,NLM,149756.31741139587,340628.96903275105,1.1381480123266086,734950
0901,CT,OD,6321517.040899008,14378637.706809282,48.04352951083245,734950
0902,CT,FIC,406897.6792642186,925511.1195665845,3.092422362408061,731305
0902,CT,NCATS,1344200.4154288492,3057457.6725407788,10.215923157259253,731305
0902,CT,NCCIH,1068949.9535138563,2431385.3793077064,8.124019646705307,731305
0902,CT,NCI,8181520.4770027455,18609317.679373685,62.17955562522086,731305
0902,CT,NEI,1283409.3652187728,2919185.0900053005,9.753911175662672,731305
0902,CT,NHGRI,1028422.7700704968,2339204.074687416,7.816013052535775,731305
0902,CT,NHLBI,7593300.188476505,17271378.32624164,57.70908143242143,731305
0902,CT,NIA,7946239.832979816,18074158.93220224,60.391422730646596,731305
0902,CT,NIAAA,2289889.7394485353,5208479.980208663,17.403162019808867,731305
0902,CT,NIAID,8662516.548628233,19703369.662079062,65.83512576957456,731305
0902,CT,NIAMS,3056107.148651539,6951283.560472877,23.226414329751695,731305
0902,CT,NIBIB,1411936.6152206121,3211527.3792489176,10.73071827567665,731305
0902,CT,NICHD,4454051.511623132,10130984.793483593,33.8507914883358,731305
0902,CT,NIDA,8423145.791954959,19158907.729042757,64.01590801885769,731305
0902,CT,NIDCD,2284121.469856656,5195359.734210712,17.359323170910585,731305
0902,CT,NIDCR,886853.8396205539,2017197.7669751265,6.7400891811162085,731305
0902,CT,NIDDK,6941875.200590451,15789676.413017953,52.75825152448743,731305
0902,CT,NIEHS,1420680.661817072,3231416.193482672,10.797173029809747,731305
0902,CT,NIGMS,12037039.552218225,27378907.572993875,91.4815005968585,731305
0902,CT,NIMH,11254012.376936574,25597869.25653939,85.53049406471796,731305
0902,CT,NIMHD,641850.8875471401,1459925.0961635988,4.8780667453582645,731305
0902,CT,NINDS,6709364.41986567,15260817.87204761,50.991169590979084,731305
0902,CT,NINR,947806.1423685898,2155837.127264682,7.203326682001282,731305
0902,CT,NLM,187025.72273531742,425400.2783931205,1.4213954927884123,731305
0902,CT,OD,5708539.005298092,12984385.498183778,43.38489644026549,731305
0903,CT,FIC,1630570.927479336,3708823.1305546085,12.392339048842953,741529
0903,CT,NCATS,9202503.11620118,20931598.767757576,69.93902368312895,741529
0903,CT,NCCIH,3404033.0656613014,7742660.167879967,25.870651299025887,741529
0903,CT,NCI,39176566.14933849,89109251.40495653,297.7419027349725,741529
0903,CT,NEI,4761078.795894775,10829335.214448316,36.184198848800285,741529
0903,CT,NHGRI,4490588.975751257,10214091.262393646,34.12847621570955,741529
0903,CT,NHLBI,34798907.485398956,79152026.33926095,264.47169688903205,741529
0903,CT,NIA,31217728.09021338,71006437.11545324,237.25473348562167,741529
0903,CT,NIAAA,11096859.684540201,25240416.8263715,84.33613360250551,741529
0903,CT,NIAID,38333128.78653071,87190806.79905936,291.33177877763336,741529
0903,CT,NIAMS,8006265.943578862,18210691.61757958,60.84762117119934,741529
0903,CT,NIBIB,3421763.9171063374,7782989.96332495,26.00540577000816,741529
0903,CT,NICHD,12952121.12920227,29460310.87895698,98.43612058193725,741529
0903,CT,NIDA,37651081.665410265,85639453.16193171,286.148220657118,741529
0903,CT,NIDCD,4806967.066005086,10933710.605140062,36.53294970163865,741529
0903,CT,NIDCR,2047741.252319807,4657699.946689874,15.562833517630532,741529
0903,CT,NIDDK,29856255.032822497,67909691.87010285,226.90753824945097,741529
0903,CT,NIEHS,2548148.505403719,5795903.727744609,19.365928641068262,741529
0903,CT,NIGMS,35776558.791007005,81375747.92950253,271.90184681165323,741529
0903,CT,NIMH,51557258.415710166,117269815.95076329,391.8351639593972,741529
0903,CT,NIMHD,3768461.2885110085,8571572.176277732,28.640305792683662,741529
0903,CT,NINDS,28455225.50624448,64722973.26302259,216.25971384745804,741529
0903,CT,NINR,1547069.1076206244,3518893.6551075378,11.757725217916743,741529
0903,CT,NLM,1135510.2358323683,2582780.397137908,8.629877792325997,741529
0903,CT,OD,25515588.682675242,58036607.85386019,193.9184739883318,741529
0904,CT,FIC,275211.7957985648,625984.3450275941,2.091609648069092,739251
0904,CT,NCATS,1765540.6376925209,4015819.1493887887,13.418108846463157,739251
0904,CT,NCCIH,565691.2426604539,1286695.8009453774,4.299253444219449,739251
0904,CT,NCI,10110222.268230172,22996255.833793245,76.8376892385493,739251
0904,CT,NEI,1103799.1284371288,2510651.741695254,8.388873376122179,739251
0904,CT,NHGRI,991248.0687857154,2254648.1748655103,7.533485322771436,739251
0904,CT,NHLBI,7029486.951506833,15988954.15238583,53.42410083145192,739251
0904,CT,NIA,8042127.194601043,18292260.002640445,61.12016667896792,739251
0904,CT,NIAAA,1858351.937543308,4226923.548383294,14.123474725329139,739251
0904,CT,NIAID,8397298.623197809,19100116.9240981,63.81946953630334,739251
0904,CT,NIAMS,1657566.9721565929,3770227.116879371,12.597508988390105,739251
0904,CT,NIBIB,724768.5173992721,1648525.7993551805,5.5082407322344675,739251
0904,CT,NICHD,2688809.7506330768,6115845.455569796,20.434954104811382,739251
0904,CT,NIDA,6794568.855271411,15454620.040069317,51.63872330006272,739251
0904,CT,NIDCD,973252.4144963839,2213716.0708073853,7.396718350172517,739251
0904,CT,NIDCR,513450.7924834072,1167872.0278104478,3.902226022873894,739251
0904,CT,NIDDK,6140196.242010957,13966213.591038845,46.665491439283265,739251
0904,CT,NIEHS,659733.2431485086,1500599.496133237,5.013972647928665,739251
0904,CT,NIGMS,7177854.645884017,16326424.622059792,54.55169530871853,739251
0904,CT,NIMH,9258382.090952681,21058698.56487614,70.36370389124038,739251
0904,CT,NIMHD,784115.7415569164,1783514.3202350058,5.959279635832564,739251
0904,CT,NINDS,6157864.270658533,14006400.492580585,46.799768457004845,739251
0904,CT,NINR,341513.36817427,776790.9128837307,2.595501598124452,739251
0904,CT,NLM,208881.35796121895,475112.12109357544,1.587498320505264,739251
0904,CT,OD,5518372.467753115,12551841.264002815,41.93963075492367,739251
0905,CT,FIC,264430.931071267,601462.6760868917,2.009675076141629,728034
0905,CT,NCATS,1482128.4097344475,3371182.471021273,11.2641759139818,728034
0905,CT,NCCIH,584667.2111462967,1329857.6834853573,4.443470804711854,728034
0905,CT,NCI,8512028.802015292,19361077.01715504,64.6914188953162,728034
0905,CT,NEI,1148134.9650677538,2611496.0371730025,8.725825734514927,728034
0905,CT,NHGRI,1399146.2464401512,3182434.9829711122,10.633511472945148,728034
0905,CT,NHLBI,6903854.70322943,15703196.703566901,52.469295744543665,728034
0905,CT,NIA,8465394.919758117,19255005.690683924,64.33700139016167,728034
0905,CT,NIAAA,2406807.764471348,5474416.449622911,18.29173900998224,728034
0905,CT,NIAID,8853983.564762993,20138871.906238794,67.29027509219874,728034
0905,CT,NIAMS,2954373.9446313772,6719885.800426533,22.453241979198463,728034
0905,CT,NIBIB,832389.15754907,1893314.8562345984,6.326157597372931,728034
0905,CT,NICHD,3284143.454738475,7469964.663127442,24.95949025601241,728034
0905,CT,NIDA,6768452.42157659,15395216.777235063,51.44023840398208,728034
0905,CT,NIDCD,921306.1217886672,2095561.3749924856,7.00192652559387,728034
0905,CT,NIDCR,1636184.3513438548,3721591.171441072,12.435001070213294,728034
0905,CT,NIDDK,6113906.134940942,13906415.298574034,46.46568662555115,728034
0905,CT,NIEHS,720477.8657453159,1638766.4765123865,5.4756317796644005,728034
0905,CT,NIGMS,9321713.906495444,21202750.25770751,70.84502568936537,728034
0905,CT,NIMH,9742913.311213406,22160791.437313665,74.04614116522188,728034
0905,CT,NIMHD,721053.6683925852,1640076.1712584645,5.480007879783647,728034
0905,CT,NINDS,6356396.063419814,14457971.959196743,48.30861008199059,728034
0905,CT,NINR,336117.8800854458,764518.5788887922,2.554495888649388,728034
0905,CT,NLM,180153.2939916111,409768.5617604999,1.3691650343362443,728034
0905,CT,OD,5792818.801855234,13176084.524360318,44.025422894099776,728034
1000,DE,FIC,39789.5805363471,93615.10420680816,0.21884269294990905,1051917
1000,DE,NCATS,334048.6460063195,785934.3673517326,1.837267553034757,1051917
1000,DE,NCCIH,166753.5760066399,392330.18253257114,0.9171446680365194,1051917
1000,DE,NCI,8841466.167346371,20801796.989063866,48.62806392040504,1051917
1000,DE,NEI,2199701.83522964,5175357.813607023,12.098360093763018,1051917
1000,DE,NHGRI,229651.0320618301,540312.4387810642,1.2630806763400655,1051917
1000,DE,NHLBI,5944414.600282482,13985746.639012067,32.69428030155365,1051917
1000,DE,NIA,5001396.030080273,11767055.702127421,27.5076781654415,1051917
1000,DE,NIAAA,421130.73994246783,990817.1328519289,2.316219069683573,1051917
1000,DE,NIAID,4116420.2986404123,9684925.300085122,22.640311642522267,1051917
1000,DE,NIAMS,1551744.2064392439,3650872.756887246,8.534593135415841,1051917
1000,DE,NIBIB,1198185.2365388963,2819035.392322975,6.59001880096393,1051917
1000,DE,NICHD,3958315.21226548,9312942.888179693,21.77073366746014,1051917
1000,DE,NIDA,2684571.5966222864,6316137.199256459,14.765143781422575,1051917
1000,DE,NIDCD,2449974.845592028,5764188.699215989,13.474861650756154,1051917
1000,DE,NIDCR,1604398.2077478073,3774754.6815761435,8.82419014261294,1051917
1000,DE,NIDDK,2923061.032969114,6877244.231169917,16.076835681330127,1051917
1000,DE,NIEHS,222985.48029113244,524630.0336086919,1.2264201416012284,1051917
1000,DE,NIGMS,26800092.05671125,63054030.14613949,147.40050631191187,1051917
1000,DE,NIMH,3840066.1544416985,9034731.916329462,21.120363849429342,1051917
1000,DE,NIMHD,2437597.4358509155,5735067.6960009355,13.406785897180034,1051917
1000,DE,NINDS,2566185.323893258,6037603.394456489,14.114019281412919,1051917
1000,DE,NINR,628119.7089935378,1477811.3068587366,3.4546583994644577,1051917
1000,DE,NLM,168974.03665031336,397554.38072070543,0.9293572015767234,1051917
1000,DE,OD,3145660.8067090553,7400966.792055944,17.301134436899805,1051917
1198,DC,FIC,229606.23518558883,452524.9101230537,0.3673699762969422,702250
1198,DC,NCATS,2673028.1977798827,5268201.205333167,4.276845116447813,702250
1198,DC,NCCIH,217490.8885582232,428647.091041935,0.34798542169315716,702250
1198,DC,NCI,13095643.922951678,25809861.323875636,20.953030276722686,702250
1198,DC,NEI,1232069.2691748121,2428253.0256552123,1.9713108306796996,702250
1198,DC,NHGRI,689906.8502617026,1359719.326243938,1.103850960418724,702250
1198,DC,NHLBI,8137754.601075779,16038487.223479448,13.020407361721247,702250
1198,DC,NIA,6733162.524829903,13270213.519810392,10.773060039727845,702250
1198,DC,NIAAA,872160.3150616048,1718917.9025000562,1.3954565040985678,702250
1198,DC,NIAID,10994764.675730307,21669293.487118956,17.591623481168494,702250
1198,DC,NIAMS,809882.4381254105,1596176.0673733817,1.2958119010006568,702250
1198,DC,NIBIB,891248.2608928441,1756537.834575217,1.4259972174285507,702250
1198,DC,NICHD,7777133.2105919225,15327747.978156896,12.443413136947077,702250
1198,DC,NIDA,2690548.935551766,5302732.3681262955,4.304878296882825,702250
1198,DC,NIDCD,1697320.737724381,3345204.9491072753,2.71571318035901,702250
1198,DC,NIDCR,653319.2253272285,1287609.735353664,1.0453107605235659,702250
1198,DC,NIDDK,4147086.430803621,8173383.936438205,6.635338289285794,702250
1198,DC,NIEHS,2829947.5590300444,5577469.461000961,4.527916094448071,702250
1198,DC,NIGMS,5342525.358762583,10529443.182803925,8.548040574020133,702250
1198,DC,NIMH,4040359.7186772022,7963039.057198758,6.4645755498835245,702250
1198,DC,NIMHD,2555668.838639935,5036900.720814629,4.089070141823896,702250
1198,DC,NINDS,5974918.096644443,11775809.452609923,9.55986895463111,702250
1198,DC,NINR,387705.76242869877,764119.1240099597,0.620329219885918,702250
1198,DC,NLM,304124.3719466048,599390.7524772891,0.4865989951145677,702250
1198,DC,OD,14791370.504682599,29151924.392723955,23.66619280749216,702250
1201,FL,FIC,3001.7303284049417,9641.882466053923,0.033619379678135344,817541
1201,FL,NCATS,24640.47094610655,79147.85766142467,0.27597327459639337,817541
1201,FL,NCCIH,7844.071659919303,25196.00654481028,0.08785360259109619,817541
1201,FL,NCI,166997.07281512386,536412.6593990482,1.8703672155293871,817541
1201,FL,NEI,154620.96670941336,496659.2680535698,1.7317548271454295,817541
1201,FL,NHGRI,16473.66060724334,52915.17957414435,0.1845049988011254,817541
1201,FL,NHLBI,237093.8227667346,761571.0015359791,2.6554508149874274,817541
1201,FL,NIA,836875.9512573958,2688136.06749898,9.373010654082833,817541
1201,FL,NIAAA,36112.035980159686,115995.76525437916,0.40445480297778846,817541
1201,FL,NIAID,241288.9738589377,775046.280569407,2.7024365072201024,817541
1201,FL,NIAMS,20179.97949378299,64820.27669348501,0.2260157703303695,817541
1201,FL,NIBIB,28962.36099895656,93030.2359438637,0.32437844318831344,817541
1201,FL,NICHD,224347.57844808666,720628.6862183614,2.5126928786185703,817541
1201,FL,NIDA,91875.33619958283,295113.5166216914,1.0290037654353277,817541
1201,FL,NIDCD,55377.93980551356,177879.93203929803,0.6202329258217518,817541
1201,FL,NIDCR,20932.410762132593,67237.16730639554,0.23444300053588504,817541
1201,FL,NIDDK,140405.5035191056,450997.66281726724,1.5725416394139828,817541
1201,FL,NIEHS,44927.366741186444,144311.5610781749,0.5031865075012881,817541
1201,FL,NIGMS,603087.8373516719,1937183.360352489,6.754583778338725,817541
1201,FL,NIMH,214686.586888949,689596.5364488509,2.4044897731562287,817541
1201,FL,NIMHD,88416.15595363427,284002.25554513274,0.9902609466807037,817541
1201,FL,NINDS,132678.4096921635,426177.40172368113,1.485998188552231,817541
1201,FL,NINR,11025.789053864139,35416.026931823864,0.12348883740327835,817541
1201,FL,NLM,9631.54021447655,30937.548865158013,0.10787325040213736,817541
1201,FL,OD,213603.17758754027,686116.5085969274,2.392355588980451,817541
1202,FL,FIC,51056.43858958502,163998.8027431053,0.5718321122033522,819004
1202,FL,NCATS,58413.66537022338,187631.01088110753,0.6542330521465018,819004
1202,FL,NCCIH,164509.77770343312,528423.1984876624,1.842509510278451,819004
1202,FL,NCI,1413866.229758098,4541491.246248731,15.835301773290697,819004
1202,FL,NEI,422551.5418072436,1357281.2532164594,4.732577268241128,819004
1202,FL,NHGRI,144120.99030750926,462932.20822894666,1.6141550914441036,819004
1202,FL,NHLBI,818337.0657674888,2628587.1622379604,9.165375136595873,819004
1202,FL,NIA,5421069.04029702,17413060.071482986,60.71597325132662,819004
1202,FL,NIAAA,947522.7906559625,3043545.682621943,10.61225525534678,819004
1202,FL,NIAID,2303917.2992488355,7400431.544651707,25.803873751586956,819004
1202,FL,NIAMS,142613.8542371321,458091.1241670587,1.5972751674558794,819004
1202,FL,NIBIB,569513.2934486786,1829338.2940916407,6.378548886625199,819004
1202,FL,NICHD,8539033.210889176,27428298.20987757,95.63717196195876,819004
1202,FL,NIDA,2237537.9448944875,7187213.8792269565,25.060424982818258,819004
1202,FL,NIDCD,1787148.8264577875,5740515.319112175,20.01606685632722,819004
1202,FL,NIDCR,215137.8066851877,691045.9032359074,2.4095434348741023,819004
1202,FL,NIDDK,2882049.615752413,9257455.07298346,32.278955696427026,819004
1202,FL,NIEHS,636203.6819268939,2043555.0347620517,7.125481237581211,819004
1202,FL,NIGMS,8467974.962764656,27200051.431618717,94.84131958296415,819004
1202,FL,NIMH,7179150.055929911,23060206.438405488,80.406480626415,819004
1202,FL,NIMHD,4121100.8649300537,13237421.694547491,46.1563296872166,819004
1202,FL,NINDS,1045326.0169246149,3357700.2232746067,11.707651389555686,819004
1202,FL,NINR,118252.47783973471,379839.7483814726,1.3244277518050287,819004
1202,FL,NLM,127361.06415382757,409097.5127586805,1.4264439185228688,819004
1202,FL,OD,5590650.08156866,17957772.71703268,62.615280913568995,819004
1203,FL,FIC,71624.93142573175,230067.02631180326,0.8021992319681955,845635
1203,FL,NCATS,4988804.53482837,16024579.728483506,55.874610790077746,845635
1203,FL,NCCIH,564759.3125790989,1814067.9933732168,6.325304300885907,845635
1203,FL,NCI,18801102.132582504,60391173.47725361,210.57234388492404,845635
1203,FL,NEI,3498512.247105298,11237599.718214564,39.18333716757934,845635
1203,FL,NHGRI,3824038.584163969,12283225.520047532,42.82923214263645,845635
1203,FL,NHLBI,17425884.231162768,55973824.84162571,195.16990338902298,845635
1203,FL,NIA,35160268.15593725,112938584.06482139,393.79500334649714,845635
1203,FL,NIAAA,4526857.150741181,14540754.769018697,50.70080008830123,845635
1203,FL,NIAID,23429283.4940895,75257392.56994084,262.4079751338024,845635
1203,FL,NIAMS,8117317.707260495,26073702.401712105,90.91395832131754,845635
1203,FL,NIBIB,2580813.91212438,8289853.412875663,28.905115815793053,845635
1203,FL,NICHD,5472966.2074794,17579759.38539489,61.297221523769274,845635
1203,FL,NIDA,12113730.117328975,38910611.29360287,135.6737773140845,845635
1203,FL,NIDCD,2535262.4884767774,8143537.313519397,28.394939870939908,845635
1203,FL,NIDCR,8156015.886245191,26198005.138000555,91.34737792594613,845635
1203,FL,NIDDK,17285792.022384606,55523833.515400656,193.60087065070758,845635
1203,FL,NIEHS,1434598.5448772744,4608085.684708669,16.067503702625473,845635
1203,FL,NIGMS,20055117.968247056,64419207.96910383,224.61732124436702,845635
1203,FL,NIMH,5576832.0709260665,17913387.77236599,62.46051919437194,845635
1203,FL,NIMHD,724723.4922244423,2327890.2392705404,8.116903112913754,845635
1203,FL,NINDS,26216217.60727378,84209326.36148763,293.62163720146634,845635
1203,FL,NINR,2215811.708223085,7117426.85724399,24.81709113209855,845635
1203,FL,NLM,554546.2700008998,1781262.5960235735,6.2109182240100775,845635
1203,FL,OD,6896289.695820116,22151628.369057875,77.2384445931853,845635
1204,FL,FIC,6692.5800542736015,21497.29096825706,0.07495689660786434,842213
1204,FL,NCATS,192242.838317332,617504.788640117,2.1531197891541183,842213
1204,FL,NCCIH,24663.761827978455,79222.67049301536,0.2762341324733587,842213
1204,FL,NCI,2319304.061329562,7449855.488605505,25.976205486891097,842213
1204,FL,NEI,340117.3555381666,1092493.7312762095,3.8093143820274658,842213
1204,FL,NHGRI,291551.79113949015,936495.885834032,3.2653800607622894,842213
1204,FL,NHLBI,1397461.604532326,4488797.815786374,15.651569970762052,842213
1204,FL,NIA,8157322.3559807055,26202201.66009186,91.3620103869839,842213
1204,FL,NIAAA,172745.60535230557,554877.5676392382,1.9347507799458223,842213
1204,FL,NIAID,1239240.249051856,3980573.7096012337,13.879490789380787,842213
1204,FL,NIAMS,277513.90362185874,891404.6728640079,3.1081557205648176,842213
1204,FL,NIBIB,140602.4379829922,451630.23761465715,1.5747473054095127,842213
1204,FL,NICHD,472057.5924560468,1516300.0422120441,5.287045035507724,842213
1204,FL,NIDA,508803.15241016226,1634330.754989359,5.698595306993817,842213
1204,FL,NIDCD,121039.73953027773,388792.7343869247,1.3556450827391104,842213
1204,FL,NIDCR,346297.4800742906,1112344.9596957017,3.8785317768320544,842213
1204,FL,NIDDK,1580714.9056488525,5077427.238676881,17.704006943267146,842213
1204,FL,NIEHS,89782.19152783472,288390.1095526205,1.0055605451117489,842213
1204,FL,NIGMS,1165521.8695352508,3743782.3016053126,13.053844938794809,842213
1204,FL,NIMH,323784.2236137999,1040029.9450303013,3.6263833044745586,842213
1204,FL,NIMHD,121691.9179464922,390887.6019959609,1.3629494810007126,842213
1204,FL,NINDS,2950281.833865577,9476624.337197434,33.04315653929446,842213
1204,FL,NINR,84249.3603719331,270618.0574782184,0.9435928361656507,842213
1204,FL,NLM,25717.8006377377,82608.35714920422,0.2880393671426622,842213
1204,FL,OD,684638.4598782288,2199132.7799902004,7.667950750636162,842213
1205,FL,FIC,5137.197843575896,16501.235085613065,0.057536615848050025,852413
1205,FL,NCATS,87397.01335881662,280728.65930552565,0.9788465496187461,852413
1205,FL,NCCIH,12106.121489067698,38886.17155671881,0.13558856067755823,852413
1205,FL,NCI,5107611.860494382,16406201.708092373,57.205252837537074,852413
1205,FL,NEI,481815.2981951396,1547642.848387663,5.396331339785563,852413
1205,FL,NHGRI,556165.7010119897,1786464.3835802556,6.229055851334285,852413
1205,FL,NHLBI,1759597.526786029,5652017.564764174,19.707492300003526,852413
1205,FL,NIA,22499089.176250435,72269507.8161624,251.98979877400487,852413
1205,FL,NIAAA,73514.71383022954,236137.21178388287,0.8233647948985707,852413
1205,FL,NIAID,837145.7210788318,2689002.5973423044,9.376032076082916,852413
1205,FL,NIAMS,99613.94759980617,319970.77340633643,1.115676213117829,852413
1205,FL,NIBIB,119616.00267957363,384219.53763864347,1.3396992300112247,852413
1205,FL,NICHD,584441.7746445712,1877290.1902781243,6.545747876019197,852413
1205,FL,NIDA,227560.51536778756,730948.9870986417,2.5486777721192206,852413
1205,FL,NIDCD,62828.86510779652,201813.1099627574,0.7036832892073209,852413
1205,FL,NIDCR,311252.63823842676,999777.1374548541,3.4860295482703796,852413
1205,FL,NIDDK,1686899.461000487,5418503.514824145,18.893273963205452,852413
1205,FL,NIEHS,53672.1572699608,172400.7740467189,0.601128161423561,852413
1205,FL,NIGMS,1124082.3749130883,3610674.163003175,12.589722599026588,852413
1205,FL,NIMH,194848.3127942838,625873.8544543742,2.1823011032959783,852413
1205,FL,NIMHD,77755.66285577297,249759.59873246137,0.8708634239846572,852413
1205,FL,NINDS,6730881.785144764,21620320.270327114,75.38587599362135,852413
1205,FL,NINR,37288.81163061942,119775.69591746312,0.4176346902629375,852413
1205,FL,NLM,13613.122762805577,43726.82263722253,0.15246697494342246,852413
1205,FL,OD,1168827.5620434184,3754400.5434676996,13.090868694886286,852413
1206,FL,FIC,5734.217151757831,18418.92567393246,0.06422323209968771,834806
1206,FL,NCATS,237371.77189292831,762463.8041908152,2.658563845200797,834806
1206,FL,NCCIH,27717.226391316934,89030.72891697603,0.31043293558274965,834806
1206,FL,NCI,1177102.0872878677,3780979.213481595,13.183543377624117,834806
1206,FL,NEI,486061.9498381191,1561283.5527602108,5.443893838186933,834806
1206,FL,NHGRI,186637.25036450496,599499.0338650016,2.0903372040824553,834806
1206,FL,NHLBI,986221.2921473706,3167849.454836831,11.04567847205055,834806
1206,FL,NIA,2273685.908955963,7303325.049364313,25.465282180306783,834806
1206,FL,NIAAA,223663.88315558987,718432.5829940084,2.5050354913426065,834806
1206,FL,NIAID,1215744.9191801585,3905104.16892319,13.616343094817775,834806
1206,FL,NIAMS,362863.05349745724,1165555.373175394,4.064066199171521,834806
1206,FL,NIBIB,127912.19737696214,410867.8122790324,1.432616610621976,834806
1206,FL,NICHD,318437.45984376944,1022855.5615233781,3.5664995502502177,834806
1206,FL,NIDA,589241.4577513614,1892707.2915253795,6.599504326815247,834806
1206,FL,NIDCD,151638.5095430879,487079.293068598,1.6983513068825842,834806
1206,FL,NIDCR,372089.943039911,1195193.1403171462,4.167407362047003,834806
1206,FL,NIDDK,1053969.1504347618,3385462.9029046358,11.804454484869332,834806
1206,FL,NIEHS,96496.71886936009,309957.8975812323,1.080763251336833,834806
1206,FL,NIGMS,1030364.4405959552,3309642.0219422816,11.540081734674699,834806
1206,FL,NIMH,317083.995548167,1018508.0878223898,3.55134075013947,834806
1206,FL,NIMHD,103208.42401221873,331516.6204024926,1.1559343489368497,834806
1206,FL,NINDS,1385495.0925618035,4450360.085102647,15.5175450366922,834806
1206,FL,NINR,107156.76714527085,344199.125577689,1.2001557920270334,834806
1206,FL,NLM,68611.56927150411,220387.7811631703,0.7684495758408459,834806
1206,FL,OD,428060.83871258463,1374977.7107327213,4.794281393580948,834806
1207,FL,FIC,27595.543063385463,88639.86890703737,0.30907008230991717,813213
1207,FL,NCATS,214586.12414785867,689273.839258952,2.4033645904560172,813213
1207,FL,NCCIH,6724.145331340154,21598.682052127628,0.07531042771100972,813213
1207,FL,NCI,732198.1460280473,2351899.6357065947,8.200619235514129,813213
1207,FL,NEI,448862.6199693121,1441795.2819395617,5.027261343656296,813213
1207,FL,NHGRI,28555.56806511092,91723.57304378731,0.3198223623292423,813213
1207,FL,NHLBI,602848.9417531568,1936416.001852379,6.751908147635357,813213
1207,FL,NIA,2337377.843719677,7507910.43240691,26.17863184966038,813213
1207,FL,NIAAA,182912.00122852848,587533.1307370745,2.048614413759519,813213
1207,FL,NIAID,1610258.882302299,5172325.687007428,18.034899481785747,813213
1207,FL,NIAMS,73075.04138006181,234724.93632130598,0.8184404634566923,813213
1207,FL,NIBIB,85268.23733508994,273890.8004802017,0.9550042581530073,813213
1207,FL,NICHD,168598.9305587388,541557.9997199692,1.8883080222578743,813213
1207,FL,NIDA,325249.60409998155,1044736.905639691,3.6427955659197933,813213
1207,FL,NIDCD,431277.68706903915,1385310.5755708944,4.830310095173238,813213
1207,FL,NIDCR,62839.821146199836,201848.30194305582,0.7038059968374382,813213
1207,FL,NIDDK,965575.926347338,3101534.30699396,10.814450375090185,813213
1207,FL,NIEHS,206530.18199742376,663397.281783818,2.313138038371146,813213
1207,FL,NIGMS,607057.5059141655,1949934.3651134968,6.799044066238653,813213
1207,FL,NIMH,208753.5512253318,670538.9842116713,2.338039773723716,813213
1207,FL,NIMHD,534420.1649523813,1716615.369875052,5.98550584746667,813213
1207,FL,NINDS,726066.6919785046,2332204.742153943,8.131946950159252,813213
1207,FL,NINR,124008.51657763912,398328.7673502148,1.388895385669558,813213
1207,FL,NLM,90230.72071747747,289830.83382028906,1.0105840720357475,813213
1207,FL,OD,328410.25322684157,1054889.2524741963,3.6781948361406256,813213
1208,FL,FIC,7457.862923695539,23955.462313772878,0.08352806474539004,831434
1208,FL,NCATS,86416.23886238053,277578.3055476099,0.9678618752586619,831434
1208,FL,NCCIH,6059.262964611353,19463.007980047543,0.06786374520364714,831434
1208,FL,NCI,416191.42249547155,1336851.8621103063,4.661343931949281,831434
1208,FL,NEI,398942.9358219398,1281447.8574101694,4.468160881205725,831434
1208,FL,NHGRI,20674.35296691771,66408.25775800414,0.23155275322947835,831434
1208,FL,NHLBI,804884.0710081218,2585374.6880663773,9.014701595290964,831434
1208,FL,NIA,738584.7717008055,2372414.1681110226,8.272149443049022,831434
1208,FL,NIAAA,55750.18546074586,179075.62534401813,0.6244020771603536,831434
1208,FL,NIAID,677527.9858378421,2176293.168341353,7.588313441383831,831434
1208,FL,NIAMS,108563.88870523141,348718.9522150803,1.2159155534985917,831434
1208,FL,NIBIB,126093.12251708089,405024.7470876138,1.412242972191306,831434
1208,FL,NICHD,175904.64920567253,565024.7581616659,1.9701320711035322,831434
1208,FL,NIDA,198300.77968307672,636963.5515016678,2.220968732450459,831434
1208,FL,NIDCD,115484.05088797498,370947.26159405784,1.2934213699453196,831434
1208,FL,NIDCR,43683.75794493878,140316.95512250185,0.4892580889833143,831434
1208,FL,NIDDK,426075.15814472875,1368599.489988099,4.7720417712209615,831434
1208,FL,NIEHS,72500.37698254769,232879.05212384008,0.8120042222045342,831434
1208,FL,NIGMS,521128.0378945867,1673919.620159516,5.836634024419371,831434
1208,FL,NIMH,191020.54194780995,613578.6405041256,2.139430069815471,831434
1208,FL,NIMHD,154343.33899969907,495767.49782322824,1.7286453967966295,831434
1208,FL,NINDS,440094.16839391785,1413630.0671302213,4.92905468601188,831434
1208,FL,NINR,35202.26712351577,113073.48929106898,0.3942653917833766,831434
1208,FL,NLM,18409.386705019133,59132.941158058886,0.20618513109621428,831434
1208,FL,OD,195070.39231723791,626587.1979010451,2.1847883939530646,831434
1209,FL,FIC,10388.435248296204,33368.777575535525,0.11635047478091748,909540
1209,FL,NCATS,103989.9024015993,334026.813509737,1.1646869068979122,909540
1209,FL,NCCIH,6757.346571930095,21705.328027772444,0.07568228160561706,909540
1209,FL,NCI,509535.4074315129,1636682.8373147533,5.7067965632329445,909540
1209,FL,NEI,216675.39531208246,695984.8042029167,2.4267644274953235,909540
1209,FL,NHGRI,20546.3770275196,65997.18519945919,0.2301194227082195,909540
1209,FL,NHLBI,329943.8606374193,1059815.365343808,3.695371239139096,909540
1209,FL,NIA,1253840.9194886528,4027472.6421752297,14.04301829827291,909540
1209,FL,NIAAA,79721.84269572966,256075.18102997603,0.8928846381921721,909540
1209,FL,NIAID,717674.4380744951,2305247.9149526334,8.037953706434344,909540
1209,FL,NIAMS,45712.38604589174,146833.12798840893,0.5119787237139874,909540
1209,FL,NIBIB,47071.53255670728,151198.85357921987,0.5272011646351215,909540
1209,FL,NICHD,100942.505891972,324238.2463305851,1.1305560659900864,909540
1209,FL,NIDA,188893.42338597032,606746.1056256451,2.1156063419228675,909540
1209,FL,NIDCD,163872.12643693382,526374.9936546907,1.8353678160936586,909540
1209,FL,NIDCR,48394.4638166638,155448.25186742234,0.5420179947466346,909540
1209,FL,NIDDK,674650.1055481838,2167049.105594716,7.556081182139658,909540
1209,FL,NIEHS,97213.97578847062,312261.80438011605,1.088796528830871,909540
1209,FL,NIGMS,305096.94897045457,980004.3977594544,3.417085828469091,909540
1209,FL,NIMH,116534.63162269705,374321.8405392202,1.305187874174207,909540
1209,FL,NIMHD,198280.63136661486,636898.8329300574,2.2207430713060865,909540
1209,FL,NINDS,439193.32715603674,1410736.4676439413,4.918965264147611,909540
1209,FL,NINR,50166.14527783864,161139.08433637753,0.5618608271117927,909540
1209,FL,NLM,26300.157902161754,84478.9516672045,0.2945617685042116,909540
1209,FL,OD,195733.55315333905,628717.3422305575,2.1922157953173973,909540
1210,FL,FIC,33991.85586572626,109185.51741939307,0.38070878569613414,802532
1210,FL,NCATS,266403.2871748374,855716.1711708825,2.9837168163581786,802532
1210,FL,NCCIH,7963.122836140891,25578.41179877724,0.08918697576477798,802532
1210,FL,NCI,730478.8877086015,2346377.192038682,8.181363542336337,802532
1210,FL,NEI,389854.88401479047,1252256.0520901675,4.366374700965653,802532
1210,FL,NHGRI,35372.09342769142,113618.98974759268,0.3961674463901439,802532
1210,FL,NHLBI,679946.6070669281,2184062.0413144096,7.615401999149594,802532
1210,FL,NIA,2708252.4848927627,8699199.891687214,30.33242783079894,802532
1210,FL,NIAAA,216823.54783725445,696460.6861371598,2.42842373577725,802532
1210,FL,NIAID,2007733.9131305811,6449058.474817158,22.48661982706251,802532
1210,FL,NIAMS,78008.85099999409,250572.8664351852,0.8736991311999337,802532
1210,FL,NIBIB,114503.66429959508,367798.1538387727,1.282441040155465,802532
1210,FL,NICHD,233595.4064638379,750333.7100009393,2.6162685523949842,802532
1210,FL,NIDA,411133.37808538415,1320604.8764138734,4.604693834556302,802532
1210,FL,NIDCD,532477.4732653683,1710375.2340651464,5.9637477005721244,802532
1210,FL,NIDCR,59187.53994920306,190116.7797269565,0.6629004474310742,802532
1210,FL,NIDDK,1162731.9612419885,3734820.814425683,13.02259796591027,802532
1210,FL,NIEHS,256016.5276066451,822352.7760610735,2.867385109194425,802532
1210,FL,NIGMS,715854.2242737431,2299401.1913599563,8.017567311865923,802532
1210,FL,NIMH,252782.79921514355,811965.6907246743,2.8311673512096074,802532
1210,FL,NIMHD,692000.1558548192,2222779.343668965,7.750401745573975,802532
1210,FL,NINDS,882674.8749930322,2835247.163906306,9.88595859992196,802532
1210,FL,NINR,153016.53612704517,491505.6634963087,1.7137852046229058,802532
1210,FL,NLM,84159.13443296078,270328.24200388073,0.9425823056491607,802532
1210,FL,OD,423665.64438885095,1360859.871204003,4.74505521715513,802532
1211,FL,FIC,5993.730220660437,19252.509718803507,0.0671297784713969,893440
1211,FL,NCATS,80604.37564190087,258909.97230315636,0.9027690071892898,893440
1211,FL,NCCIH,7862.369313887976,25254.780588334776,0.08805853631554533,893440
1211,FL,NCI,553949.9068422348,1779347.0130584682,6.204238956633029,893440
1211,FL,NEI,160354.5264897913,515076.0821795322,1.7959706966856623,893440
1211,FL,NHGRI,32087.48348828361,103068.46737624053,0.3593798150687764,893440
1211,FL,NHLBI,314653.69990345667,1010701.715363705,3.5241214389187143,893440
1211,FL,NIA,1139072.9339188028,3658825.4598288126,12.757616859890591,893440
1211,FL,NIAAA,65179.108782358875,209362.34683533094,0.7300060183624194,893440
1211,FL,NIAID,529784.5600261674,1701725.305489633,5.933587072293075,893440
1211,FL,NIAMS,66659.86076451337,214118.68235228484,0.7465904405625498,893440
1211,FL,NIBIB,42519.85970313035,136578.38808875805,0.47622242867505993,893440
1211,FL,NICHD,108659.1962267311,349025.0902820929,1.2169829977393882,893440
1211,FL,NIDA,181030.3180049782,581488.9607101628,2.0275395616557557,893440
1211,FL,NIDCD,96883.09510055355,311198.97982422775,1.0850906651261996,893440
1211,FL,NIDCR,65944.39187855343,211820.51890926497,0.7385771890397984,893440
1211,FL,NIDDK,684734.8136987332,2199442.2788827782,7.6690299134258115,893440
1211,FL,NIEHS,66235.42254037007,212755.3408713514,0.7418367324521448,893440
1211,FL,NIGMS,293599.12973249983,943072.1588240528,3.288310253003998,893440
1211,FL,NIMH,130788.95954563498,420108.2835001341,1.4648363469111116,893440
1211,FL,NIMHD,109965.19079821324,353220.08609513333,1.2316101369399883,893440
1211,FL,NINDS,416026.54843649565,1336322.2688009727,4.659497342488751,893440
1211,FL,NINR,34882.24585870159,112045.54637668472,0.3906811536174578,893440
1211,FL,NLM,15233.077479325128,48930.29239238573,0.1706104677684414,893440
1211,FL,OD,175757.5563475877,564552.2799927148,1.9684846310929822,893440
1212,FL,FIC,14523.250805554086,46650.252345148314,0.16266040902220574,871072
1212,FL,NCATS,53325.21513835074,171286.3583965682,0.5972424095495282,871072
1212,FL,NCCIH,34676.04165211229,111383.19616316755,0.3883716665036576,871072
1212,FL,NCI,4396625.100148648,14122435.337308241,49.242201121664856,871072
1212,FL,NEI,1317184.798103244,4230940.031222939,14.752469738756332,871072
1212,FL,NHGRI,46499.551448341575,149361.58839670898,0.5207949762214257,871072
1212,FL,NHLBI,992292.03618018,3187349.341249662,11.113670805218016,871072
1212,FL,NIA,1925626.2203529044,6185319.685283089,21.56701366795253,871072
1212,FL,NIAAA,205813.46950897868,661095.1237551145,2.3051108585005613,871072
1212,FL,NIAID,1092812.041517851,3510230.470104415,12.23949486499993,871072
1212,FL,NIAMS,57795.85860495781,185646.54873237447,0.6473136163755274,871072
1212,FL,NIBIB,72297.37734468428,232226.99533165962,0.8097306262604639,871072
1212,FL,NICHD,110442.12522140682,354752.0510451265,1.2369518024797563,871072
1212,FL,NIDA,287821.5390106328,924513.9125518744,3.223601236919087,871072
1212,FL,NIDCD,237586.08381017589,763152.1972478537,2.66096413867397,871072
1212,FL,NIDCR,163246.0011879983,524363.8116367267,1.828355213305581,871072
1212,FL,NIDDK,4163013.6375461714,13372050.053253448,46.625752740517115,871072
1212,FL,NIEHS,75196.747881135,241540.0870752649,0.842203576268712,871072
1212,FL,NIGMS,786643.0176259424,2526782.4517473183,8.810401797410554,871072
1212,FL,NIMH,180011.6952169502,578217.0341461835,2.0161309864298422,871072
1212,FL,NIMHD,88957.87223774612,285742.30683885753,0.9963281690627566,871072
1212,FL,NINDS,494878.9003576491,1589604.5514235036,5.54264368400567,871072
1212,FL,NINR,41442.60812559504,133118.13951190273,0.46415721100666446,871072
1212,FL,NLM,5748.9049472911765,18466.10446173956,0.06438773540966117,871072
1212,FL,OD,526031.7213073621,1689670.7816377168,5.891555278642455,871072
1213,FL,FIC,12001.163658458423,38549.03565312004,0.13441303297473434,762930
1213,FL,NCATS,82893.56782780447,266263.10519115307,0.92840795967141,762930
1213,FL,NCCIH,28415.04797179493,91272.20730614902,0.31824853728410324,762930
1213,FL,NCI,3151231.1600766135,10122095.306599643,35.29378899285807,762930
1213,FL,NEI,1059982.6713966448,3404778.9826247077,11.871805919642421,762930
1213,FL,NHGRI,38923.444283880584,125026.31279292809,0.4359425759794625,762930
1213,FL,NHLBI,778148.4986041355,2499497.1379271913,8.715263184366316,762930
1213,FL,NIA,1525616.8940059845,4900446.466171545,17.086909212867027,762930
1213,FL,NIAAA,150947.18801306287,484858.69354449096,1.690608505746304,762930
1213,FL,NIAID,985310.3348579899,3164923.3614990357,11.035475750409487,762930
1213,FL,NIAMS,54918.55674750837,176404.3439725525,0.6150878355720938,762930
1213,FL,NIBIB,77794.44542816204,249884.1725494922,0.8712977887954149,762930
1213,FL,NICHD,121121.81124781838,389056.35762010654,1.3565642859755658,762930
1213,FL,NIDA,258465.91355989568,830220.4686554961,2.8948182318708313,762930
1213,FL,NIDCD,182381.6421225857,585829.559927961,2.0426743917729597,762930
1213,FL,NIDCR,126282.24034212633,405632.2139956397,1.4143610918318148,762930
1213,FL,NIDDK,2934510.5001040706,9425965.10741174,32.86651760116559,762930
1213,FL,NIEHS,76156.16383956285,244621.834899072,0.8529490350031039,762930
1213,FL,NIGMS,627011.6848732075,2014029.3460680065,7.022530870579923,762930
1213,FL,NIMH,184356.4557198263,592172.8747876529,2.0647923040620544,762930
1213,FL,NIMHD,89208.28715090161,286546.6666234606,0.999132816090098,762930
1213,FL,NINDS,533237.3618007035,1712816.078226153,5.972258452167878,762930
1213,FL,NINR,40537.70563485205,130211.49484218664,0.4540223031103429,762930
1213,FL,NLM,6615.332993946401,21249.165055854122,0.07409172953219968,762930
1213,FL,OD,494920.3496688317,1589737.6910939594,5.543107916290914,762930
1214,FL,FIC,43184.63835215908,138713.72900836795,0.4836679495441817,826751
1214,FL,NCATS,119135.87403395424,382677.3125007485,1.3343217891802874,826751
1214,FL,NCCIH,100082.63834887807,321476.2587834587,1.1209255495074344,826751
1214,FL,NCI,12876211.438959565,41359783.76461234,144.21356811634712,826751
1214,FL,NEI,2781752.283280237,8935289.193455793,31.155625572738654,826751
1214,FL,NHGRI,83616.22319534078,268584.3523902479,0.9365016997878166,826751
1214,FL,NHLBI,2706941.8496605447,8694989.98956998,30.3177487161981,826751
1214,FL,NIA,5019271.657238847,16122443.420828177,56.21584256107508,826751
1214,FL,NIAAA,553754.0112808234,1778717.7753281908,6.202044926345222,826751
1214,FL,NIAID,3043171.289427557,9774995.314892912,34.08351844158864,826751
1214,FL,NIAMS,79481.87964823532,255304.39376829486,0.8901970520602356,826751
1214,FL,NIBIB,193261.81838132444,620777.8628131351,2.1645323658708335,826751
1214,FL,NICHD,246265.56429597127,791031.6272947617,2.758174320114878,826751
1214,FL,NIDA,702305.1398661673,2255880.0668457807,7.8658175665010734,826751
1214,FL,NIDCD,655680.4097363612,2106116.3909855457,7.343620589047245,826751
1214,FL,NIDCR,396460.7173913529,1273474.703347556,4.4403600347831524,826751
1214,FL,NIDDK,11961983.397679448,38423184.41796896,133.97421405400982,826751
1214,FL,NIEHS,161219.09835740228,517853.18052580225,1.8056539016029054,826751
1214,FL,NIGMS,2041279.677647743,6556811.09857809,22.86233238965472,826751
1214,FL,NIMH,368191.57103966107,1182671.1478251228,4.123745595644204,826751
1214,FL,NIMHD,202777.37831961492,651342.8704873725,2.271106637179687,826751
1214,FL,NINDS,1080229.8733974597,3469815.1852812087,12.09857458205155,826751
1214,FL,NINR,95761.77042175057,307597.163679388,1.0725318287236063,826751
1214,FL,NLM,6706.032489809476,21540.5016461423,0.07510756388586613,826751
1214,FL,OD,1427436.9192843528,4585081.768740799,15.987293495984751,826751
1215,FL,FIC,73202.52785174908,235134.4366566255,0.8198683119395896,835404
1215,FL,NCATS,90756.67080881876,291520.2423976471,1.0164747130587701,835404
1215,FL,NCCIH,166942.2431378404,536236.5405455269,1.8697531231438125,835404
1215,FL,NCI,22204519.14411898,71323317.01382525,248.69061441413257,835404
1215,FL,NEI,6150182.969505965,19755052.869194105,68.88204925846681,835404
1215,FL,NHGRI,118244.81344697965,379815.1295230033,1.324341910606172,835404
1215,FL,NHLBI,4525133.518700701,14535218.276485784,50.68149540944785,835404
1215,FL,NIA,8345634.97051899,26807082.144881535,93.47111166981269,835404
1215,FL,NIAAA,929376.4976640571,2985257.8269252246,10.409016773837438,835404
1215,FL,NIAID,4952961.626812849,15909448.431358997,55.473170220303906,835404
1215,FL,NIAMS,74939.72628540576,240714.5059116912,0.8393249343965445,835404
1215,FL,NIBIB,297056.4445003048,954177.4277830541,3.327032178403414,835404
1215,FL,NICHD,288110.7288440847,925442.8215741592,3.226840163053749,835404
1215,FL,NIDA,1110914.4006434851,3568377.2054710165,12.442241287207032,835404
1215,FL,NIDCD,1146413.1536702598,3682403.0395496944,12.839827321106908,835404
1215,FL,NIDCR,627492.636731156,2015574.215452937,7.0279175313889475,835404
1215,FL,NIDDK,21000549.04611385,67456034.8440184,235.2061493164751,835404
1215,FL,NIEHS,267799.51324741996,860201.0003244177,2.9993545483711035,835404
1215,FL,NIGMS,3346219.786646988,10748419.864078412,37.47766161044626,835404
1215,FL,NIMH,581205.8551772384,1866896.0669691798,6.5095055779850695,835404
1215,FL,NIMHD,345488.7256306064,1109747.1529520007,3.8694737270627915,835404
1215,FL,NINDS,1579859.9691297065,5074681.0901119895,17.69443165425271,835404
1215,FL,NINR,143802.67602422356,461909.7483238499,1.610589971471304,835404
1215,FL,NLM,5811.965502934361,18668.661786760404,0.06509401363286484,835404
1215,FL,OD,2376677.0128793004,7634143.614137132,26.618782544248162,835404
1216,FL,FIC,17071.77869348558,54836.39955643145,0.19120392136703848,882786
1216,FL,NCATS,72938.0233486803,234284.81958536568,0.8169058615052194,882786
1216,FL,NCCIH,40330.39680648159,129545.59646403839,0.4517004442325938,882786
1216,FL,NCI,4899324.254858574,15737159.391508454,54.872431654416026,882786
1216,FL,NEI,1435318.6073801073,4610398.603345906,16.0755684026572,882786
1216,FL,NHGRI,46191.95916253419,148373.56870714691,0.5173499426203829,882786
1216,FL,NHLBI,1108760.2257936734,3561457.762869305,12.418114528889141,882786
1216,FL,NIA,2638378.582906691,8474757.361317648,29.549840128554937,882786
1216,FL,NIAAA,222809.1481389009,715687.0816768014,2.4954624591556898,882786
1216,FL,NIAID,1331961.7667453943,4278405.252700008,14.917971787548415,882786
1216,FL,NIAMS,53585.668320378005,172122.9621864733,0.6001594851882336,882786
1216,FL,NIBIB,88397.99775588786,283943.929450077,0.990057574865944,882786
1216,FL,NICHD,151559.53335748197,486825.6130187868,1.697466773603798,882786
1216,FL,NIDA,358791.2393989209,1152476.265905098,4.018461881267914,882786
1216,FL,NIDCD,266770.3759574753,856895.3000430894,2.987828210723723,882786
1216,FL,NIDCR,171167.55100342853,549808.6863966641,1.9170765712383995,882786
1216,FL,NIDDK,4615361.117038093,14825039.080883536,51.692044510826634,882786
1216,FL,NIEHS,208820.18122727977,670753.0069842755,2.3387860297455334,882786
1216,FL,NIGMS,880348.8293700982,2827775.6537926956,9.8599068889451,882786
1216,FL,NIMH,233383.84635051194,749654.1560357176,2.6138990791257335,882786
1216,FL,NIMHD,119672.53137699045,384401.1139285901,1.340332351422293,882786
1216,FL,NINDS,596855.3448013379,1917163.9202075081,6.6847798617749845,882786
1216,FL,NINR,43066.9434074075,138335.68011656546,0.482349766162964,882786
1216,FL,NLM,5435.032191596533,17457.911223637344,0.06087236054588117,882786
1216,FL,OD,677697.4167248815,2176837.398675269,7.5902110673186725,882786
1217,FL,FIC,4007.1341366045735,12871.348237129721,0.04487990232997122,877095
1217,FL,NCATS,50165.12081393667,161135.79364752385,0.5618493531160907,877095
1217,FL,NCCIH,9647.852886570641,30989.946932216248,0.10805595232959117,877095
1217,FL,NCI,824120.7901892313,2647165.110617527,9.23015285011939,877095
1217,FL,NEI,299936.8782205581,963429.6924249276,3.359293036070251,877095
1217,FL,NHGRI,32811.55073140159,105394.24967240471,0.3674893681916978,877095
1217,FL,NHLBI,303822.17367663165,975909.6816427668,3.4028083451782742,877095
1217,FL,NIA,738851.3985091757,2373270.602256448,8.275135663302768,877095
1217,FL,NIAAA,52450.77626647081,168477.56616542357,0.5874486941844731,877095
1217,FL,NIAID,440432.8351284954,1414717.9013100807,4.932847753439148,877095
1217,FL,NIAMS,42916.59199714166,137852.73512558118,0.48066583036798655,877095
1217,FL,NIBIB,52692.69071813529,169254.6215483527,0.5901581360431152,877095
1217,FL,NICHD,107942.81943484963,346724.01054705883,1.208959577670316,877095
1217,FL,NIDA,160972.55830536,517061.26721417916,1.802892653020032,877095
1217,FL,NIDCD,65064.60977089728,208994.56362691108,0.7287236294340496,877095
1217,FL,NIDCR,63539.26087170715,204094.97798907294,0.7116397217631201,877095
1217,FL,NIDDK,731483.7888451242,2349605.043173965,8.192618435065391,877095
1217,FL,NIEHS,125192.36493650459,402131.41631764453,1.4021544872888514,877095
1217,FL,NIGMS,291281.32975369215,935627.1346111811,3.262350893241352,877095
1217,FL,NIMH,151920.55029745144,487985.2384756445,1.701510163331456,877095
1217,FL,NIMHD,57935.79728703032,186096.04691421636,0.6488809296147395,877095
1217,FL,NINDS,272747.53754306695,876094.5895140765,3.0547724204823496,877095
1217,FL,NINR,16678.44004302389,53572.953269728154,0.18679852848186757,877095
1217,FL,NLM,5465.946826117489,17557.212373281407,0.061218604452515875,877095
1217,FL,OD,248915.07537564222,799542.1434397178,2.787848844207193,877095
1218,FL,FIC,3833.891927555313,12314.875524705843,0.0429395895886195,875428
1218,FL,NCATS,45111.80102572158,144903.98394753487,0.5052521714880817,875428
1218,FL,NCCIH,8613.305933689866,27666.8702284568,0.0964690264573265,875428
1218,FL,NCI,748343.629142593,2403760.673680259,8.381448646397041,875428
1218,FL,NEI,426221.3712902825,1369069.1424252554,4.773679358451164,875428
1218,FL,NHGRI,18315.197695389725,58830.39587214596,0.2051302141883649,875428
1218,FL,NHLBI,273465.6971621013,878401.3958827467,3.062815808215534,875428
1218,FL,NIA,624105.7586908806,2004695.1968808232,6.989984497337862,875428
1218,FL,NIAAA,43060.310819628714,138314.3755272745,0.4822754811798416,875428
1218,FL,NIAID,375296.59024668107,1205493.2379592306,4.203321810762827,875428
1218,FL,NIAMS,31948.573345090845,102622.2729725217,0.35782402146501746,875428
1218,FL,NIBIB,34214.06919227184,109899.29065767121,0.3831975749534446,875428
1218,FL,NICHD,83933.0792838384,269602.12841597473,0.9400504879789899,875428
1218,FL,NIDA,132553.26380349364,425775.4195941586,1.4845965545991286,875428
1218,FL,NIDCD,70758.00336326538,227282.35961282425,0.7924896376685722,875428
1218,FL,NIDCR,43611.47490973473,140084.77419567708,0.48844851898902897,875428
1218,FL,NIDDK,722716.7898160223,2321444.494100415,8.094428045939448,875428
1218,FL,NIEHS,533619.9597598909,1714045.0242508273,5.976543549310778,875428
1218,FL,NIGMS,249413.1313188491,801141.9529963852,2.7934270707711097,875428
1218,FL,NIMH,142734.19649598785,458477.6765180832,1.598623000755064,875428
1218,FL,NIMHD,47330.04880116215,152029.23571615352,0.5300965465730161,875428
1218,FL,NINDS,258857.59969569716,831478.6068863836,2.899205116591808,875428
1218,FL,NINR,15794.950572070753,50735.089535495616,0.17690344640719244,875428
1218,FL,NLM,6130.1706549948185,19690.771150558605,0.06865791133594197,875428
1218,FL,OD,184654.549288162,593130.383569365,2.0681309520274143,875428
1219,FL,FIC,1877.8585594346216,6031.88479211694,0.02103201586566776,826915
1219,FL,NCATS,46540.43609279053,149492.91429654512,0.5212528842392539,826915
1219,FL,NCCIH,6597.3901470065,21191.53069088009,0.0738907696464728,826915
1219,FL,NCI,411867.83196572674,1322964.0217121665,4.61291971801614,826915
1219,FL,NEI,301625.62124243315,968854.1176566706,3.378206957915251,826915
1219,FL,NHGRI,29571.741886360982,94987.63326160853,0.331203509127243,826915
1219,FL,NHLBI,220559.7301846251,708461.7079225631,2.470268978067801,826915
1219,FL,NIA,435634.41769533063,1399304.8655433988,4.879105478187703,826915
1219,FL,NIAAA,30005.923413229935,96382.27128468064,0.3360663422281753,826915
1219,FL,NIAID,383764.1501306757,1232691.9561129473,4.298158481463568,826915
1219,FL,NIAMS,37116.63529946099,119222.64692010428,0.4157063153539631,826915
1219,FL,NIBIB,155235.47025486146,498633.1199029904,1.7386372668544483,826915
1219,FL,NICHD,77010.57115824352,247366.28361483416,0.8625183969723274,826915
1219,FL,NIDA,145758.57893898897,468192.32002615253,1.6324960841166765,826915
1219,FL,NIDCD,41044.17587463427,131838.3320294996,0.4596947697959038,826915
1219,FL,NIDCR,53394.181859080374,171507.8869626262,0.5980148368217002,826915
1219,FL,NIDDK,330039.0922064589,1060121.2594433043,3.6964378327123395,826915
1219,FL,NIEHS,314245.34626686695,1009390.0393176172,3.51954787818891,826915
1219,FL,NIGMS,287662.14024686546,924001.9064829296,3.221815970764893,826915
1219,FL,NIMH,131800.10999783484,423356.2081132651,1.47616123197575,826915
1219,FL,NIMHD,53472.29989382477,171758.81053905713,0.5988897588108374,826915
1219,FL,NINDS,232403.96758469648,746506.6794614329,2.6029244369486007,826915
1219,FL,NINR,12274.304427183548,39426.39334372068,0.13747220958445572,826915
1219,FL,NLM,5910.07956782248,18983.81477467745,0.06619289115961177,826915
1219,FL,OD,369369.5896261527,1186455.0709331706,4.13693940381291,826915
1220,FL,FIC,3165.9656296705407,10169.424016537349,0.03545881505231006,818131
1220,FL,NCATS,212262.2226736287,681809.2163828786,2.3773368939446415,818131
1220,FL,NCCIH,22577.737997491575,72522.13633622794,0.25287066557190563,818131
1220,FL,NCI,1056225.3338658581,3392710.00810214,11.829723739297611,818131
1220,FL,NEI,373901.2720292088,1201011.3249344984,4.187694246727138,818131
1220,FL,NHGRI,36301.62592366813,116604.7486579701,0.406578210345083,818131
1220,FL,NHLBI,896195.1929653384,2878675.887519171,10.037386161211789,818131
1220,FL,NIA,1712025.9928588814,5499212.652705605,19.17469112001947,818131
1220,FL,NIAAA,48042.69224728675,154318.32354083774,0.5380781531696116,818131
1220,FL,NIAID,1376627.0597037342,4421875.0044431705,15.418223068681822,818131
1220,FL,NIAMS,143833.2858987254,462008.0705513513,1.6109328020657243,818131
1220,FL,NIBIB,66851.26942488975,214733.50767115832,0.7487342175587651,818131
1220,FL,NICHD,295241.10355512705,948346.3563295034,3.3067003598174227,818131
1220,FL,NIDA,750467.2099791531,2410581.84500252,8.405232751766514,818131
1220,FL,NIDCD,130915.71854821278,420515.4471259948,1.466256047739983,818131
1220,FL,NIDCR,357801.40338254865,1149296.8055651016,4.007375717884544,818131
1220,FL,NIDDK,511598.55570183275,1643309.892698185,5.729903823860527,818131
1220,FL,NIEHS,257343.31935607435,826614.5746589924,2.882245176788033,818131
1220,FL,NIGMS,796219.700890006,2557543.7941547134,8.917660649968067,818131
1220,FL,NIMH,792469.5329221971,2545497.849043852,8.875658768728607,818131
1220,FL,NIMHD,327539.02773159085,1052090.7819563264,3.668437110593817,818131
1220,FL,NINDS,1109435.7470580395,3563627.610231243,12.425680367050042,818131
1220,FL,NINR,32267.196552994596,103645.72517690326,0.36139260139353946,818131
1220,FL,NLM,12649.627720263576,40631.97235406866,0.14167583046695204,818131
1220,FL,OD,684848.8653834637,2199808.6252293573,7.670307292294793,818131
1221,FL,FIC,2037.597075195536,6544.982181210869,0.02282108724219,859087
1221,FL,NCATS,360739.4443473894,1158734.1109070838,4.040281776690761,859087
1221,FL,NCCIH,10607.199894511165,34071.473279600774,0.11880063881852504,859087
1221,FL,NCI,1729052.1801083062,5553902.607612785,19.36538441721303,859087
1221,FL,NEI,996230.3482119545,3199999.625442644,11.157779899973889,859087
1221,FL,NHGRI,23670.81247525245,76033.20977992866,0.26511309972282743,859087
1221,FL,NHLBI,591422.973880037,1899714.557271889,6.623937307456414,859087
1221,FL,NIA,1459116.886426937,4686841.249539849,16.342109127981693,859087
1221,FL,NIAAA,64338.67173705228,206662.77214859694,0.7205931234549855,859087
1221,FL,NIAID,4415073.042333269,14181692.122836737,49.4488180741326,859087
1221,FL,NIAMS,81299.47254129928,261142.6987220147,0.9105540924625519,859087
1221,FL,NIBIB,45628.982625226294,146565.2271807603,0.5110446054025345,859087
1221,FL,NICHD,478239.50383174774,1536157.0101535125,5.356282442915575,859087
1221,FL,NIDA,1643576.660677362,5279345.994622168,18.408058599586454,859087
1221,FL,NIDCD,107481.37889483917,345241.81362558604,1.2037914436221986,859087
1221,FL,NIDCR,70623.42311428409,226850.07329761103,0.7909823388799817,859087
1221,FL,NIDDK,844050.7567152204,2711182.318618383,9.453368475210468,859087
1221,FL,NIEHS,66690.98958496739,214218.6714903111,0.7469390833516347,859087
1221,FL,NIGMS,1491750.5383036355,4791664.0688503515,16.70760602900072,859087
1221,FL,NIMH,2556215.8593314197,8210841.806909866,28.629617624511898,859087
1221,FL,NIMHD,117109.93196670226,376169.76746559615,1.3116312380270654,859087
1221,FL,NINDS,3391166.5009409934,10892793.571588771,37.981064810539124,859087
1221,FL,NINR,21130.052614189513,67872.01431109587,0.23665658927892255,859087
1221,FL,NLM,8012.866091829668,25738.19251601606,0.08974410022849227,859087
1221,FL,OD,1058384.693297272,3399646.1041406943,11.853908564929446,859087
1222,FL,FIC,2620.248296973712,8416.52092202544,0.029346780926105574,804159
1222,FL,NCATS,181521.377632741,583066.2973449393,2.033039429486699,804159
1222,FL,NCCIH,14742.695439408863,47355.132243056505,0.16511818892137925,804159
1222,FL,NCI,923561.7892655061,2966580.3546610866,10.343892039773667,804159
1222,FL,NEI,463477.06486184825,1488738.4595551647,5.190943126452701,804159
1222,FL,NHGRI,28336.643280517543,91020.36295793086,0.31737040474179645,804159
1222,FL,NHLBI,975374.0455491431,3133006.9255827162,10.924189310150402,804159
1222,FL,NIA,1695929.3396354364,5447508.461623339,18.994408603916888,804159
1222,FL,NIAAA,49311.40479376259,158393.565457332,0.552287733690141,804159
1222,FL,NIAID,1675012.8765796097,5380322.520074417,18.76014421769163,804159
1222,FL,NIAMS,65791.99723316552,211331.01082608313,0.7368703690114538,804159
1222,FL,NIBIB,94570.09444488963,303769.3715563632,1.059185057782764,804159
1222,FL,NICHD,275873.4696432977,886135.4215042392,3.0897828600049344,804159
1222,FL,NIDA,720669.2835831372,2314867.6826329837,8.071495976131136,804159
1222,FL,NIDCD,113323.86209706917,364008.5015631163,1.2692272554871746,804159
1222,FL,NIDCR,133500.66477672016,428818.57398602203,1.4952074454992659,804159
1222,FL,NIDDK,432792.1874862521,1390175.3147113074,4.8472724998460235,804159
1222,FL,NIEHS,104650.719415138,336149.42922768346,1.1720880574495456,804159
1222,FL,NIGMS,981026.9651017179,3151164.714575356,10.98750200913924,804159
1222,FL,NIMH,826235.7741005524,2653958.6676861225,9.253840669926186,804159
1222,FL,NIMHD,186505.1224242976,599074.6246307989,2.088857371152133,804159
1222,FL,NINDS,1373363.768723045,4411392.960872968,15.381674209698103,804159
1222,FL,NINR,23019.487222047854,73941.08262275375,0.25781825688693594,804159
1222,FL,NLM,9519.76942981288,30578.529016283584,0.10662141761390426,804159
1222,FL,OD,526766.8745515455,1692032.1733683061,5.8997889949773095,804159
1223,FL,FIC,3542.223499225203,11378.004987600681,0.03967290319132227,802266
1223,FL,NCATS,177976.6666248784,571680.3022105596,1.9933386661986379,802266
1223,FL,NCCIH,20902.541136504256,67141.22283833718,0.23410846072884767,802266
1223,FL,NCI,988531.167642209,3175269.0247501233,11.07154907759274,802266
1223,FL,NEI,452190.27276672714,1452484.06262612,5.064531054987344,802266
1223,FL,NHGRI,40423.011344661936,129843.08437737044,0.45273772706021365,802266
1223,FL,NHLBI,1396161.4527642757,4484621.587689883,15.637008270959887,802266
1223,FL,NIA,2323986.3719229586,7464895.576645351,26.028647365537136,802266
1223,FL,NIAAA,57957.299002407875,186165.11274952046,0.6491217488269682,802266
1223,FL,NIAID,1012070.439704105,3250879.712495638,11.335188924685976,802266
1223,FL,NIAMS,126185.34772865816,405320.9844417893,1.4132758945609714,802266
1223,FL,NIBIB,128341.59611199485,412247.0874574451,1.4374258764543422,802266
1223,FL,NICHD,308214.94208540604,990019.7288702617,3.4520073513565475,802266
1223,FL,NIDA,662295.3272765154,2127364.221558886,7.417707665496972,802266
1223,FL,NIDCD,148688.37843506137,477603.1528790974,1.6653098384726872,802266
1223,FL,NIDCR,339796.9148293729,1091464.4410623983,3.8057254460889762,802266
1223,FL,NIDDK,494605.21909815236,1588725.4576180878,5.539578453899306,802266
1223,FL,NIEHS,228440.13158566089,733774.4095250714,2.558529473759402,802266
1223,FL,NIGMS,1077539.8507567614,3461174.541620717,12.068446328475726,802266
1223,FL,NIMH,621912.2497314857,1997649.4088649622,6.9654171969926395,802266
1223,FL,NIMHD,270476.08943886275,868798.4525356039,3.029332201715263,802266
1223,FL,NINDS,1308225.0212242124,4202160.258845585,14.652120237711177,802266
1223,FL,NINR,35593.15886162594,114329.07583065415,0.3986433792502105,802266
1223,FL,NLM,12676.394813649526,40717.951153011054,0.1419756219128747,802266
1223,FL,OD,584485.2968742992,1877429.9883871437,6.546235324992151,802266
1224,FL,FIC,7439.93194445139,23897.866069121144,0.08332723777785557,830040
1224,FL,NCATS,1112889.067454125,3574720.0488362713,12.464357555486199,830040
1224,FL,NCCIH,214969.45894264034,690505.152079247,2.4076579401575717,830040
1224,FL,NCI,4255340.2489792,13668613.1147325,47.659810788567036,830040
1224,FL,NEI,1046200.020110932,3360507.616036602,11.717440225242438,830040
1224,FL,NHGRI,178046.3493251691,571904.1305804043,1.994119112441894,830040
1224,FL,NHLBI,3754844.0700537595,12060965.257014222,42.0542535846021,830040
1224,FL,NIA,7471019.052802488,23997721.22336148,83.67541339138786,830040
1224,FL,NIAAA,129917.43807336723,417308.8622720742,1.455075306421713,830040
1224,FL,NIAID,1958493.532307374,6290893.046034826,21.935127561842588,830040
1224,FL,NIAMS,295083.73268442863,947840.8640724221,3.3049378060656003,830040
1224,FL,NIBIB,131106.32543577746,421127.6970638816,1.4683908448807075,830040
1224,FL,NICHD,920406.7982522231,2956446.182299342,10.308556140424898,830040
1224,FL,NIDA,2751922.00745107,8839471.121208232,30.821526483451983,830040
1224,FL,NIDCD,654243.9700467065,2101502.3913446837,7.327532464523112,830040
1224,FL,NIDCR,289727.98756316444,930637.6314939609,3.2449534607074417,830040
1224,FL,NIDDK,1711453.9817908604,5497375.291289441,19.168284596057635,830040
1224,FL,NIEHS,539597.7461121964,1733246.3205400705,6.043494756456599,830040
1224,FL,NIGMS,1670496.8721483138,5365816.625414029,18.709564968061112,830040
1224,FL,NIMH,1963742.194803159,6307752.3176387595,21.993912581795378,830040
1224,FL,NIMHD,1579818.5069026914,5074547.9089544825,17.693967277310144,830040
1224,FL,NINDS,2297081.727579429,7378474.949150428,25.7273153488896,830040
1224,FL,NINR,156531.9364941433,502797.50968246965,1.753157688734405,830040
1224,FL,NLM,64667.90929246226,207720.31878515997,0.7242805840755773,830040
1224,FL,OD,3144061.600579788,10099065.906074343,35.21348992649362,830040
1225,FL,FIC,7113.918695805632,22850.67625460868,0.07967588939302307,807029
1225,FL,NCATS,563351.7060866338,1809546.6090801735,6.3095391081702985,807029
1225,FL,NCCIH,80803.42028837626,259549.32523524764,0.9049983072298141,807029
1225,FL,NCI,2461247.9242195897,7905794.528102956,27.565976751259402,807029
1225,FL,NEI,691049.913219411,2219727.061550835,7.739759028057403,807029
1225,FL,NHGRI,112837.94106276415,362447.67064628913,1.2637849399029584,807029
1225,FL,NHLBI,2091327.3068434284,6717569.496440521,23.422865836646398,807029
1225,FL,NIA,4612574.239937681,14816087.33022318,51.66083148730202,807029
1225,FL,NIAAA,100122.12851942799,321603.1054823122,1.1213678394175934,807029
1225,FL,NIAID,1275793.9154060525,4097988.0393814156,14.288891852547787,807029
1225,FL,NIAMS,405558.5955170182,1302698.071865394,4.542256269790604,807029
1225,FL,NIBIB,107138.39668608668,344140.11767593806,1.1999500428841707,807029
1225,FL,NICHD,666948.2689831806,2142309.9735581693,7.469820612611623,807029
1225,FL,NIDA,1757324.00264591,5644714.75933381,19.68202882963419,807029
1225,FL,NIDCD,364925.99808349006,1172181.7743028663,4.087171178535089,807029
1225,FL,NIDCR,704236.2831780203,2262083.108025661,7.8874463715938266,807029
1225,FL,NIDDK,1070016.9369069266,3437010.128696622,11.984189693357576,807029
1225,FL,NIEHS,645192.6091712452,2072428.44126556,7.226157222717946,807029
1225,FL,NIGMS,1249571.6628846996,4013759.3282232014,13.995202624308636,807029
1225,FL,NIMH,1392408.1597393819,4472565.604557675,15.594971389081076,807029
1225,FL,NIMHD,1207955.1094540327,3880082.457578407,13.529097225885167,807029
1225,FL,NINDS,1661723.253189444,5337634.812410088,18.611300435721773,807029
1225,FL,NINR,91710.44753432627,294583.87639540463,1.0271570123844542,807029
1225,FL,NLM,41364.74558209152,132868.03660097008,0.463285150519425,807029
1225,FL,OD,1831136.7715806079,5881809.356349302,20.508731841702808,807029
1226,FL,FIC,6462.970305798972,20759.759622785066,0.07238526742494848,851047
1226,FL,NCATS,689180.544073349,2213722.4456726406,7.718822093621508,851047
1226,FL,NCCIH,92339.26579990285,296603.708674082,1.0341997769589117,851047
1226,FL,NCI,2761729.588922119,8870974.133629188,30.93137139592773,851047
1226,FL,NEI,788977.2557649777,2534280.277108705,8.83654526456775,851047
1226,FL,NHGRI,147194.87263542134,472805.85072099476,1.648582573516719,851047
1226,FL,NHLBI,2092928.859561854,6722713.856987544,23.440803227092765,851047
1226,FL,NIA,4933650.93691185,15847420.406855281,55.25689049341272,851047
1226,FL,NIAAA,89821.30136727038,288515.73458680045,1.0059985753134282,851047
1226,FL,NIAID,1364235.7872183078,4382072.89704573,15.279440816845048,851047
1226,FL,NIAMS,182306.3604067698,585587.7469146895,2.0418312365558213,851047
1226,FL,NIBIB,107535.62835459287,345416.06875764846,1.2043990375714402,851047
1226,FL,NICHD,647205.4441461475,2078893.8849024915,7.248700974436852,851047
1226,FL,NIDA,1849170.7807440353,5939736.544244926,20.710712744333193,851047
1226,FL,NIDCD,449537.39741270605,1443962.7400680892,5.034818851022307,851047
1226,FL,NIDCR,157591.43812333932,506200.743505519,1.7650241069814003,851047
1226,FL,NIDDK,1178808.936043388,3786461.7962880265,13.202660083685945,851047
1226,FL,NIEHS,364687.54400405247,1171415.8340097854,4.084500492845388,851047
1226,FL,NIGMS,1141561.0713568027,3666817.626383405,12.78548399919619,851047
1226,FL,NIMH,1378943.503773495,4429315.673329536,15.444167242263145,851047
1226,FL,NIMHD,1086039.8684994392,3488477.517926994,12.163646527193718,851047
1226,FL,NINDS,1560250.0015383677,5011691.753298616,17.474800017229718,851047
1226,FL,NINR,108789.79863568569,349444.5993449183,1.2184457447196797,851047
1226,FL,NLM,45981.41915644572,147697.29143670137,0.5149918945521921,851047
1226,FL,OD,2160737.970016539,6940524.053641406,24.200265264185237,851047
1227,FL,FIC,19960.076880003715,64113.925714526646,0.2235528610560416,788713
1227,FL,NCATS,3224155.412715095,10356335.893174483,36.11054062240906,788713
1227,FL,NCCIH,311405.99355541053,1000269.7313191029,3.487747127820598,788713
1227,FL,NCI,11596766.356524993,37250067.78184448,129.88378319307992,788713
1227,FL,NEI,2979193.6675245343,9569492.273860453,33.366969076274785,788713
1227,FL,NHGRI,518474.96006307134,1665397.647221875,5.806919552706399,788713
1227,FL,NHLBI,8390380.489582758,26950809.591552164,93.97226148332689,788713
1227,FL,NIA,22381713.72484618,71892485.17154622,250.6751937182772,788713
1227,FL,NIAAA,367812.60770669515,1181453.876612974,4.119501206314985,788713
1227,FL,NIAID,5361411.542149125,17221433.735193647,60.0478092720702,788713
1227,FL,NIAMS,744607.5472424778,2391759.974542304,8.33960452911575,788713
1227,FL,NIBIB,259292.60594487036,832875.8940066946,2.904077186582548,788713
1227,FL,NICHD,2682834.2762178094,8617553.8563247509,30.047743893639463,788713
1227,FL,NIDA,8496702.042601688,27292325.91902372,95.1630628771389,788713
1227,FL,NIDCD,2158309.7072532997,6932724.211017871,24.173068721236955,788713
1227,FL,NIDCR,430026.38474955887,1381291.2571865073,4.816295509195059,788713
1227,FL,NIDDK,5131528.652691687,16483025.031343399,57.473120910146896,788713
1227,FL,NIEHS,980701.6309390519,3150119.7060584566,10.98385826651738,788713
1227,FL,NIGMS,4774636.032691821,15336647.33629266,53.475923566148396,788713
1227,FL,NIMH,5611229.937216306,18023877.43918085,62.84577529682262,788713
1227,FL,NIMHD,4600544.88749487,14777447.749145973,51.526102739942544,788713
1227,FL,NINDS,6852470.067693262,22010874.984216064,76.74766475816453,788713
1227,FL,NINR,505380.99247294443,1623338.4071483635,5.6602671156969775,788713
1227,FL,NLM,203462.90772843643,653544.8650917289,2.278784566558488,788713
1227,FL,OD,9496555.320827318,30503962.787507165,106.36141959326596,788713
1228,FL,FIC,16845.93757473306,54110.97345722185,0.18867450083701026,791591
1228,FL,NCATS,1275341.7593715596,4096535.665295828,14.283827704961467,791591
1228,FL,NCCIH,150502.20496605473,483429.35987049673,1.6856246956198129,791591
1228,FL,NCI,5004258.357191707,16074219.07731793,56.04769360054711,791591
1228,FL,NEI,1261040.186310007,4050597.4658399005,14.123650086672077,791591
1228,FL,NHGRI,236652.12185845675,760152.2104465652,2.6505037648147156,791591
1228,FL,NHLBI,4723159.200987439,15171298.185397336,52.89938305105931,791591
1228,FL,NIA,9462318.279891679,30393989.7091253,105.9779647347868,791591
1228,FL,NIAAA,205864.78436328517,661259.9526170891,2.305685584868794,791591
1228,FL,NIAID,2475397.9984264825,7951246.096852404,27.724457582376605,791591
1228,FL,NIAMS,312848.26713971724,1004902.4700605505,3.503900591964833,791591
1228,FL,NIBIB,209472.03578559862,672846.8343267242,2.3460868007987044,791591
1228,FL,NICHD,1626450.9143700916,5224336.245253409,18.216250240945026,791591
1228,FL,NIDA,4233484.166136077,13598409.012802495,47.415022660724055,791591
1228,FL,NIDCD,891938.1938052629,2865001.9458025782,9.989707770618944,791591
1228,FL,NIDCR,209808.8569579786,673928.7403611987,2.3498591979293604,791591
1228,FL,NIDDK,2157482.371108639,6930066.717840936,24.163802556416755,791591
1228,FL,NIEHS,791785.2519708031,2543299.8646197794,8.867994822072994,791591
1228,FL,NIGMS,2412583.7435684674,7749479.916592112,27.020937927966834,791591
1228,FL,NIMH,3030668.2419526693,9734834.174140332,33.943484309869895,791591
1228,FL,NIMHD,2980394.0790032065,9573348.125360081,33.38041368483591,791591
1228,FL,NINDS,3101836.4642816526,9963434.20143815,34.740568399954505,791591
1228,FL,NINR,201079.98393152456,645890.6561316601,2.252095820033075,791591
1228,FL,NLM,95082.08370233668,305413.93642532325,1.0649193374661707,791591
1228,FL,OD,4216238.886551424,13543015.309618698,47.22187552937594,791591
1301,GA,FIC,6738.860058365647,19792.731000743734,0.07951854868871464,806580
1301,GA,NCATS,70603.46205506883,207369.69162053056,0.8331208522498122,806580
1301,GA,NCCIH,9409.20038472929,27635.79752867104,0.11102856453980564,806580
1301,GA,NCI,605035.0444957702,1777050.6848352812,7.139413525050089,806580
1301,GA,NEI,197217.31227210638,579247.7031253522,2.3271642848108556,806580
1301,GA,NHGRI,14890.483646229528,43734.89503093689,0.17570770702550845,806580
1301,GA,NHLBI,878702.0512176701,2580839.0705432,10.368684204368508,806580
1301,GA,NIA,669053.3947888105,1965079.2201494328,7.8948300585079645,806580
1301,GA,NIAAA,80493.19081006544,236416.85081698396,0.9498196515587722,806580
1301,GA,NIAID,851313.6860132149,2500396.6009939234,10.045501494955936,806580
1301,GA,NIAMS,59890.86603147819,175905.68590173696,0.7067122191714427,806580
1301,GA,NIBIB,260020.36170362795,763706.7737483425,3.06824026810281,806580
1301,GA,NICHD,150820.82596000138,442976.4102061313,1.7796857463280165,806580
1301,GA,NIDA,176523.76669176054,518468.6132531774,2.0829804469627744,806580
1301,GA,NIDCD,57252.483721274446,168156.4833822164,0.6755793079110385,806580
1301,GA,NIDCR,76897.53249061458,225856.02936185832,0.9073908833892521,806580
1301,GA,NIDDK,364154.2992573079,1069558.9499616744,4.297020731236233,806580
1301,GA,NIEHS,64141.51869418423,188390.2936843387,0.756869920591374,806580
1301,GA,NIGMS,623705.7457545692,1831888.4711092226,7.359727799903917,806580
1301,GA,NIMH,219267.209478895,644010.5384162016,2.587353071850961,806580
1301,GA,NIMHD,89993.49055489605,264320.21661583846,1.0619231885477736,806580
1301,GA,NINDS,439418.82393883995,1290618.665999418,5.185142122478312,806580
1301,GA,NINR,22441.024417735967,65911.61648029424,0.2648040881292844,806580
1301,GA,NLM,9704.412411616455,28502.8658734289,0.11451206645707417,806580
1301,GA,OD,437102.5016736516,1283815.3872387924,5.157809519749089,806580
1302,GA,FIC,10202.209985134961,29964.948982462076,0.12038607782459254,757227
1302,GA,NCATS,54634.05954366075,160465.8999683325,0.6446819026151969,757227
1302,GA,NCCIH,12271.737965387212,36043.3673287216,0.1448065079915691,757227
1302,GA,NCI,566608.8672235684,1664189.0163114746,6.685984633238107,757227
1302,GA,NEI,144969.9110724774,425791.66627703793,1.7106449506552335,757227
1302,GA,NHGRI,34515.86614162324,101376.67912405243,0.4072872204711543,757227
1302,GA,NHLBI,813306.7564276195,2388766.306413457,9.597019725845911,757227
1302,GA,NIA,540175.2310796096,1586550.6850451326,6.374067726739393,757227
1302,GA,NIAAA,93990.70775692875,276060.4581620572,1.1090903515317594,757227
1302,GA,NIAID,1014194.8470637857,2978795.4663570123,11.967499195352671,757227
1302,GA,NIAMS,50310.57367310032,147767.37349941029,0.5936647693425838,757227
1302,GA,NIBIB,130846.83245811591,384310.71942618315,1.543992623005768,757227
1302,GA,NICHD,301103.138285709,884371.1500093319,3.5530170317713665,757227
1302,GA,NIDA,230210.69245126343,676152.683053026,2.7164861709249086,757227
1302,GA,NIDCD,71768.29533670816,210790.92779467846,0.8468658849731564,757227
1302,GA,NIDCR,57552.18531218477,169036.73804220432,0.6791157866837803,757227
1302,GA,NIDDK,363806.7178951803,1068538.0674471424,4.292919271163128,757227
1302,GA,NIEHS,120233.41122508538,353138.0003544797,1.4187542524560075,757227
1302,GA,NIGMS,761577.0080938196,2236830.669727244,8.986608695507071,757227
1302,GA,NIMH,369414.0156167532,1085007.2824898853,4.359085384277688,757227
1302,GA,NIMHD,346300.19324051414,1017119.5886173963,4.086342280238067,757227
1302,GA,NINDS,429784.04364176025,1262320.316869192,5.071451714972771,757227
1302,GA,NINR,20321.84418632074,59687.364322034104,0.23979776139858475,757227
1302,GA,NLM,39218.27741629065,115188.14881005883,0.4627756735122297,757227
1302,GA,OD,429834.0134549316,1262467.0833937516,5.072041358768193,757227
1303,GA,FIC,50185.02294472301,147398.61798702436,0.5921832707477316,799818
1303,GA,NCATS,402325.9332562684,1181672.9984886744,4.747446012423967,799818
1303,GA,NCCIH,65118.6879077292,191260.3410244514,0.7684005173112046,799818
1303,GA,NCI,1925926.8249769884,5656646.857737383,22.725936534728465,799818
1303,GA,NEI,258812.83086497037,760160.1304202946,3.0539914042066503,799818
1303,GA,NHGRI,90983.0712746272,267226.71783704223,1.0736002410406011,799818
1303,GA,NHLBI,1945866.0878931547,5715210.541184535,22.961219837139225,799818
1303,GA,NIA,1968183.6944118796,5780759.666493527,23.22456759406018,799818
1303,GA,NIAAA,253323.04444856726,744036.0582700627,2.9892119244930937,799818
1303,GA,NIAID,5124968.2345461305,15052563.3082117,60.47462516764434,799818
1303,GA,NIAMS,211248.0201373533,620457.3475046128,2.4927266376207693,799818
1303,GA,NIBIB,798421.2612674967,2345046.0630836617,9.421370882956461,799818
1303,GA,NICHD,626028.5643257337,1838710.8301943496,7.387137059043658,799818
1303,GA,NIDA,549486.8449255681,1613899.8607869651,6.4839447701217034,799818
1303,GA,NIDCD,117023.98964279819,343711.59626001667,1.3808830777850187,799818
1303,GA,NIDCR,209109.110202017,614175.1471594112,2.467487500383801,799818
1303,GA,NIDDK,884251.0106822164,2597136.9400737374,10.434161926050153,799818
1303,GA,NIEHS,425544.9611581134,1249869.6919026403,5.0214305416657385,799818
1303,GA,NIGMS,1720632.8833013615,5053677.25628026,20.303468022956068,799818
1303,GA,NIMH,1218085.8332459016,3577644.44200375,14.37341283230164,799818
1303,GA,NIMHD,786068.2859503479,2308764.093226218,9.275605774214105,799818
1303,GA,NINDS,1435297.548078193,4215617.779430269,16.93651106732268,799818
1303,GA,NINR,159612.2671018695,468797.78475951066,1.8834247518020604,799818
1303,GA,NLM,24280.69852176425,71314.93014977219,0.2865122425568182,799818
1303,GA,OD,1364934.631429042,4008954.594618243,16.106228650862697,799818
1304,GA,FIC,271640.5293666765,797836.4115129294,3.205358246526783,759754
1304,GA,NCATS,2415449.021864901,7094424.327217198,28.502298458005832,759754
1304,GA,NCCIH,373877.83497818146,1098117.9829780164,4.411758452742541,759754
1304,GA,NCI,9994905.6034604,29356074.51018891,117.93988612083272,759754
1304,GA,NEI,1217165.5089785093,3574941.3541669073,14.362553005946411,759754
1304,GA,NHGRI,343185.28735569434,1007970.7869303311,4.049586390797193,759754
1304,GA,NHLBI,9876407.777308881,29008034.103224482,116.5416117722448,759754
1304,GA,NIA,11316012.538106972,33236302.613192197,133.52894794966227,759754
1304,GA,NIAAA,1001145.8380823059,2940469.1734291613,11.81352088937121,759754
1304,GA,NIAID,28166187.03807276,82727012.95661187,332.3610070492586,759754
1304,GA,NIAMS,1129811.288712052,3318372.9481547736,13.331773206802213,759754
1304,GA,NIBIB,4830128.162099323,14186587.432227302,56.995512312772014,759754
1304,GA,NICHD,2872750.8080240926,8437567.108223945,33.89845953468429,759754
1304,GA,NIDA,2457185.0758889928,7217007.447088618,28.994783895490116,759754
1304,GA,NIDCD,500958.1887998794,1471366.16395927,5.911306627838577,759754
1304,GA,NIDCR,1192146.336896874,3501457.4505713154,14.067326775383114,759754
1304,GA,NIDDK,4186627.070601404,12296557.977335747,49.40219943309657,759754
1304,GA,NIEHS,2434038.0514983987,7149022.235455985,28.721649007681105,759754
1304,GA,NIGMS,7078399.23091642,20789992.770287357,83.52511092481376,759754
1304,GA,NIMH,6505031.182382397,19105951.33734987,76.75936795211229,759754
1304,GA,NIMHD,2717717.315761103,7982217.660113956,32.06906432598102,759754
1304,GA,NINDS,7589491.7122899275,22291124.402746547,89.55600220502114,759754
1304,GA,NINR,1004953.5725071788,2951652.8844041685,11.85845215558471,759754
1304,GA,NLM,124124.93482626401,364567.808831591,1.4646742309499154,759754
1304,GA,OD,7089639.220202375,20823005.78472323,83.65774279838803,759754
1305,GA,FIC,523266.00899479317,1536886.5458201114,6.17453890613856,771555
1305,GA,NCATS,4639882.020578034,13627814.780703578,54.750607842820806,771555
1305,GA,NCCIH,737443.2734010277,2165947.3875874463,8.701830626132127,771555
1305,GA,NCI,18041206.090524003,52988893.668363795,212.88623186818324,771555
1305,GA,NEI,2194432.885569242,6445277.00932726,25.894308049717054,771555
1305,GA,NHGRI,678126.9896612309,1991729.3094767218,8.001898478002525,771555
1305,GA,NHLBI,18551094.861802746,54486489.87941607,218.9029193692724,771555
1305,GA,NIA,21066900.88216087,61875673.12105122,248.58943040949825,771555
1305,GA,NIAAA,1789478.9798079242,5255885.382996594,21.115851961733508,771555
1305,GA,NIAID,54110379.831701584,158927798.3339934,638.5024820140787,771555
1305,GA,NIAMS,2132421.9883267633,6263144.571851951,25.162579462255806,771555
1305,GA,NIBIB,9208556.962756213,27046486.985969994,108.66097216052331,771555
1305,GA,NICHD,5551392.485296748,16305015.564854585,65.50643132650163,771555
1305,GA,NIDA,4829743.21984809,14185456.816906093,56.99096999420746,771555
1305,GA,NIDCD,906963.3018414652,2663845.2951118452,10.70216696172929,771555
1305,GA,NIDCR,2138344.462138689,6280539.491764685,25.232464653236534,771555
1305,GA,NIDDK,7798781.563129251,22905830.403905615,92.02562244492516,771555
1305,GA,NIEHS,4683209.131512302,13755070.999757536,55.261867751845166,771555
1305,GA,NIGMS,13485101.467382533,39607141.79400383,159.1241973151139,771555
1305,GA,NIMH,12302359.83993386,36133306.95061476,145.16784611121955,771555
1305,GA,NIMHD,5912859.09382259,17366680.488348823,69.77173730710656,771555
1305,GA,NINDS,14579798.521777233,42822380.59363482,172.04162255697136,771555
1305,GA,NINR,1963192.9149416264,5766101.229505192,23.16567639631119,771555
1305,GA,NLM,243646.19858492148,715614.15820745,2.8750251433020737,771555
1305,GA,OD,13731735.914566575,40331532.74831232,162.03448379188558,771555
1306,GA,FIC,175305.37487313754,514890.07010038185,2.068603423503023,803570
1306,GA,NCATS,1493853.4745912666,4387602.609495677,17.627471000176946,803570
1306,GA,NCCIH,212844.86168588934,625147.4367700442,2.5115693678934945,803570
1306,GA,NCI,7015162.40393596,20604259.6500082,82.77891636644432,803570
1306,GA,NEI,988049.4415989502,2902003.6984928837,11.658983410867613,803570
1306,GA,NHGRI,426983.3518620077,1254094.3946015497,5.038403551971691,803570
1306,GA,NHLBI,6589763.250980785,19354818.211922005,77.75920636157326,803570
1306,GA,NIA,6818938.764940178,20027930.468367282,80.4634774262941,803570
1306,GA,NIAAA,829395.4000699245,2436020.321635758,9.78686572082511,803570
1306,GA,NIAID,17127488.865123264,50305211.39918653,202.10436860845454,803570
1306,GA,NIAMS,771817.5365840659,2266908.164133925,9.107446931691978,803570
1306,GA,NIBIB,3136657.3159346622,9212687.896484736,37.012556328029014,803570
1306,GA,NICHD,2032017.480704752,5968246.118194707,23.977806272316077,803570
1306,GA,NIDA,1657028.8316231468,4866865.55897227,19.552940213153132,803570
1306,GA,NIDCD,413006.51192860067,1213042.9659257224,4.873476840757488,803570
1306,GA,NIDCR,797250.5666870879,2341607.6116670463,9.407556686907638,803570
1306,GA,NIDDK,2918999.0279777283,8573402.92746895,34.4441885301372,803570
1306,GA,NIEHS,1528104.5629883439,4488201.608919099,18.03163384326246,803570
1306,GA,NIGMS,6086953.496933731,17878013.80877239,71.82605126381803,803570
1306,GA,NIMH,4258575.226360692,12507877.173848126,50.251187671056165,803570
1306,GA,NIMHD,3696411.1782608046,10856743.052355662,43.617651903477494,803570
1306,GA,NINDS,5320470.621466444,15626774.097692842,62.78155333330404,803570
1306,GA,NINR,566097.3007410238,1662686.492488409,6.6799481487440815,803570
1306,GA,NLM,82691.25879106774,242872.80447865973,0.9757568537345994,803570
1306,GA,OD,4922380.878950626,14457543.230820997,58.08409437161738,803570
1307,GA,FIC,93907.38390383915,275815.727362506,1.108107130065302,815698
1307,GA,NCATS,878119.7557955524,2579128.808488027,10.361813118387518,815698
1307,GA,NCCIH,128664.29386050788,377900.37717437017,1.5182386675539932,815698
1307,GA,NCI,4374576.2400576975,12848584.183643974,51.61999963268083,815698
1307,GA,NEI,482901.1259780974,1418330.6974264127,5.69823328654155,815698
1307,GA,NHGRI,99455.22551711276,292110.3136479033,1.1735716611019307,815698
1307,GA,NHLBI,3936714.185845798,11562537.911813386,46.453227392980416,815698
1307,GA,NIA,3945842.0823093983,11589347.490546573,46.5609365712509,815698
1307,GA,NIAAA,471428.6289008693,1384634.7834899737,5.562857821030258,815698
1307,GA,NIAID,9800135.169272939,28784013.54180824,115.64159499742068,815698
1307,GA,NIAMS,426340.29974297475,1252205.6838253587,5.030815536967102,815698
1307,GA,NIBIB,1748220.1286527591,5134703.857450571,20.628997518102558,815698
1307,GA,NICHD,1047859.6147841407,3077672.381134956,12.364743454452862,815698
1307,GA,NIDA,904287.137709502,2655985.12346278,10.670588224972125,815698
1307,GA,NIDCD,211894.92524217968,622357.374899742,2.5003601178577206,815698
1307,GA,NIDCR,453144.0210795966,1330930.9936907957,5.3470994487392405,815698
1307,GA,NIDDK,1648594.1344159984,4842091.978359542,19.45341078610878,815698
1307,GA,NIEHS,865328.9105600228,2541560.769260873,10.210881144608269,815698
1307,GA,NIGMS,2675143.280956054,7857173.30376669,31.56669071528144,815698
1307,GA,NIMH,2335311.0359163904,6859050.749923335,27.55667022381341,815698
1307,GA,NIMHD,541618.2443031973,1590788.9645638666,6.391095282777727,815698
1307,GA,NINDS,2744006.4774841373,8059431.655019982,32.37927643431282,815698
1307,GA,NINR,344027.3049191525,1010443.8798551115,4.059522198046,815698
1307,GA,NLM,41707.09923164605,122498.07664257997,0.4921437709334234,815698
1307,GA,OD,2441441.265446135,7170766.242741995,28.809006932264392,815698
1308,GA,FIC,10538.11102385012,30951.525175553696,0.12434971008143143,787897
1308,GA,NCATS,57192.45750493405,167980.18015841773,0.6748709985582219,787897
1308,GA,NCCIH,12512.58055978785,36750.7470106272,0.14764845060549664,787897
1308,GA,NCI,529426.2562732083,1554979.8310677211,6.247229824023858,787897
1308,GA,NEI,131190.02971239193,385318.72536119976,1.5480423506062249,787897
1308,GA,NHGRI,21065.90323068225,61872.742915174,0.24857765812205054,787897
1308,GA,NHLBI,812131.845917066,2385315.472372696,9.583155781821379,787897
1308,GA,NIA,521919.70572761114,1532932.313474883,6.1586525275858115,787897
1308,GA,NIAAA,84268.861695049,247506.38784944516,0.9943725680015782,787897
1308,GA,NIAID,1358373.7798919003,3989684.6931088245,16.028810602724423,787897
1308,GA,NIAMS,62797.704785153095,184443.37284221605,0.7410129164648066,787897
1308,GA,NIBIB,142425.25708837959,418317.7535735541,1.680618033642879,787897
1308,GA,NICHD,221401.53360530426,650279.269764907,2.61253809654259,787897
1308,GA,NIDA,255913.1383049451,751643.4325918257,3.0197750319983525,787897
1308,GA,NIDCD,46838.6724094372,137570.03935422067,0.5526963344313589,787897
1308,GA,NIDCR,59454.87503649885,174625.13512495387,0.7015675254306865,787897
1308,GA,NIDDK,316939.25422825426,930883.4651832138,3.7398831998934003,787897
1308,GA,NIEHS,114855.46793295666,337342.42306151934,1.3552945216088885,787897
1308,GA,NIGMS,829402.9953838206,2436042.6298605185,9.786955345529083,787897
1308,GA,NIMH,285835.5137525663,839528.5530734136,3.3728590622802823,787897
1308,GA,NIMHD,186461.86748231426,547657.8461356027,2.200250036291308,787897
1308,GA,NINDS,486394.6276274289,1428591.4741448779,5.739456606003661,787897
1308,GA,NINR,21485.64250483342,63105.560702124225,0.2535305815570344,787897
1308,GA,NLM,37707.76550008556,110751.61862959442,0.44495163290100964,787897
1308,GA,OD,351479.0327130274,1032330.37733948,4.147452586013723,787897
1309,GA,FIC,60455.98226111939,177565.4908866405,0.7133805906812088,828902
1309,GA,NCATS,505840.9666902907,1485707.3891048075,5.9689234069454304,828902
1309,GA,NCCIH,81990.81011662129,240815.5140655823,0.9674915593761312,828902
1309,GA,NCI,2302469.7194490912,6762592.396890673,27.169142689499278,828902
1309,GA,NEI,276945.0155941401,813416.2377874046,3.2679511840108533,828902
1309,GA,NHGRI,53964.47516138138,158499.26118284496,0.6367808069043003,828902
1309,GA,NHLBI,2433161.189696522,7146446.801388643,28.71130203841896,828902
1309,GA,NIA,2569681.786925662,7547421.956476308,30.322245085722813,828902
1309,GA,NIAAA,283471.6038520299,832585.5044915946,3.3449649254539526,828902
1309,GA,NIAID,7010887.801057647,20591704.697958052,82.72847605248023,828902
1309,GA,NIAMS,270152.74205120147,793466.6258419893,3.1878023562041773,828902
1309,GA,NIBIB,954094.9246416879,2802275.7601509984,11.258320110771917,828902
1309,GA,NICHD,887495.3563796183,2606665.9199169055,10.472445205279497,828902
1309,GA,NIDA,775734.8932229481,2278413.846922384,9.153671740030788,828902
1309,GA,NIDCD,132862.16430225226,390229.9580990067,1.5677735387665768,828902
1309,GA,NIDCR,242632.23757791548,712636.0495535985,2.8630604034194027,828902
1309,GA,NIDDK,1002661.7941685509,2944921.6937017464,11.8314091711889,828902
1309,GA,NIEHS,546644.975263335,1605552.9948071728,6.450410708107354,828902
1309,GA,NIGMS,2676713.6130053853,7861785.5318831755,31.585220633463546,828902
1309,GA,NIMH,1465202.1360554553,4303450.656266352,17.289385205454373,828902
1309,GA,NIMHD,422666.3736985201,1241414.9819433328,4.987463209642538,828902
1309,GA,NINDS,1771495.0804079236,5203064.805022612,20.903641948813497,828902
1309,GA,NINR,200817.9622279081,589823.1855342134,2.3696519542893157,828902
1309,GA,NLM,31009.337938421926,91077.6420656516,0.36591018767337874,828902
1309,GA,OD,1701045.5817921225,4996147.31999355,20.072337865147045,828902
1310,GA,FIC,119584.74424821565,351232.79815840354,1.4110999821289447,835755
1310,GA,NCATS,362489.15294369665,1064668.2425160918,4.2773720047356205,835755
1310,GA,NCCIH,136143.25682062857,399866.8671670553,1.606490430483417,835755
1310,GA,NCI,3149764.4061511536,9251184.780024474,37.16721999258361,835755
1310,GA,NEI,479609.15616980696,1408661.8406296053,5.659388042803722,835755
1310,GA,NHGRI,53661.99344965924,157610.84101965599,0.633211522705979,835755
1310,GA,NHLBI,4849746.0373778585,14244207.166845795,57.22700324105873,835755
1310,GA,NIA,4861930.596892661,14279994.482022293,57.37078104333341,835755
1310,GA,NIAAA,864735.5017314065,2539817.8659780417,10.203878920430597,835755
1310,GA,NIAID,19439914.22613848,57097044.548036955,229.39098786843408,835755
1310,GA,NIAMS,668286.1534199831,1962825.7526646776,7.885776610355801,835755
1310,GA,NIBIB,1014343.83181755,2979233.0500327274,11.96925721544709,835755
1310,GA,NICHD,3852324.678533195,11314677.17527084,45.4574312066917,835755
1310,GA,NIDA,3359016.8492851993,9865780.91087291,39.63639882156535,835755
1310,GA,NIDCD,365309.7577462719,1072952.651397305,4.310655141406008,835755
1310,GA,NIDCR,211355.83431313877,620774.0089222571,2.4939988448950374,835755
1310,GA,NIDDK,1788954.219019178,5254344.106127593,21.109659784426302,835755
1310,GA,NIEHS,934262.2303252313,2744025.0797353545,11.02429431783773,835755
1310,GA,NIGMS,14360658.149724646,42178742.5898963,169.45576616675083,835755
1310,GA,NIMH,2789744.0592096206,8193767.676821358,32.91897989867353,835755
1310,GA,NIMHD,496079.31184778584,1457036.3962742093,5.853735879803873,835755
1310,GA,NINDS,3999324.119915981,11746429.782588629,47.19202461500858,835755
1310,GA,NINR,149583.98315410735,439343.6745898344,1.7650910012184668,835755
1310,GA,NLM,51234.398197624934,150480.74195452555,0.6045658987319743,835755
1310,GA,OD,3868742.1173502947,11362896.896026822,45.65115698473348,835755
1311,GA,FIC,72206.15212153208,212076.95858976996,0.8520325950340786,811695
1311,GA,NCATS,665662.7638056132,1955120.585247985,7.854820612906235,811695
1311,GA,NCCIH,91490.65509452304,268717.5441667946,1.0795897301153718,811695
1311,GA,NCI,3605766.7173460177,10590510.868268888,42.548047264683014,811695
1311,GA,NEI,408320.6448095681,1199280.08814091,4.818183608752904,811695
1311,GA,NHGRI,116516.15987887769,342220.04756715253,1.3748906865707569,811695
1311,GA,NHLBI,3010454.1501949937,8842016.107889479,35.523358972300926,811695
1311,GA,NIA,2998888.6194521193,8808046.944426829,35.38688570953501,811695
1311,GA,NIAAA,546754.0105873684,1605873.2428638886,6.451697324930947,811695
1311,GA,NIAID,7618812.50525462,22377242.61307475,89.90198756200452,811695
1311,GA,NIAMS,333148.1528359518,978490.6817126953,3.9311482034642315,811695
1311,GA,NIBIB,1383606.8106563785,4063796.721839086,16.326560365745266,811695
1311,GA,NICHD,944835.9985920505,2775081.3339321674,11.149064783386196,811695
1311,GA,NIDA,788208.6298823459,2315050.505368361,9.300861832611682,811695
1311,GA,NIDCD,181186.1493573043,532162.5147620951,2.1379965624161907,811695
1311,GA,NIDCR,398566.5565873631,1170631.3192590037,4.7030853677308855,811695
1311,GA,NIDDK,1283558.3092715447,3769943.8954282925,15.145988049404227,811695
1311,GA,NIEHS,683087.9585419733,2006300.1896714661,8.060437910795285,811695
1311,GA,NIGMS,2759140.540291203,8103881.967312305,32.5578583754362,811695
1311,GA,NIMH,1964794.560499193,5770805.428643457,23.18457581389048,811695
1311,GA,NIMHD,765749.9996536712,2249087.1787951216,9.03584999591332,811695
1311,GA,NINDS,2201020.8421779172,6464626.521243331,25.972045937699423,811695
1311,GA,NINR,235326.46858202224,691178.2481989346,2.7768523292678626,811695
1311,GA,NLM,32967.69364383738,96829.53590902375,0.3890187849972811,811695
1311,GA,OD,2038581.4670162206,5987525.226861488,24.055261310791405,811695
1312,GA,FIC,13633.139967865685,40041.94622567904,0.16087105162081508,786415
1312,GA,NCATS,65033.87334020189,191011.23184196753,0.7673997054143824,786415
1312,GA,NCCIH,12892.28276449714,37865.97177165644,0.15212893662106627,786415
1312,GA,NCI,5832245.923859174,17129911.246313237,68.82050190153826,786415
1312,GA,NEI,4404185.38899648,12935549.325378703,51.96938759015847,786415
1312,GA,NHGRI,21918.932604054964,64378.178667907814,0.2586434047278486,786415
1312,GA,NHLBI,16405524.966886872,48184728.54210419,193.5851946092651,786415
1312,GA,NIA,6789416.87181377,19941221.60600438,80.11511908740249,786415
1312,GA,NIAAA,149897.3430371311,440264.0450705085,1.768788647838147,786415
1312,GA,NIAID,2218894.9381515896,6517124.5951644825,26.182960270188758,786415
1312,GA,NIAMS,379974.4515650361,1116024.3782842208,4.483698528467426,786415
1312,GA,NIBIB,291250.3595670467,855432.5169023504,3.4367542428911513,786415
1312,GA,NICHD,554667.3335917032,1629115.493361784,6.545074536382098,786415
1312,GA,NIDA,238947.51729580198,701813.6438759022,2.8195807040904635,786415
1312,GA,NIDCD,463890.676882572,1362495.0365145993,5.47390998721435,786415
1312,GA,NIDCR,842401.8667918339,2474221.6635344224,9.94034202814364,786415
1312,GA,NIDDK,5825592.746483345,17110370.174238805,68.74199440850347,786415
1312,GA,NIEHS,92827.7928945442,272644.85658425465,1.0953679561556215,786415
1312,GA,NIGMS,2358215.9903158094,6926324.9768824205,27.826948685726553,786415
1312,GA,NIMH,980586.4478391693,2880084.111698052,11.570920084502198,786415
1312,GA,NIMHD,561862.0272418881,1650247.0549044649,6.62997192145428,786415
1312,GA,NINDS,4092959.564573724,12021446.796177603,48.296922861969946,786415
1312,GA,NINR,24894.770827779284,73118.52420910775,0.29375829576779555,786415
1312,GA,NLM,6973.5224719630505,20481.958850571664,0.082287565169164,786415
1312,GA,OD,1217031.5835421488,3574548.001268482,14.360972685797357,786415
1313,GA,FIC,196474.66062260154,577066.4581968928,2.3184009953466984,820432
1313,GA,NCATS,1740335.7609340812,5111546.651630127,20.535961979022158,820432
1313,GA,NCCIH,272431.7515029264,800160.3129990845,3.214694667734532,820432
1313,GA,NCI,6978087.430393709,20495366.60699709,82.34143167864576,820432
1313,GA,NEI,812427.0252024209,2386182.444552177,9.586638897388568,820432
1313,GA,NHGRI,219547.95402553456,644835.1142707876,2.590665857501308,820432
1313,GA,NHLBI,7055509.873209378,20722764.3524316,83.25501650387066,820432
1313,GA,NIA,8097121.139728263,23782084.686582044,95.5460294487935,820432
1313,GA,NIAAA,726543.7031840456,2133934.2192681795,8.573215697571738,820432
1313,GA,NIAID,20351725.8268337,59775129.79978722,240.15036475663766,820432
1313,GA,NIAMS,791547.3128263853,2324856.563490329,9.340258291351347,820432
1313,GA,NIBIB,3366486.0696561313,9887718.785870569,39.72453562194235,820432
1313,GA,NICHD,2064863.513915078,6064718.324790899,24.36538946419792,820432
1313,GA,NIDA,1797706.9727686015,5280051.851796391,21.212942278669498,820432
1313,GA,NIDCD,353648.0015569601,1038700.8638171834,4.173046418372129,820432
1313,GA,NIDCR,817686.1895530559,2401629.1557732536,9.64869703672606,820432
1313,GA,NIDDK,3040201.9351639054,8929388.438025154,35.87438283493408,820432
1313,GA,NIEHS,1762542.5149279376,5176770.191575055,20.798001676149664,820432
1313,GA,NIGMS,4775938.6271011,14027427.146958617,56.35607579979298,820432
1313,GA,NIMH,4668901.967444104,13713049.374833925,55.09304321584043,820432
1313,GA,NIMHD,1761068.3039845887,5172440.281117301,20.78060598701815,820432
1313,GA,NINDS,5331040.936627517,15657820.209759897,62.90628305220471,820432
1313,GA,NINR,726615.0909784584,2134143.892625292,8.57405807354581,820432
1313,GA,NLM,91043.34184555637,267403.73875561455,1.0743114337775652,820432
1313,GA,OD,5071373.70032627,14895150.601947382,59.84220966384999,820432
1314,GA,FIC,31848.950186867514,93543.67033074122,0.3758176122050367,795580
1314,GA,NCATS,273964.5963827971,804662.4374103913,3.232782237317006,795580
1314,GA,NCCIH,38722.525716256045,113732.07464366249,0.4569258034518213,795580
1314,GA,NCI,1696928.5066359485,4984055.043203377,20.023756378304192,795580
1314,GA,NEI,266306.1890862045,782168.9007880634,3.142413031217213,795580
1314,GA,NHGRI,90040.1860677766,264457.36618080665,1.0624741955997639,795580
1314,GA,NHLBI,1597187.7381357835,4691106.060195411,18.846815310002246,795580
1314,GA,NIA,1494435.4405569963,4389311.903903265,17.634338198572557,795580
1314,GA,NIAAA,218135.75770492706,640687.3471926857,2.5740019409181394,795580
1314,GA,NIAID,3351575.5902268975,9843925.161150822,39.54859196467739,795580
1314,GA,NIAMS,186087.3487520804,546557.8457767798,2.195830715274549,795580
1314,GA,NIBIB,573770.3825111011,1685223.1295615167,6.770490513630993,795580
1314,GA,NICHD,481082.313291247,1412988.655903102,5.676771296836715,795580
1314,GA,NIDA,410392.90155698865,1205366.5211593925,4.842636238372466,795580
1314,GA,NIDCD,111798.2209025537,328362.9714107213,1.3192190066501337,795580
1314,GA,NIDCR,187971.2055684996,552090.9286555399,2.2180602257082955,795580
1314,GA,NIDDK,738373.573586774,2168679.7757312777,8.712808168323933,795580
1314,GA,NIEHS,271025.32753762713,796029.4999272786,3.1980988649440003,795580
1314,GA,NIGMS,1553064.044799207,4561510.195997873,18.326155728630642,795580
1314,GA,NIMH,942992.9107203368,2769667.9936728934,11.127316346499976,795580
1314,GA,NIMHD,415770.9646938411,1221162.450448738,4.906097383387325,795580
1314,GA,NINDS,1077821.5252700401,3165673.6201248625,12.718293998186475,795580
1314,GA,NINR,85412.95612903597,250866.71187683629,1.0078728823226244,795580
1314,GA,NLM,15807.028457727924,46426.882213783174,0.1865229358011895,795580
1314,GA,OD,982588.0848619838,2885963.1272601145,11.594539401371408,795580
1501,HI,FIC,6312.0986342776505,17857.466451097338,0.05744009757192661,719060
1501,HI,NCATS,21401.714824786137,60547.280171471415,0.19475560490555383,719060
1501,HI,NCCIH,439737.3521789366,1244054.5480684456,4.001609904828323,719060
1501,HI,NCI,14064633.942450445,39790051.348431766,127.98816887629904,719060
1501,HI,NEI,26124.544133018197,73908.56788456571,0.23773335161046558,719060
1501,HI,NHGRI,766752.9051478314,2169209.4932742994,6.977451436845265,719060
1501,HI,NHLBI,1408894.070269735,3985881.725035967,12.820936039454589,719060
1501,HI,NIA,1074730.7449265702,3040505.1209541797,9.780049778831788,719060
1501,HI,NIAAA,20923.48292628311,59194.321262213234,0.1904036946291763,719060
1501,HI,NIAID,2736983.8399387603,7743161.178357481,24.906552943442716,719060
1501,HI,NIAMS,15058.8303741839,42602.718015119965,0.1370353564050735,719060
1501,HI,NIBIB,835900.549610031,2364834.088626879,7.606695001451281,719060
1501,HI,NICHD,1143126.4879020916,3234002.522745497,10.402451039909032,719060
1501,HI,NIDA,1036932.6022619222,2933570.9452297557,9.436086680583491,719060
1501,HI,NIDCD,15790.660060695483,44673.126738429346,0.1436950065523289,719060
1501,HI,NIDCR,7693.304271882873,21765.015233947495,0.07000906887413413,719060
1501,HI,NIDDK,1278588.428421549,3617235.9286828525,11.635154698636095,719060
1501,HI,NIEHS,356368.70853608474,1008197.5307460147,3.242955247678371,719060
1501,HI,NIGMS,13817792.785807466,39091716.62191707,125.74191435084794,719060
1501,HI,NIMH,1248995.4639719909,3533514.903321059,11.365858722145116,719060
1501,HI,NIMHD,7884254.867399935,22305230.78678212,71.7467192933394,719060
1501,HI,NINDS,173168.08561938663,489907.31268932915,1.5758295791364183,719060
1501,HI,NINR,6064.690211926031,17157.52688141592,0.05518868092852688,719060
1501,HI,NLM,56056.171372498335,158587.6992202464,0.5101111594897348,719060
1501,HI,OD,4341030.37126527,12281145.892919885,39.503376378513956,719060
1502,HI,FIC,1078.4390798099437,3050.9963172434236,0.009813795626270487,727086
1502,HI,NCATS,3586.2145655363593,10145.707474013656,0.03263455254638087,727086
1502,HI,NCCIH,108828.29317934893,307884.5415733604,0.9903374679320751,727086
1502,HI,NCI,2902260.2024033824,8210742.131836855,26.410567841870776,727086
1502,HI,NEI,4557.722406164736,12894.186177560503,0.04147527389609909,727086
1502,HI,NHGRI,166031.69303955947,469717.84822436085,1.510888406659991,727086
1502,HI,NHLBI,280053.18723799626,792294.3992775095,2.5484840038657657,727086
1502,HI,NIA,411943.061055809,1165422.1232568389,3.748681855607862,727086
1502,HI,NIAAA,4789.63786131596,13550.2948190453,0.04358570453797524,727086
1502,HI,NIAID,615074.4367531777,1740098.1441577903,5.597177374453916,727086
1502,HI,NIAMS,2399.680354822449,6788.900793927976,0.021837091228884283,727086
1502,HI,NIBIB,170076.23275569876,481160.19671664695,1.5476937180768586,727086
1502,HI,NICHD,235443.93780335263,666091.0204421685,2.142539834010509,727086
1502,HI,NIDA,227253.8794825677,642920.6455526315,2.068010303291366,727086
1502,HI,NIDCD,2440.4179832365116,6904.151026037926,0.022207803647452253,727086
1502,HI,NIDCR,2353.2308312157843,6657.491122195179,0.021414400564063636,727086
1502,HI,NIDDK,268127.52425680653,758555.6795691062,2.4399604707369393,727086
1502,HI,NIEHS,72352.23311601563,204690.65050962742,0.6584053213557421,727086
1502,HI,NIGMS,2845586.3340730774,8050406.915136277,25.894835640065004,727086
1502,HI,NIMH,421976.2305221088,1193806.8170842866,3.83998369775119,727086
1502,HI,NIMHD,1583592.067727456,4480117.289058035,14.41068781631985,727086
1502,HI,NINDS,34966.670485238035,98923.69895898676,0.3181967014156661,727086
1502,HI,NINR,789.3193748930505,2233.051964652453,0.007182806311526759,727086
1502,HI,NLM,10414.356046056313,29463.103236744017,0.09477064001911244,727086
1502,HI,OD,1128558.5840621456,3192788.677848978,10.269883114965523,727086
1601,ID,FIC,25949.70413850716,108109.39863683716,0.23873727807426587,1033662
1601,ID,NCATS,19853.748528426644,82712.95898553825,0.18265448646152513,1033662
1601,ID,NCCIH,471412.67495322484,1963958.4531273886,4.336996609569669,1033662
1601,ID,NCI,776979.742152513,3236985.370960968,7.14821362780312,1033662
1601,ID,NEI,640792.6605898635,2669614.605912588,5.895292477426745,1033662
1601,ID,NHGRI,16367.29674258191,68188.00702723494,0.15057913003175358,1033662
1601,ID,NHLBI,360471.81900409947,1501766.3157180757,3.316340734837715,1033662
1601,ID,NIA,2747009.889882029,11444353.494724467,25.27249098691467,1033662
1601,ID,NIAAA,747397.0144788143,3113740.3859017715,6.876052533205092,1033662
1601,ID,NIAID,2749831.18258694,11456107.318817353,25.298446879799847,1033662
1601,ID,NIAMS,214567.6745844179,893913.1691988707,1.9740226061766446,1033662
1601,ID,NIBIB,144665.8172832462,602694.1357913314,1.330925519005865,1033662
1601,ID,NICHD,1199738.3057190392,4998245.300238124,11.03759241261516,1033662
1601,ID,NIDA,504262.24562693114,2100813.475136783,4.639212659767766,1033662
1601,ID,NIDCD,46738.67338468072,194718.59277205856,0.4299957951390626,1033662
1601,ID,NIDCR,87756.09813297712,365601.8174709412,0.8073561028233894,1033662
1601,ID,NIDDK,200048.32995333665,833423.9394069242,1.8404446355706972,1033662
1601,ID,NIEHS,380239.12349624705,1584119.1390840327,3.4981999361654728,1033662
1601,ID,NIGMS,9866569.822243104,41105244.375723764,90.77244236463656,1033662
1601,ID,NIMH,1023724.363255693,4264951.333962256,9.418264141952376,1033662
1601,ID,NIMHD,241482.0121491434,1006041.3396512488,2.2216345117721192,1033662
1601,ID,NINDS,648014.9743328505,2699703.5807753974,5.961737763862225,1033662
1601,ID,NINR,144727.6539110969,602951.7541678257,1.3314944159820914,1033662
1601,ID,NLM,4404.697678694149,18350.468070041406,0.04052321864398617,1033662
1601,ID,OD,641163.9967746327,2671161.6344032874,5.898708770326621,1033662
1602,ID,FIC,3138.809665865484,13076.635617924643,0.02887704892596245,967957
1602,ID,NCATS,51094.167275873384,212864.07230546587,0.4700663389380351,967957
1602,ID,NCCIH,12461.41915543998,51915.6798037267,0.11464505623004782,967957
1602,ID,NCI,469847.7079579648,1957438.6238514548,4.322598913213276,967957
1602,ID,NEI,263436.5911421937,1097506.5956555181,2.423616638508182,967957
1602,ID,NHGRI,37051.795589931935,154361.96568031446,0.3408765194273738,967957
1602,ID,NHLBI,286482.22842744656,1193517.3237475683,2.6356365015325083,967957
1602,ID,NIA,435273.03277859057,1813396.6216091448,4.004511901563033,967957
1602,ID,NIAAA,41066.03169425883,171085.72672624778,0.37780749158718124,967957
1602,ID,NIAID,1040381.7579786802,4334347.921944402,9.571512173403859,967957
1602,ID,NIAMS,38224.12743621904,159246.03257481288,0.3516619724132152,967957
1602,ID,NIBIB,129955.63328527151,541409.8476403006,1.195591826224498,967957
1602,ID,NICHD,278699.50438562036,1161093.6162776344,2.5640354403477073,967957
1602,ID,NIDA,84948.25670371756,353904.0329118333,0.7815239616742016,967957
1602,ID,NIDCD,94057.37826328914,391853.66226632753,0.86532788002226,967957
1602,ID,NIDCR,14486.670194651553,60353.10439898023,0.1332773657907943,967957
1602,ID,NIDDK,117634.84881708595,490080.0678293216,1.0822406091171908,967957
1602,ID,NIEHS,55595.33434199422,231616.4427404012,0.5114770759463468,967957
1602,ID,NIGMS,4494047.856966474,18722711.00543508,41.34524028409156,967957
1602,ID,NIMH,1069891.1712417242,4457287.47088745,9.842998775423862,967957
1602,ID,NIMHD,28396.778759242556,118304.18792056534,0.26125036458503154,967957
1602,ID,NINDS,479173.55748653313,1996291.1664056897,4.408396728876105,967957
1602,ID,NINR,15740.991667440252,65578.74933877103,0.14481712334045033,967957
1602,ID,NLM,11939.843564450086,49742.73697614754,0.10984656079294079,967957
1602,ID,OD,191288.65217357353,796930.1323111668,1.7598555999968766,967957
1701,IL,FIC,141175.5186712095,403853.2674585547,1.397637634844974,735259
1701,IL,NCATS,3735455.3938922854,10685817.77115675,36.98100839953363,735259
1701,IL,NCCIH,367201.39206995023,1050433.413658297,3.6352937814925075,735259
1701,IL,NCI,17193229.74690807,49183754.21467794,170.21297449438987,735259
1701,IL,NEI,3114247.527137809,8908761.599370811,30.83105051866431,735259
1701,IL,NHGRI,2120618.8277488314,6066341.039022855,20.99412639471343,735259
1701,IL,NHLBI,14662175.557819122,41943302.65480922,145.1555380224093,735259
1701,IL,NIA,11731032.584302505,33558338.47415856,116.13722258459481,735259
1701,IL,NIAAA,1797865.584542871,5143058.071278715,17.798869286974423,735259
1701,IL,NIAID,12115321.199313642,34657652.394023195,119.94167987320506,735259
1701,IL,NIAMS,1303660.3348981715,3729311.5042906445,12.906237315491898,735259
1701,IL,NIBIB,997852.7496762323,2854504.0754394787,9.8787422217947,735259
1701,IL,NICHD,3943286.952550804,11280350.412759602,39.038540830252956,735259
1701,IL,NIDA,3873714.4071249207,11081327.947249217,38.34977263053671,735259
1701,IL,NIDCD,897798.7252056352,2568284.870543657,8.888207379535789,735259
1701,IL,NIDCR,1288020.4235447969,3684571.245056799,12.751402193093488,735259
1701,IL,NIDDK,10108430.60131181,28916647.628724758,100.07346295298693,735259
1701,IL,NIEHS,2247714.4586920617,6429916.723527124,22.25237314105141,735259
1701,IL,NIGMS,14477784.827581232,41415825.9393238,143.3300697930542,735259
1701,IL,NIMH,4964185.707223399,14200780.96403037,49.14543850151165,735259
1701,IL,NIMHD,2374799.615049117,6793462.443942067,23.510516188986255,735259
1701,IL,NINDS,9087886.816217935,25997232.519972377,89.97007948055756,735259
1701,IL,NINR,581433.4128939614,1663275.5155918675,5.756190787650218,735259
1701,IL,NLM,173856.85798403987,497343.0296399625,1.7211828940419949,735259
1701,IL,OD,6668196.05894626,19075352.382671244,66.01514098356797,735259
1702,IL,FIC,115108.36056608414,329284.3402592775,1.139572769604233,732352
1702,IL,NCATS,2526631.298236092,7227799.232189312,25.013649852537313,732352
1702,IL,NCCIH,291473.49138776434,833802.6520635489,2.885587564738867,732352
1702,IL,NCI,13062029.922028167,37365851.48263576,129.31409622807885,732352
1702,IL,NEI,2222792.6353266374,6358624.1942565795,22.00564708973371,732352
1702,IL,NHGRI,1488992.2879873984,4259480.725725379,14.741023651075245,732352
1702,IL,NHLBI,10442978.906196019,29873672.099552937,103.38549117134059,732352
1702,IL,NIA,8906566.644117985,25478539.586183667,88.17500977676805,732352
1702,IL,NIAAA,1418155.6947883733,4056842.2662507985,14.039741378404896,732352
1702,IL,NIAID,9654102.200027252,27616974.63240795,95.5756117802698,732352
1702,IL,NIAMS,1045637.8892177559,2991200.472388809,10.351815103255783,732352
1702,IL,NIBIB,1555271.2738598841,4449081.481298175,15.397185611212853,732352
1702,IL,NICHD,3098247.677828379,8862991.684846846,30.67265201050095,732352
1702,IL,NIDA,3140632.438330876,8984239.505860679,31.092261139475674,732352
1702,IL,NIDCD,950485.7820524331,2719003.9205647083,9.409809242319088,732352
1702,IL,NIDCR,1033388.2131973134,2956158.47833256,10.230543310653403,732352
1702,IL,NIDDK,7370193.045400326,21083517.675024793,72.96491114946323,732352
1702,IL,NIEHS,1780296.119050688,5092798.039558602,17.624931578601814,732352
1702,IL,NIGMS,13067916.964917252,37382692.23185916,129.3723779526808,732352
1702,IL,NIMH,3725375.0700753885,10656981.527105292,36.88121319374635,732352
1702,IL,NIMHD,1609781.7528777209,4605016.697752767,15.936839353489436,732352
1702,IL,NINDS,6762577.367587406,19345343.952318043,66.94951593911532,732352
1702,IL,NINR,380427.8634055408,1088269.6739115026,3.7662358477148543,732352
1702,IL,NLM,159975.33831399764,457632.9075961181,1.5837558493085766,732352
1702,IL,OD,5958655.760197859,17045608.33965185,58.99069202595881,732352
1703,IL,FIC,152777.89418000678,437043.56350713206,1.5125011523820673,732771
1703,IL,NCATS,1355725.5793522336,3878251.7688047173,13.421683235587112,732771
1703,IL,NCCIH,248724.00463065598,711511.4781296134,2.462367645843494,732771
1703,IL,NCI,7623868.040620957,21809192.187551145,75.47629360214746,732771
1703,IL,NEI,1607803.4005535261,4599357.330903398,15.917253665479908,732771
1703,IL,NHGRI,544475.3547368889,1557551.572190476,5.3903060118952,732771
1703,IL,NHLBI,8218454.8862178745,23510095.02568012,81.36270337355695,732771
1703,IL,NIA,7508221.78087327,21478369.107826993,74.33139563064537,732771
1703,IL,NIAAA,986608.6695191731,2822338.735770567,9.767425828239814,732771
1703,IL,NIAID,5590069.638839877,15991213.704864131,55.34168942451478,732771
1703,IL,NIAMS,1177973.5365152855,3369765.99185978,11.661938011501327,732771
1703,IL,NIBIB,590333.3284588199,1688735.0287907824,5.844299951742317,732771
1703,IL,NICHD,2508755.621477928,7176663.238252357,24.836680652631486,732771
1703,IL,NIDA,1807658.4367275937,5171071.960583061,17.89581852360318,732771
1703,IL,NIDCD,790637.4939338076,2261734.4586779824,7.827311189944695,732771
1703,IL,NIDCR,542055.273448037,1550628.5748803378,5.366347207135566,732771
1703,IL,NIDDK,4554164.224066419,13027854.402401818,45.086225818257546,732771
1703,IL,NIEHS,872120.9459102189,2494829.8185123987,8.633997364511167,732771
1703,IL,NIGMS,5065152.750285864,14489611.992456552,50.14501222783005,732771
1703,IL,NIMH,2703295.7060436863,7733173.66968573,26.762627489832493,732771
1703,IL,NIMHD,796360.8165322447,2278106.862008629,7.883972083669223,732771
1703,IL,NINDS,4952514.75581775,14167394.496575637,49.02989608259572,732771
1703,IL,NINR,378441.4654482241,1082587.2913491004,3.7465705079374185,732771
1703,IL,NLM,101078.39380708718,289149.56355516805,1.000676098690163,732771
1703,IL,OD,2680307.213324392,7667411.716154282,26.535041411911482,732771
1704,IL,FIC,137578.87387510063,393564.53775196016,1.3620308513634962,712078
1704,IL,NCATS,1317450.031343289,3768758.9525383273,13.042755310298562,712078
1704,IL,NCCIH,251712.8524946651,720061.515609042,2.4919572396971845,712078
1704,IL,NCI,6962783.2081663655,19918062.109425746,68.93155376084702,712078
1704,IL,NEI,1628556.0825579534,4658723.420115617,16.122705217323738,712078
1704,IL,NHGRI,545021.3372812313,1559113.4352994869,5.39571123908419,712078
1704,IL,NHLBI,8134766.149288789,23270691.124944296,80.53418487795902,712078
1704,IL,NIA,8088377.12465194,23137988.51934992,80.0749335340542,712078
1704,IL,NIAAA,1145395.3600722041,3276571.342190943,11.339414064714822,712078
1704,IL,NIAID,5830627.45311693,16679364.598325578,57.72321178585761,712078
1704,IL,NIAMS,1046379.7812016632,2993322.7631699755,10.359159833896467,712078
1704,IL,NIBIB,479153.13267080026,1370687.779747239,4.743616013440922,712078
1704,IL,NICHD,2172868.4528588983,6215808.751433593,21.511397683303095,712078
1704,IL,NIDA,1731031.214478259,4951868.557805142,17.137209023334766,712078
1704,IL,NIDCD,586243.0534981742,1677034.1976324583,5.803806229631925,712078
1704,IL,NIDCR,601499.0522349785,1720676.2185451004,5.954840617126288,712078
1704,IL,NIDDK,4397971.554996923,12581042.374718064,43.53991839446953,712078
1704,IL,NIEHS,848491.8678686786,2427235.3767570006,8.400069491899918,712078
1704,IL,NIGMS,5334397.992462658,15259827.478995744,52.81054012538032,712078
1704,IL,NIMH,2372584.9125769422,6787126.962845523,23.488590634511727,712078
1704,IL,NIMHD,814344.3417832027,2329551.3723697863,8.062008983653707,712078
1704,IL,NINDS,4229798.021769773,12099957.32871933,41.87500041552075,712078
1704,IL,NINR,460185.68905679527,1316428.626666373,4.555838321662273,712078
1704,IL,NLM,78020.10827818242,223187.95746021863,0.772399071954006,712078
1704,IL,OD,3132352.7347116326,8960554.199855128,31.010292073645164,712078
1705,IL,FIC,340679.08415794116,974562.4637115686,3.3727229331636175,773710
1705,IL,NCATS,3337512.2409415427,9547443.043763656,33.041371185321275,773710
1705,IL,NCCIH,549266.9078947832,1571258.5124392572,5.4377423881583535,773710
1705,IL,NCI,19579006.834144503,56008619.327106796,193.83216765803058,773710
1705,IL,NEI,2974022.963892833,8507628.67931885,29.442827342539047,773710
1705,IL,NHGRI,1526749.2167179356,4367489.955516414,15.114817245507563,773710
1705,IL,NHLBI,19064850.87307733,54537800.82532489,188.74202364346556,773710
1705,IL,NIA,19146152.299961384,54770375.475697786,189.54690776961772,773710
1705,IL,NIAAA,1386567.075031347,3966478.388551212,13.727014042810337,773710
1705,IL,NIAID,13615177.11476331,38948210.11870976,134.79025343615677,773710
1705,IL,NIAMS,3266569.3908688086,9344500.620924598,32.3390369696012,773710
1705,IL,NIBIB,1643263.0203219345,4700794.771623282,16.268303901187153,773710
1705,IL,NICHD,5980274.343665767,17107451.466941316,59.2047160022911,773710
1705,IL,NIDA,4295984.779265543,12289294.251499873,42.53024931472888,773710
1705,IL,NIDCD,2296461.555249319,6569364.939542646,22.734969396968257,773710
1705,IL,NIDCR,709372.7897988883,2029264.8591125389,7.022790619008994,773710
1705,IL,NIDDK,11105933.08553194,31770149.718478218,109.94873754676621,773710
1705,IL,NIEHS,1791927.2475636483,5126070.587790771,17.740079750880117,773710
1705,IL,NIGMS,11631405.131471703,33273339.53997368,115.15091080156986,773710
1705,IL,NIMH,6474976.586251449,18522619.75509612,64.10226820388934,773710
1705,IL,NIMHD,1976226.0445908636,5653284.314849673,19.56463784144955,773710
1705,IL,NINDS,13671126.825001456,39108262.46706102,135.3441555675144,773710
1705,IL,NINR,590396.9036770274,1688916.895022578,5.844929346402572,773710
1705,IL,NLM,326013.7757156198,932610.1989813605,3.227536379584636,773710
1705,IL,OD,8149439.101484098,23312665.255750496,80.67944710469257,773710
1706,IL,FIC,129806.29608710033,371329.9395312146,1.2850823312622932,764465
1706,IL,NCATS,1639222.7410280951,4689236.960399211,16.228305136178143,764465
1706,IL,NCCIH,244297.87604952237,698849.8884538177,2.4185489728902714,764465
1706,IL,NCI,8563691.19439453,24497694.096785247,84.78054282450586,764465
1706,IL,NEI,1736322.2186022766,4967004.25076192,17.18958996416254,764465
1706,IL,NHGRI,791682.6363392709,2264724.241746454,7.837658099758782,764465
1706,IL,NHLBI,8728775.18235103,24969941.04561064,86.4148743052752,764465
1706,IL,NIA,7989541.291052525,22855254.128027625,79.09645878142,764465
1706,IL,NIAAA,1082684.72162044,3097178.3675340572,10.718578744042356,764465
1706,IL,NIAID,6457282.031633773,18472001.887594495,63.92709211317435,764465
1706,IL,NIAMS,1083906.994620876,3100674.858636753,10.730679246746671,764465
1706,IL,NIBIB,569126.2695920035,1628069.1279521529,5.634350068960835,764465
1706,IL,NICHD,2287553.8952533645,6543883.272263248,22.64678356300831,764465
1706,IL,NIDA,2022843.441262836,5786640.212129808,20.026150068502076,764465
1706,IL,NIDCD,664460.8089478565,1900787.5538017836,6.57816200858378,764465
1706,IL,NIDCR,653205.5123237073,1868590.1277844294,6.466734572004703,764465
1706,IL,NIDDK,5075036.078971692,14517884.703056147,50.24285718181976,764465
1706,IL,NIEHS,1038745.4938622463,2971483.7650507516,10.283580389236239,764465
1706,IL,NIGMS,6804846.522488679,19466261.066561818,67.36798057263792,764465
1706,IL,NIMH,2647736.5188282127,7574238.46969141,26.212591536399305,764465
1706,IL,NIMHD,1029535.7128780603,2945137.8363936488,10.192403557492797,764465
1706,IL,NINDS,4946585.403755066,14150432.71575864,48.97119549717515,764465
1706,IL,NINR,423459.49956730887,1211367.9775805068,4.192249045716358,764465
1706,IL,NLM,96748.19705681922,276762.40094514843,0.9578071508625102,764465
1706,IL,OD,3328649.5332536143,9522089.969151365,32.95363037921078,764465
1707,IL,FIC,273742.64368695224,783080.9628770563,2.710052172500827,760384
1707,IL,NCATS,3595234.0039408305,10284693.928776111,35.592816639014224,760384
1707,IL,NCCIH,588530.0257674714,1683576.4170784077,5.826447255097967,760384
1707,IL,NCI,17828610.287780635,51001353.398489535,176.50324184902829,760384
1707,IL,NEI,3914290.5511173126,11197401.955593117,38.7514764560614,760384
1707,IL,NHGRI,1584324.9742943656,4532193.850657015,15.68481724551422,760384
1707,IL,NHLBI,19790978.67088906,56614995.84113861,195.9306888418017,760384
1707,IL,NIA,19059449.254395634,54522348.70320981,188.68854761851676,760384
1707,IL,NIAAA,2492850.334065247,7131163.831896793,24.679218307245943,760384
1707,IL,NIAID,13795998.32965,39465475.71224292,136.580383463535,760384
1707,IL,NIAMS,2741706.7400942207,7843054.06363631,27.142896726932786,760384
1707,IL,NIBIB,1296437.7258317724,3708650.1722233314,12.834733485734548,760384
1707,IL,NICHD,5406679.546902259,15466599.461929986,53.526127514332366,760384
1707,IL,NIDA,4270281.815951431,12215767.156891163,42.27578997791917,760384
1707,IL,NIDCD,1592016.901620112,4554197.736407143,15.760967326039108,760384
1707,IL,NIDCR,1425193.7041320086,4076975.5237488677,14.109417670906884,760384
1707,IL,NIDDK,11397464.970980743,32604119.415313922,112.83490321270935,760384
1707,IL,NIEHS,2129136.0368033806,6090705.764144342,21.07844676435347,760384
1707,IL,NIGMS,13217228.408898555,37809819.50639208,130.8505612480957,760384
1707,IL,NIMH,6168276.361974358,17645258.801367003,61.06593598354614,760384
1707,IL,NIMHD,2234349.272584028,6391683.64933179,22.12005779858188,760384
1707,IL,NINDS,11265474.264597245,32226540.6498958,111.52819521951272,760384
1707,IL,NINR,1034139.1550928842,2958306.657712755,10.237977635419554,760384
1707,IL,NLM,222602.6143324379,636787.4117915671,2.203765881891135,760384
1707,IL,OD,6879317.284143507,19679295.597672507,68.10524111302071,760384
1708,IL,FIC,70128.30682613607,200612.30247030678,0.6942702375787472,752591
1708,IL,NCATS,663883.971539092,1899137.4258297773,6.572451318237011,752591
1708,IL,NCCIH,150407.71369236935,430263.31475431414,1.4890363655544565,752591
1708,IL,NCI,3549898.287027335,10155004.464339064,35.14399304157062,752591
1708,IL,NEI,703537.1698540983,2012571.2127598845,6.965017981555573,752591
1708,IL,NHGRI,232489.38488019517,665069.9683417847,2.3016449103139323,752591
1708,IL,NHLBI,3719068.99717173,10638942.081095494,36.81878307200012,752591
1708,IL,NIA,3513787.644154055,10051704.676587855,34.78649767712515,752591
1708,IL,NIAAA,442186.291808032,1264938.7121286625,4.377644288899517,752591
1708,IL,NIAID,2713754.1193608805,7763091.494180624,26.866165781672716,752591
1708,IL,NIAMS,556610.2259387366,1592265.1502327737,5.5104412367934925,752591
1708,IL,NIBIB,318161.45865106676,910147.4948702757,3.149798440645561,752591
1708,IL,NICHD,1197417.4009382534,3425388.0165078687,11.854432269288708,752591
1708,IL,NIDA,1154788.1683456756,3303440.8472408066,11.432402866622189,752591
1708,IL,NIDCD,409441.11341016344,1171266.3288857073,4.053467022760618,752591
1708,IL,NIDCR,229160.7775177957,655547.9990085438,2.2686916974261777,752591
1708,IL,NIDDK,2027612.9404938286,5800284.063887586,20.073368110888904,752591
1708,IL,NIEHS,402950.7354404543,1152699.651215391,3.9892122808604973,752591
1708,IL,NIGMS,2701668.716135108,7728519.426535883,26.746520289737568,752591
1708,IL,NIMH,1236277.6241813342,3536553.3819947643,12.239148479395208,752591
1708,IL,NIMHD,329460.42204131704,942469.8360736005,3.261658178209039,752591
1708,IL,NINDS,2396876.1225667,6856615.530107194,23.72907361341033,752591
1708,IL,NINR,149932.3616480059,428903.50054490875,1.4843303803152583,752591
1708,IL,NLM,55697.57075547623,159331.06639749388,0.5514059504792147,752591
1708,IL,OD,1380675.6258111403,3949625.034371668,13.668688695530289,752591
1709,IL,FIC,688335.1217492076,1969083.525538982,6.814517705317155,740435
1709,IL,NCATS,5360849.018218811,15335494.515885696,53.072405280366226,740435
1709,IL,NCCIH,817218.2942855185,2337772.7348234565,8.090461113426633,740435
1709,IL,NCI,29956982.323793672,85696339.6241411,296.57412500555733,740435
1709,IL,NEI,4978892.47089279,14242851.817514937,49.29103546183862,740435
1709,IL,NHGRI,2012261.197416407,5756368.152252509,19.92138585442243,740435
1709,IL,NHLBI,31592122.0286599,90373896.4610271,312.762008083733,740435
1709,IL,NIA,30490568.86903968,87222742.16048586,301.85663180349286,740435
1709,IL,NIAAA,2008562.5226579881,5745787.550881157,19.88476897431408,740435
1709,IL,NIAID,21760694.847675323,62249657.724788055,215.4308789919857,740435
1709,IL,NIAMS,5659407.42703038,16189564.612887353,56.02813352760076,740435
1709,IL,NIBIB,3081383.2284562397,8814748.455093324,30.505693961716773,740435
1709,IL,NICHD,9304874.226048743,26617956.816099305,92.11825483788256,740435
1709,IL,NIDA,7213657.402981544,20635724.52179559,71.41520828951728,740435
1709,IL,NIDCD,4183219.672009162,11966713.130853413,41.413874752890706,740435
1709,IL,NIDCR,744946.1237615885,2131027.5959556703,7.374966625239726,740435
1709,IL,NIDDK,17044267.754100114,48757626.59645585,168.73825076559112,740435
1709,IL,NIEHS,2135769.164150147,6109680.797334757,21.144114725086453,740435
1709,IL,NIGMS,17338525.270486247,49599393.36016467,171.65140017781385,740435
1709,IL,NIMH,10954184.30067032,31336050.073043525,108.44642457663618,740435
1709,IL,NIMHD,2925694.0790472575,8369376.81921434,28.96437138256785,740435
1709,IL,NINDS,24770191.50173403,70858764.09526145,245.2248958671669,740435
1709,IL,NINR,585686.7583459989,1675442.8337969156,5.79829890762539,740435
1709,IL,NLM,642987.6628781882,1839360.4715110713,6.365577862494063,740435
1709,IL,OD,13513968.562271954,38658688.217157006,133.78828876649234,740435
1710,IL,FIC,130625.5370328204,373673.4983569868,1.293192816624922,749775
1710,IL,NCATS,1042022.7866700903,2980858.941577984,10.316025588033893,749775
1710,IL,NCCIH,248304.96672948377,710312.7587824474,2.458219170621889,749775
1710,IL,NCI,6467589.758535439,18501488.651507176,64.02913860950085,749775
1710,IL,NEI,1055238.1417965912,3018663.4022854553,10.446857603786253,749775
1710,IL,NHGRI,392012.08168034896,1121408.0285304075,3.880919608635455,749775
1710,IL,NHLBI,6950198.673301908,19882062.202555962,68.80696686568889,749775
1710,IL,NIA,6804143.532362907,19464250.06024885,67.36102097039279,749775
1710,IL,NIAAA,612356.6214680538,1751735.887053541,6.062330552533733,749775
1710,IL,NIAID,5074485.914144233,14516310.875913158,50.2374105500279,749775
1710,IL,NIAMS,1094320.6878718212,3130464.754826191,10.83377480993103,749775
1710,IL,NIBIB,665151.6322096587,1902763.755016705,6.585001158875621,749775
1710,IL,NICHD,2296895.8830012144,6570607.397749294,22.739269241712023,749775
1710,IL,NIDA,2535443.3092081677,7253007.281413778,25.10088876116086,749775
1710,IL,NIDCD,846700.5074460595,2422110.92765506,8.382335023715989,749775
1710,IL,NIDCR,377487.7132574754,1079858.9433876052,3.7371283612490065,749775
1710,IL,NIDDK,3668414.6803229647,10494037.981838048,36.317305335197354,749775
1710,IL,NIEHS,566939.0115587759,1621812.1556965653,5.612696214431882,749775
1710,IL,NIGMS,4345510.729405232,12430970.492367698,43.020556221111796,749775
1710,IL,NIMH,3169408.241827659,9066556.910289602,31.37714159409382,749775
1710,IL,NIMHD,566288.7027017673,1619951.8518759587,5.606258156747496,749775
1710,IL,NINDS,5839284.774826651,16704130.136237668,57.808919270783846,749775
1710,IL,NINR,156304.43755302322,447131.7578161177,1.5474139317749298,749775
1710,IL,NLM,119254.8054734111,341145.8537845852,1.18062257418677,749775
1710,IL,OD,2750640.142930023,7868609.372082987,27.23133741500723,749775
1711,IL,FIC,65335.84865714124,186902.77330459803,0.6468249017056983,766584
1711,IL,NCATS,621035.2672499042,1776562.4256000605,6.148249145774052,766584
1711,IL,NCCIH,122344.34863862321,349983.9449350136,1.21120905152237,766584
1711,IL,NCI,3670721.354981025,10500636.562855419,36.34014141431215,766584
1711,IL,NEI,798744.2412630698,2284924.9978606883,7.9075679885043915,766584
1711,IL,NHGRI,259647.08170860232,742758.5414317431,2.570506108915163,766584
1711,IL,NHLBI,3734872.9468989964,10684151.596145848,36.975242174300064,766584
1711,IL,NIA,3782997.3743360355,10821818.57585983,37.451674005926755,766584
1711,IL,NIAAA,403481.9116714963,1154219.1586946037,3.9944709255478132,766584
1711,IL,NIAID,2724717.235021135,7794453.093717093,26.974700626709236,766584
1711,IL,NIAMS,524651.0843205174,1500841.3404308225,5.194045734773122,766584
1711,IL,NIBIB,292296.7595192228,836157.7312445103,2.8937379192403054,766584
1711,IL,NICHD,1060793.722661584,3034555.9557966827,10.50185785434968,766584
1711,IL,NIDA,913360.4979801847,2612801.6029176745,9.042268930003829,766584
1711,IL,NIDCD,388801.9783485702,1112225.0573494215,3.849139585650845,766584
1711,IL,NIDCR,250100.5681791209,715449.3399639067,2.475995624973297,766584
1711,IL,NIDDK,2004734.3642960982,5734836.542679809,19.846870206531374,766584
1711,IL,NIEHS,419084.1376166482,1198851.6132935556,4.1489329624048175,766584
1711,IL,NIGMS,3293844.2824342223,9422524.446740486,32.6090583960988,766584
1711,IL,NIMH,1227699.0718512787,3512013.1754407817,12.154220811327658,766584
1711,IL,NIMHD,366008.79231302807,1047021.8072187626,3.6234870438989777,766584
1711,IL,NINDS,2338284.3253533677,6689005.104634049,23.14901482099834,766584
1711,IL,NINR,154111.1428137166,440857.5166778114,1.5257003138557945,766584
1711,IL,NLM,50198.96343147574,143601.4940525828,0.49696973797160987,766584
1711,IL,OD,1661270.588766562,4752308.061064659,16.446578828788965,766584
1712,IL,FIC,20715.121522541318,59258.641947425895,0.20507970307315904,745901
1712,IL,NCATS,223245.11564748563,638625.3809938106,2.210126644910108,745901
1712,IL,NCCIH,47757.38529271858,136617.00185185717,0.47279811439791397,745901
1712,IL,NCI,1756990.528776,5026128.981983519,17.3942062348824,745901
1712,IL,NEI,215246.49484078746,615744.1535802237,2.1309402989237958,745901
1712,IL,NHGRI,179904.16980163136,514642.25162874704,1.7810512810361505,745901
1712,IL,NHLBI,1202894.1338706065,3441055.013948692,11.908651925319004,745901
1712,IL,NIA,1976253.4839675312,5653362.809209237,19.56490949127856,745901
1712,IL,NIAAA,96623.01223522081,276404.29141089926,0.9565678211286861,745901
1712,IL,NIAID,2306175.583988727,6597153.34282617,22.8311382814884,745901
1712,IL,NIAMS,279425.6070092755,799337.912581718,2.7663135093918276,745901
1712,IL,NIBIB,263703.4269102842,754362.3115404564,2.6106639264118137,745901
1712,IL,NICHD,647570.371533298,1852469.9814430801,6.410946678179651,745901
1712,IL,NIDA,446551.07521679817,1277424.8149457125,4.420855644646302,745901
1712,IL,NIDCD,246727.45516465075,705800.0556883989,2.4426018061300425,745901
1712,IL,NIDCR,71627.60749476316,204901.27183005828,0.7091133141981553,745901
1712,IL,NIDDK,1022304.9391147085,2924453.1480137594,10.120818897235614,745901
1712,IL,NIEHS,189769.05112547384,542862.190845001,1.878713606142191,745901
1712,IL,NIGMS,2716287.3589314846,7770338.197344693,26.891244853421696,745901
1712,IL,NIMH,941760.8405762219,2694044.9463975313,9.323432321704598,745901
1712,IL,NIMHD,48205.88836109399,137900.01062939485,0.4772382947748305,745901
1712,IL,NINDS,1108310.535574524,3170484.7650883263,10.972274302187788,745901
1712,IL,NINR,77437.3177326116,221520.79966764923,0.7666294455528548,745901
1712,IL,NLM,16647.20895710341,47621.78169891566,0.16480736867532375,745901
1712,IL,OD,623318.5786340524,1783094.1725473562,6.170853928477119,745901
1713,IL,FIC,96618.94969480697,276392.66991847794,0.956527601978589,741808
1713,IL,NCATS,563226.4806601419,1611191.9168048208,5.575942158535405,741808
1713,IL,NCCIH,228356.8038512186,653248.1144729397,2.260732358127064,741808
1713,IL,NCI,9603992.496628856,27473628.479765493,95.07952571662568,741808
1713,IL,NEI,856408.3736283089,2449881.702040402,8.478442898920258,741808
1713,IL,NHGRI,680849.6525374893,1947670.2434907444,6.740411560121144,741808
1713,IL,NHLBI,4290660.803181309,12274064.237417214,42.47754195149496,741808
1713,IL,NIA,7652358.2222972335,21890692.528890416,75.75834640074261,741808
1713,IL,NIAAA,647196.7392106936,1851401.151409855,6.407247718185867,741808
1713,IL,NIAID,9277282.632289618,26539027.017229836,91.84509805966722,741808
1713,IL,NIAMS,1201059.2336158922,3435806.0127741136,11.890486412797333,741808
1713,IL,NIBIB,3268130.6606384385,9348966.861982424,32.35449354032054,741808
1713,IL,NICHD,2440972.691746227,6982760.2307924405,24.16562964828765,741808
1713,IL,NIDA,1915927.9993412704,5480792.916733222,18.96768719347858,741808
1713,IL,NIDCD,2097619.6230519093,6000548.442309029,20.766434268213903,741808
1713,IL,NIDCR,652050.2449577957,1865285.316122301,6.455297425082177,741808
1713,IL,NIDDK,4156970.461913029,11891623.417245077,41.15400757293899,741808
1713,IL,NIEHS,988565.7282159117,2827937.189076956,9.786800709337525,741808
1713,IL,NIGMS,14660524.17245205,41938578.62487398,145.1391893072753,741808
1713,IL,NIMH,3704301.919870742,10596698.69162578,36.67258900672035,741808
1713,IL,NIMHD,191522.65849713088,547878.6418100756,1.8960743191215956,741808
1713,IL,NINDS,4490087.658962348,12844553.994311465,44.45186782372724,741808
1713,IL,NINR,76253.85313635178,218135.3256944021,0.7549131460498827,741808
1713,IL,NLM,153772.91933754375,439889.9788407328,1.522351901441683,741808
1713,IL,OD,4553165.275551627,13024996.763729628,45.076336227961114,741808
1714,IL,FIC,44665.47975655298,127772.15279299326,0.4421882495898745,766577
1714,IL,NCATS,449522.8171055301,1285925.9182751286,4.4502758893447485,766577
1714,IL,NCCIH,72532.98134006342,207491.22644214352,0.7180765152666279,766577
1714,IL,NCI,2666899.9178581396,7629058.18196654,26.402309186795584,766577
1714,IL,NEI,598889.708542105,1713211.8083824322,5.92900811456684,766577
1714,IL,NHGRI,219616.64798731485,628245.6173193422,2.174204815074417,766577
1714,IL,NHLBI,2620439.673507207,7496151.841939235,25.94235276772135,766577
1714,IL,NIA,2389668.752515257,6835997.791476198,23.657720649901044,766577
1714,IL,NIAAA,297454.85115884535,850913.2085547349,2.944803026472569,766577
1714,IL,NIAID,2072909.9318865149,5929862.748295204,20.5218083256765,766577
1714,IL,NIAMS,333559.2088769929,954195.0166982876,3.30223616788223,766577
1714,IL,NIBIB,211625.72371607414,605386.4069737416,2.095094664789134,766577
1714,IL,NICHD,709029.6241711118,2028283.1835262799,7.0193932792940075,766577
1714,IL,NIDA,749232.0974791436,2143288.252097528,7.417397765043522,766577
1714,IL,NIDCD,301253.3814332113,861779.46126825,2.9824084761887923,766577
1714,IL,NIDCR,168919.42044021914,483218.7657186202,1.6723022623581696,766577
1714,IL,NIDDK,1464096.7573703884,4188263.4107161835,14.494557897966844,766577
1714,IL,NIEHS,332197.9398843659,950300.907183147,3.288759604855222,766577
1714,IL,NIGMS,2993548.385573459,8563484.010458747,29.636129017177243,766577
1714,IL,NIMH,952947.487660387,2726045.9903417537,9.43418012783783,766577
1714,IL,NIMHD,267722.49660002737,765859.449582687,2.650452716340271,766577
1714,IL,NINDS,1789686.5233198807,5119660.6676018,17.71789658086682,766577
1714,IL,NINR,106989.89023809567,306060.26572012657,1.0591999133571472,766577
1714,IL,NLM,34227.510612919556,97912.8118536807,0.3388523550679036,766577
1714,IL,OD,1111414.237218784,3179363.358643701,11.003000948465962,766577
1715,IL,FIC,46232.5469829993,132254.97832594896,0.45770221513169307,739197
1715,IL,NCATS,189023.7770054829,540730.2249677471,1.8713353923542808,739197
1715,IL,NCCIH,116132.77937312175,332214.8404363773,1.1497145157939053,739197
1715,IL,NCI,6072592.226380618,17371540.304228168,60.11866304116812,739197
1715,IL,NEI,425074.2014748289,1215987.0691019075,4.208234594600806,739197
1715,IL,NHGRI,300610.3788012817,859940.0579755729,2.9760427501326885,739197
1715,IL,NHLBI,1898611.0646974584,5431255.28652584,18.79624954050484,739197
1715,IL,NIA,3163151.445656901,9048658.427598227,31.315199312003323,739197
1715,IL,NIAAA,394321.96712409344,1128015.7944709295,3.9037874745285253,739197
1715,IL,NIAID,4415435.688161608,12631001.087873675,43.712813312799916,739197
1715,IL,NIAMS,546038.4815186991,1562023.1255038818,5.405780967035121,739197
1715,IL,NIBIB,1931806.320428772,5526215.181962351,19.124882572244843,739197
1715,IL,NICHD,1267941.7923100274,3627133.376886879,12.55262374386927,739197
1715,IL,NIDA,1117091.636705053,3195604.3921796726,11.059207203380025,739197
1715,IL,NIDCD,1140079.657988579,3261364.9970999933,11.286788614086932,739197
1715,IL,NIDCR,379394.00782331714,1085312.178455554,3.7560006774508397,739197
1715,IL,NIDDK,1909221.002170657,5461606.568082393,18.901287921489505,739197
1715,IL,NIEHS,589026.5639064141,1684996.8372172336,5.831362982673499,739197
1715,IL,NIGMS,8206902.094186361,23477046.570437238,81.24833073244497,739197
1715,IL,NIMH,1467459.9494006846,4197884.314562048,14.527853499066778,739197
1715,IL,NIMHD,96447.52065268354,275902.2720120245,0.954830454461567,739197
1715,IL,NINDS,2017240.4750805455,5770612.105971773,19.9706807032974,739197
1715,IL,NINR,30738.16175175351,87931.01789855017,0.30430780134235974,739197
1715,IL,NLM,89408.52027040857,255766.17950264036,0.8851443506770448,739197
1715,IL,OD,2488778.9917945834,7119517.160473691,24.638912018766376,739197
1716,IL,FIC,19244.640305961784,55052.11485518165,0.19052193902902168,752764
1716,IL,NCATS,169188.96744691406,483989.8444468021,1.6749707777244491,752764
1716,IL,NCCIH,62381.457070209864,178451.3030570329,0.6175764249950777,752764
1716,IL,NCI,1277768.1691825823,3655243.1684754808,12.649904874907564,752764
1716,IL,NEI,202767.44457150786,580046.0008589623,2.007397701257928,752764
1716,IL,NHGRI,87684.27955698108,250833.7361685769,0.8680743676141127,752764
1716,IL,NHLBI,909453.6468503828,2601625.482517372,9.00359110381879,752764
1716,IL,NIA,1081197.8913082627,3092925.0714570815,10.703859123951801,752764
1716,IL,NIAAA,214836.83650005635,614572.265840741,2.1268846813505577,752764
1716,IL,NIAID,1066550.0512707613,3051022.7776597254,10.558845507580537,752764
1716,IL,NIAMS,184109.45229149563,526672.0786844792,1.8226835776858068,752764
1716,IL,NIBIB,188780.29818051835,540033.7180949945,1.8689249519871316,752764
1716,IL,NICHD,292833.7283986096,837693.8094435143,2.8990539111462352,752764
1716,IL,NIDA,1460434.633331849,4177787.368037374,14.458302869985305,752764
1716,IL,NIDCD,183540.30557784956,525043.9510733132,1.8170490252207108,752764
1716,IL,NIDCR,72801.81838587778,208260.27422314647,0.72073800202019,752764
1716,IL,NIDDK,576786.6485543613,1649982.7649838252,5.710187820688177,752764
1716,IL,NIEHS,144071.363070265,412137.2548921963,1.4263064943956236,752764
1716,IL,NIGMS,1518903.7046429152,4345046.718075497,15.03714667596486,752764
1716,IL,NIMH,409072.69253834744,1170212.40697146,4.04981965612964,752764
1716,IL,NIMHD,86403.15194913195,247168.88283330278,0.8553912042964062,752764
1716,IL,NINDS,689300.813772981,1971846.0291432212,6.824078056352512,752764
1716,IL,NINR,27158.43408034618,77690.68210721103,0.2688684973954272,752764
1716,IL,NLM,21353.419252042917,61084.58617697004,0.21139885059522487,752764
1716,IL,OD,675574.7972943779,1932580.7467752218,6.688190493214342,752764
1717,IL,FIC,20667.52084296839,59122.47322525852,0.20460845634538707,743507
1717,IL,NCATS,151612.72034270034,433710.4129312922,1.5009659313927335,743507
1717,IL,NCCIH,293362.55430148373,839206.5934644452,2.904289287584689,743507
1717,IL,NCI,1126963.6183823412,3223844.6429978684,11.156939821985178,743507
1717,IL,NEI,195452.96078189136,559121.8476770717,1.9349843117407246,743507
1717,IL,NHGRI,54279.1152453644,155273.36646555748,0.5373632409291076,743507
1717,IL,NHLBI,860680.4520838523,2462102.608748233,8.520736475630137,743507
1717,IL,NIA,880822.4141875021,2519721.644152877,8.720141900456271,743507
1717,IL,NIAAA,215017.8841366086,615090.1791466417,2.1286770529524253,743507
1717,IL,NIAID,984372.9561251099,2815943.149851764,9.745292265638588,743507
1717,IL,NIAMS,173266.87168255437,495655.28733270295,1.7153420296572883,743507
1717,IL,NIBIB,160322.31087581458,458625.4734752957,1.5871908776705643,743507
1717,IL,NICHD,271093.8044129344,775503.5698144813,2.683828663688051,743507
1717,IL,NIDA,1532682.6999770373,4384463.554226397,15.173558729772669,743507
1717,IL,NIDCD,252791.27593288352,723146.5039507014,2.502633631735547,743507
1717,IL,NIDCR,83143.92351698225,237845.38210097712,0.8231248428181243,743507
1717,IL,NIDDK,498440.5895281159,1425862.3776244654,4.934561836328347,743507
1717,IL,NIEHS,132597.6244861796,379314.9436249017,1.3127164824131778,743507
1717,IL,NIGMS,1176900.3423692465,3366695.962675013,11.651313389455542,743507
1717,IL,NIMH,362513.4851382862,1037022.968634161,3.5888835028690336,743507
1717,IL,NIMHD,57549.56110835199,164628.9563032678,0.5697406549726847,743507
1717,IL,NINDS,647745.6206047894,1852971.3071035559,6.412681643987415,743507
1717,IL,NINR,28250.92973881925,80815.9260978932,0.2796842044143106,743507
1717,IL,NLM,24473.664977918896,70010.50650316599,0.24228928328139707,743507
1717,IL,OD,488398.00451342756,1397134.0909492255,4.835140244682933,743507
1801,IN,FIC,34525.916443629074,92887.54010946055,0.30382806470393586,760512
1801,IN,NCATS,847069.9922260244,2278932.9287429876,7.454215931589015,760512
1801,IN,NCCIH,63323.18920128484,170362.90076171674,0.5572440649713066,760512
1801,IN,NCI,4371312.381917835,11760454.059758909,38.467548960876954,760512
1801,IN,NEI,584728.0795044781,1573135.7349131966,5.145607099639408,760512
1801,IN,NHGRI,511291.75126237154,1375564.7335404323,4.49936741110887,760512
1801,IN,NHLBI,2853529.6785765016,7677054.797519236,25.111061171473214,760512
1801,IN,NIA,3692195.5002553565,9933377.385706557,32.49132040224714,760512
1801,IN,NIAAA,404543.956720362,1088373.5140602312,3.5599868191391857,760512
1801,IN,NIAID,3196743.598527373,8600427.731228704,28.13134366704088,760512
1801,IN,NIAMS,437769.77165623213,1177763.2981826637,3.852373990574843,760512
1801,IN,NIBIB,233027.15374423296,626929.6030230355,2.05063895294925,760512
1801,IN,NICHD,964885.6796747613,2595900.891383052,8.4909939811379,760512
1801,IN,NIDA,1097911.9927535946,2953791.087053843,9.661625536231634,760512
1801,IN,NIDCD,408014.98057970323,1097711.857576235,3.590531829101389,760512
1801,IN,NIDCR,192384.9781177024,517587.0537873378,1.6929878074357814,760512
1801,IN,NIDDK,2484988.291188682,6685541.568351956,21.867896962460403,760512
1801,IN,NIEHS,593815.3524929737,1597583.874778873,5.225575101938168,760512
1801,IN,NIGMS,3861671.8069783556,10389331.603867235,33.98271190140953,760512
1801,IN,NIMH,1075160.966667283,2892582.3758651325,9.461416506672093,760512
1801,IN,NIMHD,513919.3131399451,1382633.851016045,4.522489955631517,760512
1801,IN,NINDS,2200937.847863848,5921340.363424513,19.368253061201862,760512
1801,IN,NINR,94193.96580041647,253416.75696402372,0.828906899043665,760512
1801,IN,NLM,54508.60819696885,146648.4036266936,0.4796757521333259,760512
1801,IN,OD,1429965.7855430278,3847139.133197262,12.583698912778646,760512
1802,IN,FIC,11623.061654549747,31270.35331254599,0.10228294256003778,751821
1802,IN,NCATS,164351.2637722612,442165.94889267447,1.4462911211958986,751821
1802,IN,NCCIH,17700.93966187741,47622.10281955241,0.15576826902452123,751821
1802,IN,NCI,3689714.4058356844,9926702.320098987,32.46948677135403,751821
1802,IN,NEI,502342.26116689417,1351487.2808373263,4.420611898268669,751821
1802,IN,NHGRI,45588.80412252507,122650.81734723329,0.40118147627822065,751821
1802,IN,NHLBI,1411227.3586425325,3796725.8043244486,12.418800756054287,751821
1802,IN,NIA,2928105.2577415192,7877690.807056792,25.76732626812537,751821
1802,IN,NIAAA,208982.4537500471,562240.4284785604,1.8390455930004146,751821
1802,IN,NIAID,8067066.305088664,21703404.92490741,70.99018348478025,751821
1802,IN,NIAMS,526884.1202442603,1417513.9979885295,4.636580258149491,751821
1802,IN,NIBIB,639849.2210723095,1721432.080837013,5.630673145436324,751821
1802,IN,NICHD,1650547.5810234083,4440586.099581307,14.524818713005994,751821
1802,IN,NIDA,292297.1973505345,786388.0365669684,2.5722153366847036,751821
1802,IN,NIDCD,193645.51578854542,520978.36835681746,1.7040805389391998,751821
1802,IN,NIDCR,58441.33279247642,157228.8936247246,0.5142837285737926,751821
1802,IN,NIDDK,828181.3271300796,2228115.4033174603,7.287995678744701,751821
1802,IN,NIEHS,382240.34145424434,1028368.5041714996,3.3637150047973505,751821
1802,IN,NIGMS,6334001.537486359,17040816.94188351,55.73921352987996,751821
1802,IN,NIMH,1022700.9237678781,2751445.373841782,8.999768129157328,751821
1802,IN,NIMHD,57037.34115240381,153451.63459110793,0.5019286021411535,751821
1802,IN,NINDS,521466.1580783156,1402937.6672248724,4.588902191089177,751821
1802,IN,NINR,25790.857288149837,69386.98628671594,0.22695954413571856,751821
1802,IN,NLM,43247.72761220702,116352.45192638983,0.3805800029874218,751821
1802,IN,OD,2584186.924806234,6952422.740760468,22.74084493829486,751821
1803,IN,FIC,14574.448621273745,39210.680564907794,0.12825514786720896,774688
1803,IN,NCATS,247727.11487052782,666477.958848886,2.179998610860645,774688
1803,IN,NCCIH,27892.126853232126,75040.18194702652,0.24545071630844273,774688
1803,IN,NCI,1091005.1157242716,2935209.0222405936,9.60084501837359,774688
1803,IN,NEI,236504.7313059216,636285.5784327692,2.08124163549211,774688
1803,IN,NHGRI,56770.68607728242,152734.23338827037,0.49958203748008534,774688
1803,IN,NHLBI,810080.2742335217,2179416.8472719556,7.128706413254991,774688
1803,IN,NIA,1566428.690639657,4214275.037940368,13.784572477628982,774688
1803,IN,NIAAA,234456.88182211164,630776.1026343176,2.0632205600345825,774688
1803,IN,NIAID,1013137.2246604568,2725715.4707446164,8.91560757701202,774688
1803,IN,NIAMS,280936.40743893094,755823.2916654915,2.4722403854625923,774688
1803,IN,NIBIB,76294.76316909996,205261.25311061132,0.6713939158880796,774688
1803,IN,NICHD,364352.8087985494,980244.3968873976,3.2063047174272348,774688
1803,IN,NIDA,344254.770575378,926173.2085201214,3.0294419810633264,774688
1803,IN,NIDCD,242741.27939130715,653064.2093887832,2.136123258643503,774688
1803,IN,NIDCR,62954.19325065415,169370.16458857566,0.5539969006057566,774688
1803,IN,NIDDK,649579.6682978682,1747610.5983116403,5.716301081021241,774688
1803,IN,NIEHS,165147.44364800322,444307.9685046109,1.4532975041024283,774688
1803,IN,NIGMS,1229146.673931752,3306861.1273984998,10.81649073059942,774688
1803,IN,NIMH,268147.26961471257,721415.7603099636,2.3596959726094706,774688
1803,IN,NIMHD,61094.46255174322,164366.798199448,0.5376312704553404,774688
1803,IN,NINDS,479357.7837448767,1289650.4988385504,4.218348496954915,774688
1803,IN,NINR,95193.24676138558,256105.19393843942,0.8377005715001932,774688
1803,IN,NLM,20280.054810734924,54560.88059906667,0.17846448233446735,774688
1803,IN,OD,518177.47701713897,1394089.893568349,4.559961797750823,774688
1804,IN,FIC,154047.6629067218,414445.4352248535,1.3556194335791518,789018
1804,IN,NCATS,1909126.0716378188,5136258.289995296,16.800309430412806,789018
1804,IN,NCCIH,243799.86270635205,655912.1917239077,2.145438791815898,789018
1804,IN,NCI,12677645.969984079,34107576.853263624,111.56328453585989,789018
1804,IN,NEI,1837243.7814727672,4942868.228307355,16.167745276960353,789018
1804,IN,NHGRI,282143.80242634186,759071.6326763437,2.4828654613518086,789018
1804,IN,NHLBI,6549349.277879751,17620182.355859775,57.634273645341814,789018
1804,IN,NIA,13771982.78495831,37051749.38406795,121.19344850763314,789018
1804,IN,NIAAA,2327098.8653135174,6260760.363694164,20.478470014758955,789018
1804,IN,NIAID,9290775.339593926,24995636.78240214,81.75882298842656,789018
1804,IN,NIAMS,2627983.919955168,7070252.92638965,23.12625849560548,789018
1804,IN,NIBIB,601000.6646809347,1616915.0335954085,5.288805849192226,789018
1804,IN,NICHD,3406991.8655841374,9166073.667696916,29.98152841714041,789018
1804,IN,NIDA,3912014.45599515,10524772.029826641,34.42572721275732,789018
1804,IN,NIDCD,3618720.841875768,9735703.262025986,31.84474340850676,789018
1804,IN,NIDCR,643105.1995268763,1730191.87233416,5.6593257558365115,789018
1804,IN,NIDDK,5470592.852862122,14717926.861475833,48.14121710518667,789018
1804,IN,NIEHS,2329216.48360159,6266457.543492158,20.497105055693993,789018
1804,IN,NIGMS,12752347.44240772,34308551.56243075,112.22065749318794,789018
1804,IN,NIMH,2820798.3302276633,7588995.312188746,24.823025306003437,789018
1804,IN,NIMHD,787552.7871740273,2118809.5391004076,6.9304645271314405,789018
1804,IN,NINDS,3965668.2977573546,10669120.79423527,34.89788102026472,789018
1804,IN,NINR,270532.46996996354,727832.8352637656,2.380685735735679,789018
1804,IN,NLM,197033.45606969253,530093.1861855439,1.7338944134132943,789018
1804,IN,OD,3595547.4947115085,9673358.350263687,31.640817953461276,789018
1805,IN,FIC,61936.81608189913,166633.0420932619,0.5450439815207124,791265
1805,IN,NCATS,1098143.2466936028,2954413.246053244,9.663660570903705,791265
1805,IN,NCCIH,133546.66697241028,359290.14093334926,1.1752106693572106,791265
1805,IN,NCI,4205002.13395454,11313017.71571494,37.00401877879995,791265
1805,IN,NEI,908407.7187720545,2443954.197449059,7.99398792519408,791265
1805,IN,NHGRI,284321.75191350945,764931.1258103192,2.502031416838883,791265
1805,IN,NHLBI,4976816.012098247,13389483.743203718,43.79598090646458,791265
1805,IN,NIA,10690514.968809212,28761456.32737552,94.07653172552106,791265
1805,IN,NIAAA,1733068.3904544266,4662597.729841835,15.251001835998956,791265
1805,IN,NIAID,3020882.357893427,8127295.669122371,26.58376474946216,791265
1805,IN,NIAMS,977463.8871104539,2629740.9416419817,8.601682206571995,791265
1805,IN,NIBIB,180813.9680520827,486456.73858391464,1.5911629188583278,791265
1805,IN,NICHD,1572734.3899250606,4231239.7113110935,13.840062631340533,791265
1805,IN,NIDA,1213654.061437353,3265180.2449569455,10.680155740648708,791265
1805,IN,NIDCD,831354.8357750142,2236653.32039275,7.315922554820125,791265
1805,IN,NIDCR,358014.20102010836,963191.1874463279,3.1505249689769537,791265
1805,IN,NIDDK,4136714.963376964,11129299.86114785,36.403091677717285,791265
1805,IN,NIEHS,205170.565860149,551985.0341041987,1.8055009795693113,791265
1805,IN,NIGMS,2373091.9357560766,6384498.807609641,20.883209034653476,791265
1805,IN,NIMH,746711.2855408278,2008930.7288658295,6.571059312759285,791265
1805,IN,NIMHD,130253.86629363598,350431.2839752294,1.1462340233839967,791265
1805,IN,NINDS,2016945.4404616829,5426332.442336919,17.74911987606281,791265
1805,IN,NINR,182787.05027556187,491765.0626792915,1.6085260424249446,791265
1805,IN,NLM,139992.81496317638,376632.6734920843,1.2319367716759522,791265
1805,IN,OD,2065535.1612142685,5557056.840129005,18.176709418685565,791265
1806,IN,FIC,83807.00794165056,225471.9820209265,0.737501669886525,777157
1806,IN,NCATS,1502611.987940781,4042584.402551335,13.222985493878873,777157
1806,IN,NCCIH,141196.9216364229,379872.1677163685,1.2425329104005216,777157
1806,IN,NCI,5343347.893815036,14375590.65567198,47.021461465572315,777157
1806,IN,NEI,1277253.2946943298,3436285.8067668327,11.239828993310104,777157
1806,IN,NHGRI,397654.5013870056,1069838.320080534,3.4993596122056494,777157
1806,IN,NHLBI,6748837.26569286,18156879.14418688,59.38976793809717,777157
1806,IN,NIA,14576838.133217616,39217109.23963655,128.27617557231503,777157
1806,IN,NIAAA,2413295.469345544,6492661.246829203,21.237000130240787,777157
1806,IN,NIAID,4015865.2547654673,10804169.254573079,35.33961424193611,777157
1806,IN,NIAMS,1304203.1266809194,3508790.8655010373,11.476987514792091,777157
1806,IN,NIBIB,116754.08521032061,314111.8582796725,1.0274359498508214,777157
1806,IN,NICHD,2156245.2678834833,5801100.721927974,18.974958357374653,777157
1806,IN,NIDA,1479416.7989883395,3980180.7282655505,13.018867831097388,777157
1806,IN,NIDCD,1097836.4354637065,2953587.8098777975,9.660960632080618,777157
1806,IN,NIDCR,485024.08571663994,1304894.9559272947,4.268211954306432,777157
1806,IN,NIDDK,5598600.490864857,15062314.956972439,49.267684319610744,777157
1806,IN,NIEHS,221124.13932009588,594906.0727700235,1.945892426016844,777157
1806,IN,NIGMS,2644783.2111997707,7115449.260043568,23.27409225855798,777157
1806,IN,NIMH,942283.7446503409,2535093.2905316725,8.292096952923,777157
1806,IN,NIMHD,160431.24734504017,431619.648587866,1.4117949766363536,777157
1806,IN,NINDS,2579403.708197102,6939554.111325,22.698752632134497,777157
1806,IN,NINR,233324.8385872407,627730.4858276963,2.0532585795677183,777157
1806,IN,NLM,192116.94270068913,516865.93895207404,1.6906290957660646,777157
1806,IN,OD,995624.9590153527,2678600.971114374,8.761499639335105,777157
1807,IN,FIC,168841.906013964,454247.44460110704,1.4858087729228833,757121
1807,IN,NCATS,3041740.520400049,8183411.874165236,26.767316579520433,757121
1807,IN,NCCIH,289231.29413631896,778139.6180710498,2.545235388399607,757121
1807,IN,NCI,10656332.52351522,28669492.852243178,93.77572620693395,757121
1807,IN,NEI,2278156.9963277997,6129088.5563472025,20.047781567684638,757121
1807,IN,NHGRI,791765.7760316278,2130144.044069451,6.9675388290783244,757121
1807,IN,NHLBI,13579446.752761751,36533755.93869847,119.49913142430341,757121
1807,IN,NIA,29455786.34318376,79247006.80647852,259.2109198200171,757121
1807,IN,NIAAA,4897608.553181194,13176386.256591342,43.098955267994505,757121
1807,IN,NIAID,7576770.612052942,20384327.387118977,66.67558138606589,757121
1807,IN,NIAMS,2600381.751096806,6995992.839155607,22.883359409651895,757121
1807,IN,NIBIB,128584.14427364868,345939.1115123652,1.1315404696081084,757121
1807,IN,NICHD,4088759.322429344,11000281.373564187,35.98108203737823,757121
1807,IN,NIDA,2700919.230124287,7266476.003039658,23.768089225093725,757121
1807,IN,NIDCD,2137381.566230498,5750350.357436841,18.808957782828383,757121
1807,IN,NIDCR,966131.1272855902,2599251.608085793,8.501953920113193,757121
1807,IN,NIDDK,11307759.937756758,30422074.573500533,99.50828745225948,757121
1807,IN,NIEHS,312016.5257878777,839440.3549361549,2.7457454269333237,757121
1807,IN,NIGMS,4304787.247874665,11581476.737989295,37.88212778129706,757121
1807,IN,NIMH,1760946.4464337674,4737600.055911376,15.496328728617154,757121
1807,IN,NIMHD,308947.09541169106,831182.4470643469,2.7187344396228816,757121
1807,IN,NINDS,4989164.385833477,13422705.45543518,43.9046465953346,757121
1807,IN,NINR,470813.3350520433,1266662.7579638187,4.143157348457981,757121
1807,IN,NLM,388770.575464713,1045937.2593575332,3.4211810640894744,757121
1807,IN,OD,1452788.4969375206,3908540.7044929536,12.784538773050182,757121
1808,IN,FIC,12950.68163615576,34842.14421613851,0.11396599839817069,758402
1808,IN,NCATS,230983.47462432543,621431.3470525902,2.032654576694064,758402
1808,IN,NCCIH,23943.933425823692,64418.075045184036,0.2107066141472485,758402
1808,IN,NCI,1017783.3066202851,2738215.1570339007,8.956493098258509,758402
1808,IN,NEI,938162.7446112089,2524006.269654155,8.25583215257864,758402
1808,IN,NHGRI,96731.99924821583,260245.00970762665,0.8512415933842993,758402
1808,IN,NHLBI,1156270.8228068515,3110798.017663888,10.175183240700294,758402
1808,IN,NIA,2704556.0776955225,7276260.473936954,23.800093483720598,758402
1808,IN,NIAAA,342823.00744574424,922321.233863685,3.0168424655225494,758402
1808,IN,NIAID,1156825.5127665985,3112290.339698799,10.180064512346068,758402
1808,IN,NIAMS,204981.2168093469,551475.6148226052,1.8038347079222528,758402
1808,IN,NIBIB,194355.18262641347,522887.6357610426,1.7103256071124386,758402
1808,IN,NICHD,885204.1116641464,2381527.8751980914,7.789796182644489,758402
1808,IN,NIDA,916447.5483059958,2465584.325342304,8.064738425092763,758402
1808,IN,NIDCD,248469.92016087243,668476.3809997666,2.1865352974156775,758402
1808,IN,NIDCR,101105.71997265637,272011.9431033661,0.8897303357593761,758402
1808,IN,NIDDK,1041163.9351833345,2801117.7327549686,9.162242629613344,758402
1808,IN,NIEHS,186069.32871055003,500595.6108930708,1.6374100926528403,758402
1808,IN,NIGMS,2811849.5823411434,7564919.856303434,24.744276324602062,758402
1808,IN,NIMH,461245.337673428,1240921.2909205204,4.058958971526167,758402
1808,IN,NIMHD,52494.45063129395,141229.57160310732,0.4619511655553868,758402
1808,IN,NINDS,763220.8714758634,2053347.6476240912,6.716343668987598,758402
1808,IN,NINR,44512.87811020573,119756.17671438295,0.39171332736981046,758402
1808,IN,NLM,39981.726026586904,107565.69448355213,0.35183918903396477,758402
1808,IN,OD,873736.5568056321,2350675.892930891,7.688881699889563,758402
1809,IN,FIC,21606.10746605859,58128.45481276615,0.1901337457013156,764291
1809,IN,NCATS,658905.5075971545,1772700.5701703506,5.79836846685496,764291
1809,IN,NCCIH,107286.48235609289,288640.4897991757,0.9441210447336175,764291
1809,IN,NCI,2248992.4637930584,6050625.130473554,19.791133681378916,764291
1809,IN,NEI,3886417.721573037,10455907.306157764,34.200475949842726,764291
1809,IN,NHGRI,404109.0566753115,1087203.4713925966,3.5561596987427415,764291
1809,IN,NHLBI,4331790.848945953,11654126.455534214,38.11975947072439,764291
1809,IN,NIA,6910161.314453259,18590900.76021895,60.809419567188684,764291
1809,IN,NIAAA,1037797.47786353,2792060.7120722397,9.132617805199065,764291
1809,IN,NIAID,4406881.930391037,11856149.357691823,38.78056098744113,764291
1809,IN,NIAMS,531848.0443959559,1430868.7978384846,4.680262790684412,764291
1809,IN,NIBIB,666901.1921134467,1794211.931568166,5.868730490598331,764291
1809,IN,NICHD,3734483.7221125513,10047148.410737313,32.86345675459045,764291
1809,IN,NIDA,3193853.7245971328,8592652.8968939,28.10591277645477,764291
1809,IN,NIDCD,671299.4156040681,1806044.786506644,5.907434857315799,764291
1809,IN,NIDCR,529457.7799205282,1424438.0985203069,4.659228463300648,764291
1809,IN,NIDDK,3185997.3630390554,8571516.3660061,28.036776794743687,764291
1809,IN,NIEHS,1340914.410292698,3607557.8550616605,11.800046810575743,764291
1809,IN,NIGMS,11114855.476249205,29903089.916429013,97.810728190993,764291
1809,IN,NIMH,1683170.746701952,4528354.533343547,14.811902570977178,764291
1809,IN,NIMHD,128249.36917377789,345038.4421393258,1.1285944487292454,764291
1809,IN,NINDS,3179969.452169835,8555299.046661222,27.98373117909455,764291
1809,IN,NINR,155528.06374640798,418428.2633881246,1.3686469609683902,764291
1809,IN,NLM,108712.23987891707,292476.3071424727,0.9566677109344702,764291
1809,IN,OD,3427544.2260034047,9221367.151532622,30.162389188829962,764291
1901,IA,FIC,842037.8371823784,2067983.502867361,6.65209891374079,804704
1901,IA,NCATS,5049244.531393153,12400576.235154005,39.88903179800591,804704
1901,IA,NCCIH,878653.0913864692,2157907.8961710245,6.941359421953107,804704
1901,IA,NCI,16467304.248788122,40442497.97270761,130.09170356542617,804704
1901,IA,NEI,5330338.69595572,13090922.99797028,42.10967569805019,804704
1901,IA,NHGRI,133684.8868444984,328320.33000107814,1.0561106060715375,804704
1901,IA,NHLBI,23322385.270103753,57278076.89435816,184.24684363381965,804704
1901,IA,NIA,8575145.120966712,21059930.87459302,67.74364645563703,804704
1901,IA,NIAAA,2533269.572668448,6221525.272693331,20.01282962408074,804704
1901,IA,NIAID,19393547.50840136,47629137.95376383,153.20902531637077,804704
1901,IA,NIAMS,2606531.9010861376,6401452.206922795,20.591602018580488,804704
1901,IA,NIBIB,1258514.3425080164,3090819.418682302,9.94226330581333,804704
1901,IA,NICHD,4885600.707925328,11998678.94226038,38.596245592610096,804704
1901,IA,NIDA,1949932.6338406382,4788892.304386735,15.404467807341042,804704
1901,IA,NIDCD,9742726.309493784,23927425.10051969,76.9675378450009,804704
1901,IA,NIDCR,5385495.213629038,13226383.381800191,42.545412187669406,804704
1901,IA,NIDDK,11537775.43416565,28335934.804880988,91.14842592990864,804704
1901,IA,NIEHS,5101137.3178667165,12528021.133241056,40.298984811147065,804704
1901,IA,NIGMS,10042064.84721835,24662578.71292531,79.33231229302497,804704
1901,IA,NIMH,6162270.943487415,15134087.909841433,48.68194045355058,804704
1901,IA,NIMHD,419289.84960013884,1029745.2841243532,3.312389811841097,804704
1901,IA,NINDS,19251734.445655454,47280855.41668574,152.0887021206781,804704
1901,IA,NINR,725467.3012915668,1781694.7703452462,5.731191680203378,804704
1901,IA,NLM,1216861.4512609576,2988522.9562883093,9.613205464961567,804704
1901,IA,OD,5748991.760301064,14119104.383961275,45.417034906378404,804704
1902,IA,FIC,113695.86436063625,279228.7489464866,0.8981973284490264,797329
1902,IA,NCATS,765173.8228451996,1879211.0907565998,6.0448732004770775,797329
1902,IA,NCCIH,90103.19890189508,221286.8836253229,0.7118152713249712,797329
1902,IA,NCI,3047705.129077449,7484941.4720199965,24.07687051971185,797329
1902,IA,NEI,737594.9312195815,1811479.3447581213,5.826999956634695,797329
1902,IA,NHGRI,65417.50395086729,160660.61760577743,0.5167982812118517,797329
1902,IA,NHLBI,3435013.3946191394,8436142.318699893,27.136605817491205,797329
1902,IA,NIA,1650998.7524690293,4054732.498464972,13.042890144505332,797329
1902,IA,NIAAA,373759.61371705076,917926.3461500822,2.952700948364701,797329
1902,IA,NIAID,3139266.2584041473,7709808.9264150495,24.800203441392767,797329
1902,IA,NIAMS,467658.1646993953,1148534.3376203994,3.694499501125223,797329
1902,IA,NIBIB,269083.4390903665,660849.297218894,2.1257591688138953,797329
1902,IA,NICHD,752047.3476089793,1846973.4251308672,5.9411740461109375,797329
1902,IA,NIDA,308837.99267873773,758483.5808037085,2.4398201421620285,797329
1902,IA,NIDCD,1398905.9700189114,3435611.0145145305,11.051357163149401,797329
1902,IA,NIDCR,737685.43042152,1811701.6041963168,5.827714900330009,797329
1902,IA,NIDDK,1808843.488102497,4442387.654671178,14.289863556009728,797329
1902,IA,NIEHS,765379.6369990807,1879716.555304733,6.0464991322927375,797329
1902,IA,NIGMS,1992916.441287988,4894457.39988053,15.744039886175107,797329
1902,IA,NIMH,949004.2205143524,2330685.137311844,7.4971333420633846,797329
1902,IA,NIMHD,70299.22359685953,172649.76494304714,0.5553638664151903,797329
1902,IA,NINDS,2815821.933298222,6915453.2586777,22.244993273055954,797329
1902,IA,NINR,107169.0970750863,263199.4846099384,0.8466358668931818,797329
1902,IA,NLM,159715.87021983182,392250.5262541766,1.2617553747366714,797329
1902,IA,OD,1205181.278220471,2959837.3033499713,9.520932097941722,797329
1903,IA,FIC,21463.349714666787,52712.421183740924,0.16956046274586764,837909
1903,IA,NCATS,137277.42256899073,337143.335670956,1.084491638295027,837909
1903,IA,NCCIH,41886.95040869677,102871.29462075073,0.3309069082287045,837909
1903,IA,NCI,2046155.023845271,5025207.47497562,16.164624688377643,837909
1903,IA,NEI,156456.81558928732,384246.5258241464,1.23600884315537,837909
1903,IA,NHGRI,89345.62796545519,219426.34466895988,0.7058304609270961,837909
1903,IA,NHLBI,1065061.3531773535,2615712.988958364,8.413984690101094,837909
1903,IA,NIA,594555.1064029271,1460183.969524514,4.696985340583124,837909
1903,IA,NIAAA,133011.06936026318,326665.4834136555,1.0507874479460793,837909
1903,IA,NIAID,1658686.2127113768,4073612.3400328043,13.103621080419877,837909
1903,IA,NIAMS,123583.52317906336,303512.1177163623,0.9763098331146006,837909
1903,IA,NIBIB,212305.2545737375,521406.2179196958,1.6772115111325263,837909
1903,IA,NICHD,301815.7967507011,741237.5798619043,2.3843447943305387,837909
1903,IA,NIDA,138228.27049027188,339478.5488028562,1.0920033368731479,837909
1903,IA,NIDCD,276071.06514817395,678010.3970812297,2.1809614146705742,837909
1903,IA,NIDCR,150059.0345859557,368534.0423873927,1.18546637322905,837909
1903,IA,NIDDK,461012.9170925645,1132214.0942577268,3.64200204503126,837909
1903,IA,NIEHS,301373.07400120195,740150.2850850188,2.3808472846094957,837909
1903,IA,NIGMS,2030183.199951033,4985981.8406092245,16.038447279613163,837909
1903,IA,NIMH,362694.9640841267,890752.3737993143,2.8652902162646012,837909
1903,IA,NIMHD,27979.70831094425,68716.12253873238,0.2210396956564596,837909
1903,IA,NINDS,696532.1536997302,1710632.1586303404,5.5026040142278685,837909
1903,IA,NINR,23459.097842027615,57613.832998049584,0.18532687295201816,837909
1903,IA,NLM,62134.34417320053,152597.4166928451,0.4908613189682842,837909
1903,IA,OD,763185.9537574168,1874329.029288732,6.029169034683593,837909
1904,IA,FIC,11084.77772016991,27223.405464733398,0.0875697439893423,801546
1904,IA,NCATS,93285.61780913436,229102.67230936344,0.7369563806921615,801546
1904,IA,NCCIH,22312.062599960238,54796.79811783548,0.1762652945396859,801546
1904,IA,NCI,1469363.8392373929,3608650.401531348,11.607974329975404,801546
1904,IA,NEI,131444.07606879648,322817.0621993543,1.0384082009434923,801546
1904,IA,NHGRI,270720.02951458545,664868.6439142403,2.138688233165225,801546
1904,IA,NHLBI,1313188.7148382394,3225095.688721269,10.374190847222092,801546
1904,IA,NIA,1177555.8217120923,2891991.197396263,9.30269099152553,801546
1904,IA,NIAAA,175824.26954408118,431811.5799137313,1.3890117293982414,801546
1904,IA,NIAID,3640996.434440433,8942021.638382584,28.763871832079424,801546
1904,IA,NIAMS,178829.4121594492,439191.9909569451,1.4127523560596487,801546
1904,IA,NIBIB,514329.25799249683,1263155.1381700228,4.063201138140725,801546
1904,IA,NICHD,596275.2194959135,1464408.441801514,4.710574234017717,801546
1904,IA,NIDA,336224.10427622055,825741.8731160675,2.6561704237821426,801546
1904,IA,NIDCD,620892.0581854482,1524865.6018657817,4.905047259665041,801546
1904,IA,NIDCR,117407.23909189116,288343.61454786645,0.9275171888259401,801546
1904,IA,NIDDK,612334.3956915949,1503848.6070480507,4.8374417259636004,801546
1904,IA,NIEHS,631111.1822400077,1549963.0250757637,4.985778339696061,801546
1904,IA,NIGMS,5328532.569567183,13086487.283313934,42.09540729958075,801546
1904,IA,NIMH,777361.5336315867,1909143.2193748392,6.141156115689536,801546
1904,IA,NIMHD,24735.423318651836,60748.395262828824,0.19540984421734953,801546
1904,IA,NINDS,1042911.6232124043,2561314.867950221,8.239001823377995,801546
1904,IA,NINR,24385.00026571536,59887.78180759274,0.19264150209915135,801546
1904,IA,NLM,25037.30074165987,61489.78419228321,0.19779467585911298,801546
1904,IA,OD,1935700.0819422007,4753938.19516504,15.292030647343386,801546
2001,KS,FIC,2776.4642447639126,7670.176363328241,0.022489360382587694,731386
2001,KS,NCATS,240033.2642064641,663108.654469813,1.9442694400723595,731386
2001,KS,NCCIH,4765.450880622709,13164.89084060296,0.03860015213304394,731386
2001,KS,NCI,1492948.120832693,4124373.4399540047,12.092879778744814,731386
2001,KS,NEI,149586.9183982222,413244.3080889435,1.2116540390255999,731386
2001,KS,NHGRI,29161.742889727167,80561.35116743065,0.23621011740679007,731386
2001,KS,NHLBI,764093.1414704813,2110860.661771805,6.189154445910899,731386
2001,KS,NIA,3412655.6172734196,9427699.456657577,27.6425104999147,731386
2001,KS,NIAAA,365244.80738602066,1009014.2863261858,2.9584829398267676,731386
2001,KS,NIAID,3994700.1101853047,11035638.013891807,32.35707089250097,731386
2001,KS,NIAMS,419363.02349520166,1158519.637532834,3.3968404903111336,731386
2001,KS,NIBIB,1251690.5952435974,3457882.6779215587,10.13869382147314,731386
2001,KS,NICHD,1482352.1986863327,4095101.465085987,12.007052809359296,731386
2001,KS,NIDA,339192.9471230191,937044.2030856591,2.7474628716964546,731386
2001,KS,NIDCD,760980.899216144,2102262.8752088454,6.163945283650767,731386
2001,KS,NIDCR,309471.9547473871,854937.8861596812,2.5067228334538356,731386
2001,KS,NIDDK,654681.367695865,1808602.9962324318,5.302919078336506,731386
2001,KS,NIEHS,127486.91893199678,352191.5162674437,1.032644043349174,731386
2001,KS,NIGMS,11419005.462466583,31545800.006646514,92.49394424597932,731386
2001,KS,NIMH,1013134.0152818505,2798853.4667981854,8.20638552378299,731386
2001,KS,NIMHD,44642.522067552345,123328.08470617117,0.361604428747174,731386
2001,KS,NINDS,1210980.8295341202,3345419.107288394,9.808944719226373,731386
2001,KS,NINR,40987.53606147691,113230.93062793484,0.331999042097963,731386
2001,KS,NLM,25314.46656447978,69932.9816543869,0.2050471791722862,731386
2001,KS,OD,1311300.182402452,3622558.3251285623,10.621531477459861,731386
2002,KS,FIC,1691.610432356673,4673.191948605447,0.013702044502089053,739248
2002,KS,NCATS,477343.62732086604,1318695.10452608,3.866483381299015,739248
2002,KS,NCCIH,3436.9055436200188,9494.691571620668,0.027838934903322152,739248
2002,KS,NCI,1448037.5471182303,4000304.843854553,11.729104131657666,739248
2002,KS,NEI,72244.49464510748,199580.46146371873,0.5851804066253706,739248
2002,KS,NHGRI,31132.648653522338,86006.11597299887,0.25217445409353095,739248
2002,KS,NHLBI,644109.0412297072,1779396.2060787166,5.217283233960629,739248
2002,KS,NIA,2300504.631606331,6355304.694577268,18.634087516011284,739248
2002,KS,NIAAA,242772.3920112905,670675.6863105205,1.9664563752914532,739248
2002,KS,NIAID,1320177.3496532952,3647082.119572931,10.693436532191692,739248
2002,KS,NIAMS,137101.36991910584,378752.1085195411,1.1105210963447574,739248
2002,KS,NIBIB,310010.1099803117,856424.5775713082,2.511081890840525,739248
2002,KS,NICHD,1042231.473478035,2879237.2270105495,8.442074935172084,739248
2002,KS,NIDA,216852.36890244734,599069.8124148616,1.7565041881098236,739248
2002,KS,NIDCD,244348.01085289172,675028.4433896926,1.979218887908423,739248
2002,KS,NIDCR,188058.87601294773,519525.77758884174,1.5232768957048768,739248
2002,KS,NIDDK,929496.6860584461,2567799.5042229146,7.528923157073414,739248
2002,KS,NIEHS,107743.70182664233,297649.5002976237,0.8727239847958029,739248
2002,KS,NIGMS,3894437.545316611,10758655.676866282,31.54494411706455,739248
2002,KS,NIMH,435492.06219673884,1203077.2332753486,3.5274857037935847,739248
2002,KS,NIMHD,93962.63220828082,259578.33311170322,0.7610973208870747,739248
2002,KS,NINDS,487443.16297557217,1346595.7770470418,3.948289620102135,739248
2002,KS,NINR,84124.56407011468,232399.9828640878,0.6814089689679289,739248
2002,KS,NLM,6030.67592996198,16660.16339310726,0.04884847503269204,739248
2002,KS,OD,1060618.0653380111,2930031.4710036125,8.59100632923789,739248
2003,KS,FIC,1182.1641187592702,3265.810931432733,0.009575529361950089,754087
2003,KS,NCATS,3175777.531014397,8773307.201601226,25.723798001216615,754087
2003,KS,NCCIH,6620.740947745439,18290.259210391734,0.05362800167673806,754087
2003,KS,NCI,7962941.623568565,21998182.30645059,64.49982715090538,754087
2003,KS,NEI,302546.11395702284,835804.7673282002,2.450623523051885,754087
2003,KS,NHGRI,219927.25195155945,607564.3915645038,1.7814107408076316,754087
2003,KS,NHLBI,3608081.321324332,9967576.611144595,29.225458702727092,754087
2003,KS,NIA,11300220.292892078,31217647.680643205,91.53178437242583,754087
2003,KS,NIAAA,1184345.0857698757,3271836.005101696,9.593195194735994,754087
2003,KS,NIAID,3431673.8811540753,9480238.738718942,27.79655843734801,754087
2003,KS,NIAMS,345969.6357154356,955765.2785546533,2.8023540492950287,754087
2003,KS,NIBIB,321497.83746400534,888160.2269606183,2.6041324834584434,754087
2003,KS,NICHD,5269196.5112266755,14556523.322913919,42.68049174093607,754087
2003,KS,NIDA,607257.2973749127,1677590.6902340467,4.9187841087367925,754087
2003,KS,NIDCD,556009.2083809195,1536014.2656109764,4.503674587885448,754087
2003,KS,NIDCR,943657.9339715859,2606920.940496924,7.643629265169847,754087
2003,KS,NIDDK,5988545.184272082,16543774.266047737,48.50721599260386,754087
2003,KS,NIEHS,559586.758955693,1545897.4989027388,4.532652747541113,754087
2003,KS,NIGMS,11231073.68618479,31026625.35094067,90.9716968580968,754087
2003,KS,NIMH,963928.0424634164,2662918.530715975,7.807817143953673,754087
2003,KS,NIMHD,596530.2954104543,1647956.5982149146,4.83189539282468,754087
2003,KS,NINDS,1486479.6608129086,4106503.867441248,12.04048525258456,754087
2003,KS,NINR,572465.8459061622,1581476.8759809902,4.636973351839914,754087
2003,KS,NLM,29283.430229052454,80897.52094003599,0.2371957848553249,754087
2003,KS,OD,5910058.464720084,16326949.222369175,47.87147356423269,754087
2004,KS,FIC,69.64491719480858,192.3989472225299,5.641238292779495e-4,745885
2004,KS,NCATS,138246.9509040547,381916.85598913446,1.1198003023228433,745885
2004,KS,NCCIH,1015.8184858750828,2806.2695042750197,0.008228129735588171,745885
2004,KS,NCI,511014.123674302,1411712.2019940915,4.139214401761847,745885
2004,KS,NEI,25075.205284275893,69272.0056596337,0.20310916280263475,745885
2004,KS,NHGRI,2438.680480836656,6737.025127227523,0.019753311894776915,745885
2004,KS,NHLBI,189896.27234527454,524601.7132666943,1.5381598059967239,745885
2004,KS,NIA,2494780.971718139,6892006.650919665,20.207725870916928,745885
2004,KS,NIAAA,72494.90632074997,200272.24120453,0.5872087411980748,745885
2004,KS,NIAID,515468.04389592283,1424016.4676342676,4.175291155556975,745885
2004,KS,NIAMS,52230.69597454902,144290.94502466198,0.42306863739384704,745885
2004,KS,NIBIB,114978.59782029876,317636.4057102667,0.93132664234442,745885
2004,KS,NICHD,307992.6722690903,850851.2650115374,2.4947406453796317,745885
2004,KS,NIDA,57782.45678359535,159628.0719524464,0.46803789994712236,745885
2004,KS,NIDCD,66471.78192235484,183632.93944471775,0.5384214335710743,745885
2004,KS,NIDCR,49190.12902156061,135891.16648693703,0.398440045074641,745885
2004,KS,NIDDK,256258.72196617626,707932.6145937105,2.075695647926028,745885
2004,KS,NIEHS,31724.16649564571,87640.22531897658,0.25696574861473026,745885
2004,KS,NIGMS,1658008.787274334,4580365.05758189,13.429871176922108,745885
2004,KS,NIMH,103307.99928303607,285395.5622651472,0.8367947941925922,745885
2004,KS,NIMHD,29908.804210900948,82625.1602362599,0.24226131410829768,745885
2004,KS,NINDS,149032.97741500937,411714.00743978855,1.2071671170615759,745885
2004,KS,NINR,24626.624317459486,68032.76941331686,0.19947565697142183,745885
2004,KS,NLM,2166.767755633517,5985.847235535052,0.01755081882063149,745885
2004,KS,OD,387725.3317424862,1071118.3047299413,3.1405751871141385,745885
2101,KY,FIC,7607.6326215323415,19887.022354213106,0.06542564054517813,759138
2101,KY,NCATS,302612.7889420441,791056.5083450407,2.6024699849015787,759138
2101,KY,NCCIH,32697.252186295686,85473.49977307803,0.2811963688021429,759138
2101,KY,NCI,1253532.7129363867,3276845.0218462413,10.780381331252924,759138
2101,KY,NEI,129770.59311218016,339231.77084510704,1.116027100764749,759138
2101,KY,NHGRI,84707.85233687666,221433.7937708586,0.7284875300971392,759138
2101,KY,NHLBI,910420.801045533,2379920.235749537,7.829618888991583,759138
2101,KY,NIA,1456722.6197179132,3808001.351198641,12.527814529574052,759138
2101,KY,NIAAA,315928.89780719613,825865.9908538156,2.7169885211418863,759138
2101,KY,NIAID,788348.111696343,2060811.4639806303,6.779793760588549,759138
2101,KY,NIAMS,129837.12993290219,339405.7039602961,1.1165993174229587,759138
2101,KY,NIBIB,69599.9137212666,181940.31032841036,0.5985592580028927,759138
2101,KY,NICHD,168507.2484697487,440492.8029358296,1.4491623368398387,759138
2101,KY,NIDA,1511760.7468715361,3951875.8676862232,13.001142423095208,759138
2101,KY,NIDCD,150020.137628815,392165.86539183307,1.2901731836078087,759138
2101,KY,NIDCR,174000.99346182813,454853.93666836567,1.4964085437717216,759138
2101,KY,NIDDK,626057.9139196526,1636570.5796456258,5.384098059709012,759138
2101,KY,NIEHS,420558.25730310334,1099376.3605991667,3.6168010128066883,759138
2101,KY,NIGMS,1092189.4140660302,2855079.4147300846,9.392828960967858,759138
2101,KY,NIMH,244836.07245885694,640023.0779185935,2.1055902231461694,759138
2101,KY,NIMHD,90784.6773298919,237319.15002960936,0.7807482250370702,759138
2101,KY,NINDS,654300.6083734261,1710399.4727963933,5.626985232011464,759138
2101,KY,NINR,54208.50936403768,141705.82244730505,0.466193180530724,759138
2101,KY,NLM,29679.475054708055,77584.76430679733,0.25524348547048925,759138
2101,KY,OD,646915.7461912746,1691094.792009948,5.563475417244961,759138
2102,KY,FIC,6500.1211855017145,16991.889823292942,0.05590104219531474,775395
2102,KY,NCATS,258387.9378285019,675448.848714178,2.222136265325116,775395
2102,KY,NCCIH,55973.338772488685,146319.24210664822,0.48137071344340265,775395
2102,KY,NCI,1271200.924470286,3323031.284408279,10.932327950444458,775395
2102,KY,NEI,445661.07045737375,1164997.3272241373,3.8326852059334136,775395
2102,KY,NHGRI,124448.48472454216,325319.3103278977,1.0702569686310623,775395
2102,KY,NHLBI,1379669.365936129,3606577.3528727926,11.865156547050708,775395
2102,KY,NIA,1458193.3363433366,3811845.934114452,12.540462692552694,775395
2102,KY,NIAAA,653755.2491900284,1708973.855812654,5.622295143034243,775395
2102,KY,NIAID,1344280.0447961346,3514066.5475245537,11.560808385246755,775395
2102,KY,NIAMS,139482.51375891786,364619.58760920225,1.1995496183266934,775395
2102,KY,NIBIB,66214.8948919367,173091.57268855878,0.5694480960706555,775395
2102,KY,NICHD,220928.5129374271,577526.6096622716,1.8999852112618727,775395
2102,KY,NIDA,1845123.7740884284,4823316.209792957,15.868064457160482,775395
2102,KY,NIDCD,204694.3716370618,535089.1331169346,1.7603715960787312,775395
2102,KY,NIDCR,415173.2258434782,1085299.413624546,3.5704897422539124,775395
2102,KY,NIDDK,838337.6434256902,2191488.5069498704,7.209703733460935,775395
2102,KY,NIEHS,1035465.2596955384,2706797.47445908,8.905001233381629,775395
2102,KY,NIGMS,2162683.7251438247,5653445.917629643,18.59908003623689,775395
2102,KY,NIMH,426841.59034263133,1115801.5470970513,3.670837676946629,775395
2102,KY,NIMHD,99357.8774833411,259730.25103575204,0.8544777463567333,775395
2102,KY,NINDS,1018569.6399020073,2662630.834817304,8.759698903157261,775395
2102,KY,NINR,51735.01809319385,135239.89820472323,0.44492115560146706,775395
2102,KY,NLM,25419.595231181494,66449.0629012173,0.21860851898816083,775395
2102,KY,OD,892648.9546478858,2333463.062517312,7.676781009971816,775395
2103,KY,FIC,2283.0406091440577,5968.069422952637,0.019634149238638893,763950
2103,KY,NCATS,265052.8135731337,692871.4214796395,2.27945419672895,763950
2103,KY,NCCIH,307633.51633199654,804181.132364843,2.64564824045517,763950
2103,KY,NCI,2968245.351192995,7759255.0256553255,25.526910020259752,763950
2103,KY,NEI,3412199.5772066074,8919790.511029717,29.34491636397682,763950
2103,KY,NHGRI,577271.2965727708,1509038.060919918,4.9645331505258286,763950
2103,KY,NHLBI,6580850.436084436,17202923.20132876,56.59531375032614,763950
2103,KY,NIA,3140567.173106401,8209719.459861979,27.008877688715046,763950
2103,KY,NIAAA,4054815.3340597246,10599644.751826825,34.871411872913626,763950
2103,KY,NIAID,7187023.950775715,18787514.208402026,61.80840597667114,763950
2103,KY,NIAMS,346689.07309668494,906275.8008478163,2.98152602863149,763950
2103,KY,NIBIB,98527.68900040875,257560.06515275387,0.8473381254035152,763950
2103,KY,NICHD,509072.641535527,1330760.7643251524,4.378024717205532,763950
2103,KY,NIDA,1995305.4593403132,5215904.374913377,17.159626950326693,763950
2103,KY,NIDCD,905047.949777915,2365875.1288706167,7.783412368090068,763950
2103,KY,NIDCR,2773269.478512037,7249570.905583107,23.850117515203515,763950
2103,KY,NIDDK,3585488.8571505495,9372783.965818355,30.835204171494723,763950
2103,KY,NIEHS,7100860.113660281,18562274.34206181,61.0673969774784,763950
2103,KY,NIGMS,13003254.269527985,33991653.01485513,111.82798671794066,763950
2103,KY,NIMH,1609896.2933043505,4208410.837596376,13.845108122417413,763950
2103,KY,NIMHD,258916.18241456637,676829.7266316818,2.2266791687652705,763950
2103,KY,NINDS,4752034.213491509,12422236.368802996,40.86749423602697,763950
2103,KY,NINR,93632.03957907262,244762.40596966734,0.8052355403800244,763950
2103,KY,NLM,24219.58817841314,63312.138673820686,0.208288458334353,763950
2103,KY,OD,3896336.7615680755,10185367.792016113,33.508496149485445,763950
2104,KY,FIC,3255.0215534640647,8508.91330030429,0.027993185359790954,776082
2104,KY,NCATS,1575244.8055802968,4117828.7938440857,13.54710532799055,776082
2104,KY,NCCIH,284491.0212927639,743684.6101123287,2.446622783117769,776082
2104,KY,NCI,3403768.8118093186,8897751.747033088,29.272411781560137,776082
2104,KY,NEI,808454.644454127,2113371.713181942,6.952709942305491,776082
2104,KY,NHGRI,624333.4272742671,1632062.6195255148,5.369267474558696,776082
2104,KY,NHLBI,9589667.74084497,25068236.890393786,82.47114257126674,776082
2104,KY,NIA,2751295.1268335627,7192128.013058003,23.661138090768638,776082
2104,KY,NIAAA,813105.2074007099,2125528.694713437,6.992704783646104,776082
2104,KY,NIAID,5612281.034098774,14670997.396397356,48.26561689324945,776082
2104,KY,NIAMS,1224565.949001601,3201123.3472388433,10.531267161413767,776082
2104,KY,NIBIB,272451.1445123932,712211.3107845576,2.3430798428065813,776082
2104,KY,NICHD,2754229.4434016566,7199798.575253508,23.686373213254242,776082
2104,KY,NIDA,2917207.3025383432,7625837.067007103,25.08798280182975,776082
2104,KY,NIDCD,702938.892095844,1837544.2343508038,6.045274472024258,776082
2104,KY,NIDCR,935403.820996468,2445228.0523801357,8.044472860569623,776082
2104,KY,NIDDK,4340589.65447538,11346684.0189808,37.32907102848826,776082
2104,KY,NIEHS,1990822.0667398523,5204184.39140422,17.121069773962727,776082
2104,KY,NIGMS,3838071.7806561477,10033057.995328018,33.00741731364287,776082
2104,KY,NIMH,1168732.585814808,3055170.0136533156,10.051100238007347,776082
2104,KY,NIMHD,347986.0453191109,909666.2005770535,2.9926799897443535,776082
2104,KY,NINDS,5344136.119795513,13970042.951012557,45.95957063024141,776082
2104,KY,NINR,409851.38237316674,1071387.6456245831,3.5247218884092337,776082
2104,KY,NLM,93479.2358688886,244362.96360021914,0.8039214284724419,776082
2104,KY,OD,1784033.4433061809,4663620.699463736,15.342687612433155,776082
2105,KY,FIC,804.2105731007003,2102.2773365108624,0.0069162109286660224,736508
2105,KY,NCATS,239107.8061409037,625048.8847650503,2.056327132811772,736508
2105,KY,NCCIH,35234.303248862496,92105.57491459344,0.3030150079402174,736508
2105,KY,NCI,1166825.3668511142,3050184.3751436425,10.034698154919582,736508
2105,KY,NEI,72103.19632119437,188484.11173159233,0.6200874883622715,736508
2105,KY,NHGRI,17934.535827922427,46882.45774550681,0.15423700812013286,736508
2105,KY,NHLBI,757547.6843397715,1980296.431534692,6.514910085322034,736508
2105,KY,NIA,1570107.4391623868,4104399.2651224188,13.502923976796525,736508
2105,KY,NIAAA,337687.98653890257,882746.1670586955,2.9041166842345616,736508
2105,KY,NIAID,554567.5781551207,1449688.5394383427,4.769281172134038,736508
2105,KY,NIAMS,136033.7783360696,355604.28917670046,1.1698904936901984,736508
2105,KY,NIBIB,49395.05092613203,129123.01774078333,0.42479743796473546,736508
2105,KY,NICHD,126042.97795472127,329487.4562005656,1.0839696104106027,736508
2105,KY,NIDA,1779207.9591806924,4651006.458549701,15.301188448953953,736508
2105,KY,NIDCD,122652.34202922249,320624.0349761308,1.0548101414513134,736508
2105,KY,NIDCR,185728.45756829766,485510.5617245602,1.5972647350873597,736508
2105,KY,NIDDK,503993.3088425526,1317482.940876664,4.334342456045952,736508
2105,KY,NIEHS,410712.59380992845,1073638.9282438448,3.5321283067653844,736508
2105,KY,NIGMS,1268036.6398228083,3314759.5653795013,10.90511510247615,736508
2105,KY,NIMH,138139.0251399876,361107.58991866244,1.1879956162038934,736508
2105,KY,NIMHD,77118.9580543189,201595.75508667887,0.6632230392671424,736508
2105,KY,NINDS,675871.5001617586,1766787.6856000335,5.812494901391124,736508
2105,KY,NINR,63766.77731512299,166691.977519092,0.5483942849100577,736508
2105,KY,NLM,26019.641230646415,68017.63604329307,0.22376891458355916,736508
2105,KY,OD,434414.86241603945,1135598.747949275,3.7359678167779387,736508
2106,KY,FIC,6402.580602923514,16736.910141350185,0.05506219318514221,777299
2106,KY,NCATS,3172673.319560545,8293647.757139903,27.284990548220684,777299
2106,KY,NCCIH,457825.6524922239,1196796.617081012,3.937300611433125,777299
2106,KY,NCI,15472650.401562668,40446872.203566365,133.06479345343894,777299
2106,KY,NEI,784765.7402104213,2051446.8290980284,6.748985365809622,777299
2106,KY,NHGRI,167002.3488046813,436558.86254084576,1.436220199720259,777299
2106,KY,NHLBI,9182732.190480582,24004471.486697078,78.97149683813299,777299
2106,KY,NIA,20608603.58764871,53872706.612656444,177.23399085377886,777299
2106,KY,NIAAA,4256776.614942348,11127589.34476502,36.60827888850419,777299
2106,KY,NIAID,6857364.759638606,17925756.020334452,58.973336932892,777299
2106,KY,NIAMS,1778490.799858061,4649131.74085627,15.295020878779322,777299
2106,KY,NIBIB,650013.1643735149,1699191.7162037129,5.590113213612228,777299
2106,KY,NICHD,1424826.0132292164,3724620.8098632363,12.25350371377126,777299
2106,KY,NIDA,23686929.813221883,61919722.748564884,203.70759639370817,777299
2106,KY,NIDCD,1565647.8158791843,4092741.4167040554,13.464571216560984,777299
2106,KY,NIDCR,2354671.221518408,6155318.158584637,20.250172505058305,777299
2106,KY,NIDDK,6292463.254316456,16449053.684252478,54.11518398712151,777299
2106,KY,NIEHS,5440232.433336698,14221247.186367193,46.7859989266956,777299
2106,KY,NIGMS,10696768.00697071,27962294.58693423,91.99220485994809,777299
2106,KY,NIMH,1671964.4431385358,4370662.453130943,14.378894210991406,777299
2106,KY,NIMHD,965051.5714163787,2522729.88569476,8.299443514180856,777299
2106,KY,NINDS,8466771.146149019,22132886.198381767,72.81423185688155,777299
2106,KY,NINR,841002.9582779482,2198455.87494525,7.232625441190353,777299
2106,KY,NLM,343480.43384835735,897888.1349821578,2.953931731095873,777299
2106,KY,OD,5579240.4132531,14584626.300677612,47.98146755397665,777299
2201,LA,FIC,401749.74081105867,1111581.1600473726,3.9371474599483753,798569
2201,LA,NCATS,41735.310237458485,115475.33167049172,0.4090060403270932,798569
2201,LA,NCCIH,51107.840865253624,141407.71546442117,0.5008568404794855,798569
2201,LA,NCI,5589800.344246346,15466137.547585245,54.78004337361419,798569
2201,LA,NEI,792252.3358456499,2192043.157891459,7.764072891287371,798569
2201,LA,NHGRI,11259.02613729094,31152.033376368643,0.11033845614545124,798569
2201,LA,NHLBI,6599874.442897343,18260860.790083412,64.67876954039397,798569
2201,LA,NIA,6832752.975505289,18905200.69408403,66.96097915995183,798569
2201,LA,NIAAA,3240820.199310865,8966862.478572547,31.760037953246478,798569
2201,LA,NIAID,7532907.148114252,20842422.074313123,73.82249005151968,798569
2201,LA,NIAMS,444886.99552644783,1230935.4614116694,4.359892556159189,798569
2201,LA,NIBIB,194865.61670507025,539163.8780726407,1.9096830437096886,798569
2201,LA,NICHD,4000605.7497166065,11069074.92008459,39.205936347222746,798569
2201,LA,NIDA,565535.7283183449,1564752.3746082215,5.542250137519781,798569
2201,LA,NIDCD,278461.56103543454,770461.2936886562,2.728923298147259,798569
2201,LA,NIDCR,1026101.9974207178,2839070.029808097,10.055799574723036,798569
2201,LA,NIDDK,3352145.960251207,9274884.129661603,32.85103041046183,798569
2201,LA,NIEHS,914755.1860383189,2530990.135309218,8.964600823175527,798569
2201,LA,NIGMS,6724771.638392949,18606432.56114514,65.902762056250907,798569
2201,LA,NIMH,983042.6242757367,2719931.215045498,9.633817717902222,798569
2201,LA,NIMHD,2540010.47411553,7027827.282849859,24.892102646332198,798569
2201,LA,NINDS,2258507.805749991,6248951.702179955,22.133376496349914,798569
2201,LA,NINR,49128.46794190081,135931.0880349547,0.48145898583062796,798569
2201,LA,NLM,2177.719971132586,6025.423904152168,0.021341655717099346,798569
2201,LA,OD,10263762.509340543,28398288.480661653,100.58487259153733,798569
2202,LA,FIC,440472.3193153091,1218720.715749098,4.31662872929003,736254
2202,LA,NCATS,52791.34544692059,146065.71965393604,0.5173551853798218,736254
2202,LA,NCCIH,74330.68466446982,205661.83445356553,0.7284407097118043,736254
2202,LA,NCI,6205536.322220086,17169786.469168108,60.81425595775685,736254
2202,LA,NEI,903929.6453162964,2501037.4909350546,8.858510524099705,736254
2202,LA,NHGRI,10231.188745497639,28308.16177111728,0.10026564970587687,736254
2202,LA,NHLBI,7259640.465035985,20086334.227273803,71.14447655735266,736254
2202,LA,NIA,7545425.840157459,20877059.413955387,73.9451732335431,736254
2202,LA,NIAAA,3708953.0761936917,10262115.800432071,36.347740146698186,736254
2202,LA,NIAID,8252713.129960482,22834017.057534195,80.87658867361273,736254
2202,LA,NIAMS,483199.18939062936,1336939.5444847068,4.7353520560281686,736254
2202,LA,NIBIB,225826.75894063918,624828.7059655628,2.2131022376182643,736254
2202,LA,NICHD,4300994.223457836,11900204.686172403,42.149743389886794,736254
2202,LA,NIDA,668025.8819111608,1848327.2279339256,6.5466536427293764,736254
2202,LA,NIDCD,325624.65002446336,900954.4735075267,3.1911215702397415,736254
2202,LA,NIDCR,1132422.2091092153,3133242.0783241494,11.09773764927031,736254
2202,LA,NIDDK,3812234.781087259,10547880.757256908,37.35990085465514,736254
2202,LA,NIEHS,1437158.0046449425,3976400.230525348,14.084148445520437,736254
2202,LA,NIGMS,8137068.455541682,22514045.621873192,79.7432708643085,736254
2202,LA,NIMH,1092585.3216057546,3023019.397073935,10.707336151736396,736254
2202,LA,NIMHD,3574344.3857351234,9889673.782198729,35.02857498020421,736254
2202,LA,NINDS,2577301.061266425,7131004.73366876,25.257550400410967,736254
2202,LA,NINR,72025.82107423955,199284.62326182504,0.7058530465275477,736254
2202,LA,NLM,2095.1342285717956,5796.921565024908,0.0205323154400036,736254
2202,LA,OD,11694113.153492624,32355853.767676547,114.60230890422773,736254
2203,LA,FIC,15554.141658473207,43035.972576764114,0.15243058825303743,777847
2203,LA,NCATS,9658.10999176069,26722.53897870082,0.09464947791925477,777847
2203,LA,NCCIH,42280.766159239385,116984.5262378955,0.414351508360546,777847
2203,LA,NCI,421808.9138459921,1167081.8774510676,4.1337273556907235,777847
2203,LA,NEI,50904.785652171406,140845.89220386118,0.4988668993912798,777847
2203,LA,NHGRI,6532.697465232734,18074.99218787809,0.0640204351592808,777847
2203,LA,NHLBI,355641.98679167114,984007.9334994715,3.4852914705583777,777847
2203,LA,NIA,433971.7593497428,1200734.6431933474,4.25292324162748,777847
2203,LA,NIAAA,181191.12255107987,501328.607677526,1.775673001000583,777847
2203,LA,NIAID,2536699.246086836,7018665.612487891,24.859652611650993,777847
2203,LA,NIAMS,23808.64047756726,65874.9303677872,0.23332467668015916,777847
2203,LA,NIBIB,14259.96950878732,39455.19271977001,0.13974770118611576,777847
2203,LA,NICHD,191471.280749539,529772.2605661234,1.8764185513454823,777847
2203,LA,NIDA,47892.03259498665,132510.05723485575,0.4693419194308692,777847
2203,LA,NIDCD,30738.730126610222,85049.44701032144,0.3012395552407802,777847
2203,LA,NIDCR,47780.636947431085,132201.84221800455,0.4682502420848247,777847
2203,LA,NIDDK,505851.1043956787,1399613.989296481,4.957340823077652,777847
2203,LA,NIEHS,141421.5523780162,391292.18336443626,1.385931213304559,777847
2203,LA,NIGMS,1041111.1331701846,2880598.052935179,10.20288910506781,777847
2203,LA,NIMH,366469.1602055147,1013965.0952865514,3.5913977700140443,777847
2203,LA,NIMHD,99896.45019738817,276398.46579826524,0.9789852119344041,777847
2203,LA,NINDS,477905.1440016204,1322291.7164538095,4.683470411215881,777847
2203,LA,NINR,37058.567592650055,102535.48756788149,0.36317396240797056,777847
2203,LA,NLM,17650.855631241695,48837.26505658586,0.17297838518616862,777847
2203,LA,OD,2161351.9607649776,5980136.079161012,21.181249215496784,777847
2204,LA,FIC,7310.123248174146,20226.012501937654,0.07163920783210664,767466
2204,LA,NCATS,16075.198127613285,44477.65752532842,0.15753694165061022,767466
2204,LA,NCCIH,221414.33557515056,612620.1935883596,2.1698604886364756,767466
2204,LA,NCI,1170992.5130322212,3239960.313142571,11.475726627715769,767466
2204,LA,NEI,139918.01681918162,387132.1264163278,1.37119656482798,767466
2204,LA,NHGRI,7279.6294266029245,20141.64068009656,0.07134036838070867,767466
2204,LA,NHLBI,2688753.0101561714,7439375.527850974,26.34977949953048,767466
2204,LA,NIA,1056702.0689694118,2923735.829370185,10.355680275900237,767466
2204,LA,NIAAA,445566.90419892216,1232816.66653541,4.366555661149437,767466
2204,LA,NIAID,1040166.742887976,2877985.0669421684,10.193634080302166,767466
2204,LA,NIAMS,170257.7557964576,471077.62487467204,1.6685260068052847,767466
2204,LA,NIBIB,11269.821134761958,31181.90151215715,0.11044424712066721,767466
2204,LA,NICHD,84730.83634521445,234437.49127567574,0.8303621961831017,767466
2204,LA,NIDA,37938.07749191625,104968.95929116319,0.3717931594207793,767466
2204,LA,NIDCD,17074.752754707457,47243.27497083811,0.1673325769961331,767466
2204,LA,NIDCR,41442.723367405466,114665.7877694264,0.4061386890005736,767466
2204,LA,NIDDK,648541.9214739703,1794418.037348349,6.3557108304449095,767466
2204,LA,NIEHS,141512.1960859487,391542.9808828396,1.3868195216422974,767466
2204,LA,NIGMS,3423281.9099541977,9471706.612564236,33.54816271755114,767466
2204,LA,NIMH,108073.48486259163,299023.0919163669,1.0591201516533981,767466
2204,LA,NIMHD,33029.29017704402,91387.08245690363,0.32368704373503143,767466
2204,LA,NINDS,735470.9782823323,2034937.6743088795,7.207615587166857,767466
2204,LA,NINR,19738.01258069152,54612.11468906261,0.19343252329077693,767466
2204,LA,NLM,1691.53923305384,4680.234862498443,0.016577084483927633,767466
2204,LA,OD,333495.43220552604,922731.7450239767,3.2682552356141557,767466
2205,LA,FIC,28590.14596369011,79104.63750912162,0.2801834304441631,763961
2205,LA,NCATS,15994.517869024374,44254.427374005536,0.15674627511643888,763961
2205,LA,NCCIH,282866.66784135596,782649.5622450298,2.7720933448452887,763961
2205,LA,NCI,1308395.2763031048,3620133.1109694494,12.822273707770428,763961
2205,LA,NEI,93392.94156661836,258404.23472900598,0.91525082735286,763961
2205,LA,NHGRI,4948.171973125573,13690.848265133262,0.048492085336630616,763961
2205,LA,NHLBI,855234.3937390845,2366305.0474797837,8.381297058643028,763961
2205,LA,NIA,1767598.0138833162,4890678.079351642,17.3224605360565,763961
2205,LA,NIAAA,395474.1332357982,1094217.4969509705,3.875646505710823,763961
2205,LA,NIAID,1898638.0468701185,5253246.1586391395,18.606652859327163,763961
2205,LA,NIAMS,69837.89966278688,193230.97350532445,0.6844114166953115,763961
2205,LA,NIBIB,123435.20049610562,341526.65059881046,1.2096649648618352,763961
2205,LA,NICHD,789326.9197283421,2183948.9711105702,7.735403813337753,763961
2205,LA,NIDA,142734.75062138485,394925.6055635122,1.3988005560895718,763961
2205,LA,NIDCD,387397.4692242131,1071870.581348272,3.7964951983972886,763961
2205,LA,NIDCR,80168.45080604724,221814.0560994078,0.785650817899263,763961
2205,LA,NIDDK,3033476.147918097,8393172.646910682,29.728066249597354,763961
2205,LA,NIEHS,1660137.3971582851,4593350.701473398,16.269346492151197,763961
2205,LA,NIGMS,8355616.958131418,23118736.48625278,81.8850461896879,763961
2205,LA,NIMH,255035.934460451,705646.1052320617,2.49935215771242,763961
2205,LA,NIMHD,268187.9241631869,742035.6843296965,2.628241656799232,763961
2205,LA,NINDS,350677.4916342324,970271.9214363035,3.436639418015478,763961
2205,LA,NINR,259515.6920693242,718040.9213420843,2.5432537822793773,763961
2205,LA,NLM,960.0047895680804,2656.188988410535,0.009408046937767188,763961
2205,LA,OD,3103882.4373783576,8587976.269571073,30.418047886307907,763961
2206,LA,FIC,18950.166659213355,52432.26341755388,0.1857116332602909,753643
2206,LA,NCATS,19792.566222003734,54763.05641654753,0.1939671489756366,753643
2206,LA,NCCIH,382573.2947552352,1058522.8155434416,3.7492182886013055,753643
2206,LA,NCI,1587766.8677798437,4393112.322134745,15.560115304242471,753643
2206,LA,NEI,176081.12092834417,487190.0010908055,1.725594985097773,753643
2206,LA,NHGRI,6974.403670763534,19297.126881363707,0.06834915597348264,753643
2206,LA,NHLBI,2213796.197829439,6125241.402082251,21.695202738728504,753643
2206,LA,NIA,2049249.8247928084,5669966.315028329,20.082648282969526,753643
2206,LA,NIAAA,562664.3610447164,1556807.732855626,5.514110738238221,753643
2206,LA,NIAID,2702922.6041788664,7478580.665181866,26.488641520952893,753643
2206,LA,NIAMS,155779.42175797702,431018.2503158805,1.526638333228175,753643
2206,LA,NIBIB,117485.18789368878,325063.8598636162,1.1513548413581502,753643
2206,LA,NICHD,638255.1521131138,1765956.092366888,6.254900490708516,753643
2206,LA,NIDA,138633.91668536703,383579.2143136815,1.358612383516597,753643
2206,LA,NIDCD,350006.5704005843,968415.5832052113,3.4300643899257266,753643
2206,LA,NIDCR,68033.89073863272,188239.55190888792,0.6667321292386007,753643
2206,LA,NIDDK,2906767.9544977713,8042590.116738217,28.48632595407816,753643
2206,LA,NIEHS,1512833.3453809125,4185782.526261117,14.825766784732945,753643
2206,LA,NIGMS,9261522.372042086,25625240.63198065,90.76291924601246,753643
2206,LA,NIMH,324153.8760781465,896885.063018017,3.176707985565836,753643
2206,LA,NIMHD,171584.46326647938,474748.42507380364,1.681527740011498,753643
2206,LA,NINDS,655120.5569481927,1812620.1331037863,6.420181458092289,753643
2206,LA,NINR,239940.53494496198,663879.4032276482,2.3514172424606277,753643
2206,LA,NLM,7160.426506166818,19811.824112419625,0.07017217976043483,753643
2206,LA,OD,3101224.114997519,8580621.091021594,30.39199632697569,753643
2301,ME,FIC,22609.437365404876,52698.97121578991,0.21026776749826537,707732
2301,ME,NCATS,109674.2525095654,255633.08731240346,1.0199705483389583,707732
2301,ME,NCCIH,34466.77672087162,80336.52695371905,0.32054102350410607,707732
2301,ME,NCI,2955246.4672283614,6888205.3982612835,27.483792145223763,707732
2301,ME,NEI,969806.6167194978,2260463.635312944,9.01920153549133,707732
2301,ME,NHGRI,462434.947457864,1077861.6730439323,4.300645011358136,707732
2301,ME,NHLBI,2378834.0927424203,5544680.628470279,22.12315706250451,707732
2301,ME,NIA,1138753.8564199659,2654252.546468482,10.590410864705683,707732
2301,ME,NIAAA,41559.77120742337,96869.1591567873,0.3865058722290374,707732
2301,ME,NIAID,1094389.2997181898,2550845.8823024137,10.177820487379165,707732
2301,ME,NIAMS,898033.575780721,2093172.1915952964,8.351712254760706,707732
2301,ME,NIBIB,173092.1200123374,403449.96219001996,1.609756716114738,707732
2301,ME,NICHD,649694.7154447126,1514334.1497148576,6.042160853635827,707732
2301,ME,NIDA,996804.711572625,2323391.8630504073,9.270283817625414,707732
2301,ME,NIDCD,133030.41550160403,310072.5561650022,1.2371828641649176,707732
2301,ME,NIDCR,122380.08519091415,285248.3448672679,1.1381347922755016,707732
2301,ME,NIDDK,1392085.922086641,3244728.9489035252,12.946399075405761,707732
2301,ME,NIEHS,2772482.2464726665,6462211.320955408,25.7840848921958,707732
2301,ME,NIGMS,12305212.972105099,28681477.284939896,114.43848064057742,707732
2301,ME,NIMH,662614.6039555912,1544448.3370668974,6.1623158167869985,707732
2301,ME,NIMHD,42960.07562549746,100133.04410132575,0.3995287033171264,707732
2301,ME,NINDS,1655704.7498017354,3859182.1433450254,15.39805417315614,707732
2301,ME,NINR,25409.337106803814,59225.08831876799,0.2363068350932755,707732
2301,ME,NLM,24749.358093319184,57686.78312025518,0.23016903026786842,707732
2301,ME,OD,1650769.1155428116,3847677.9717223966,15.352152774548149,707732
2302,ME,FIC,3860.2368079010616,8997.59269273032,0.03590020231347987,697280
2302,ME,NCATS,38345.91961349607,89378.18669679383,0.3566170524055135,697280
2302,ME,NCCIH,13399.907820999595,31233.035353352338,0.12461914273529624,697280
2302,ME,NCI,10092313.92193269,23523564.61936763,93.85851947397403,697280
2302,ME,NEI,2893184.2123579984,6743548.238945824,26.906613174929387,697280
2302,ME,NHGRI,11894259.001778454,27723609.5103797,110.61660871653963,697280
2302,ME,NHLBI,1548982.5846881694,3610429.8981426656,14.405538037599976,697280
2302,ME,NIA,11125207.951047473,25931074.891718294,103.4644339447415,697280
2302,ME,NIAAA,64966.160566697756,151425.69761348335,0.6041852932702891,697280
2302,ME,NIAID,7375925.547512406,17192099.114900067,68.59610759186538,697280
2302,ME,NIAMS,1176733.4093597492,2742776.7912258822,10.943620707045667,697280
2302,ME,NIBIB,76063.21130106578,177291.14255044755,0.7073878650999118,697280
2302,ME,NICHD,4553761.416073709,10614087.290665567,42.349981169485496,697280
2302,ME,NIDA,5878697.492811726,13702300.72306241,54.67188668314906,697280
2302,ME,NIDCD,1461418.653622962,3406332.4229083834,13.591193478693548,697280
2302,ME,NIDCR,633768.0129638179,1477211.5613886495,5.894042520563507,697280
2302,ME,NIDDK,4420337.252292341,10303096.97043036,41.10913644631877,697280
2302,ME,NIEHS,1272615.8067202403,2966263.276844184,11.835327002498236,697280
2302,ME,NIGMS,14097672.828699512,32859413.6422888,131.10835730690548,697280
2302,ME,NIMH,214702.26501122766,500436.5345731357,1.9967310646044174,697280
2302,ME,NIMHD,18102.378641889612,42193.74040885991,0.16835212136957342,697280
2302,ME,NINDS,4411920.394579178,10283478.62543642,41.030859669586356,697280
2302,ME,NINR,115741.59004699148,269775.0777155146,1.0763967874370208,697280
2302,ME,NLM,7203.019508611703,16789.082877927856,0.06698808143008884,697280
2302,ME,OD,14068932.371381423,32792424.247176647,130.84107105384723,697280
2401,MD,FIC,329301.3229671463,721140.3082611681,2.766131112924029,791864
2401,MD,NCATS,1542282.068549758,3377459.149930614,12.955169375817968,791864
2401,MD,NCCIH,241396.33651293995,528636.2865399901,2.0277292267086957,791864
2401,MD,NCI,9872182.415130857,21619192.43418351,82.92633228709921,791864
2401,MD,NEI,3036082.0098938546,6648746.79759327,25.503088883108383,791864
2401,MD,NHGRI,1315612.006224929,2881072.080648133,11.051140852289404,791864
2401,MD,NHLBI,10253805.001240112,22454911.60745178,86.13196201041696,791864
2401,MD,NIA,11953184.573882261,26176400.1755076,100.406750420611,791864
2401,MD,NIAAA,1203347.502261388,2635222.904381289,10.10811901899566,791864
2401,MD,NIAID,17569970.12672999,38476655.84566656,147.58774906453195,791864
2401,MD,NIAMS,1492659.8814062306,3268791.018837661,12.538343003812338,791864
2401,MD,NIBIB,2125257.632491607,4654123.252284362,17.852164112929504,791864
2401,MD,NICHD,4361375.697165533,9551020.88979614,36.63555585619048,791864
2401,MD,NIDA,6470886.352573417,14170659.677195827,54.35544536161671,791864
2401,MD,NIDCD,2011327.2582422432,4404625.969776653,16.895148969234846,791864
2401,MD,NIDCR,962031.9824086011,2106763.5990653345,8.08106865223225,791864
2401,MD,NIDDK,4300174.040731881,9416994.7614193,36.1214619421478,791864
2401,MD,NIEHS,1364174.7371357784,2987420.0977878883,11.459067791940539,791864
2401,MD,NIGMS,8633477.39503689,18906539.742762826,72.52121011830988,791864
2401,MD,NIMH,6109203.335574227,13378606.368628806,51.31730801882352,791864
2401,MD,NIMHD,1902670.8229272729,4166678.139650823,15.982434912589094,791864
2401,MD,NINDS,8920983.62016245,19536152.54220711,74.93626240936459,791864
2401,MD,NINR,651136.9571997484,1425931.429015585,5.469550440477887,791864
2401,MD,NLM,230124.57593778183,503952.1436930251,1.9330464378773675,791864
2401,MD,OD,5899473.3737760745,12919316.597364169,49.55557633971903,791864
2402,MD,FIC,1170004.358410793,2562204.4153629085,9.828036610650662,783097
2402,MD,NCATS,5307005.820265534,11621865.890748098,44.578848890230496,783097
2402,MD,NCCIH,809638.4113178848,1773035.3715466629,6.800962655070233,783097
2402,MD,NCI,32493686.907647464,71158254.64041816,272.94697002423874,783097
2402,MD,NEI,9939579.608901791,21766786.232635263,83.49246871477506,783097
2402,MD,NHGRI,4558211.297786198,9982073.168691842,38.28897490140407,783097
2402,MD,NHLBI,30838174.746911343,67532831.76277466,259.0406678740553,783097
2402,MD,NIA,40412164.795424044,88499009.70783752,339.46218428156203,783097
2402,MD,NIAAA,3964377.1108486047,8681629.657667987,33.30076773112828,783097
2402,MD,NIAID,59796722.44796067,130949449.18709616,502.29246856286966,783097
2402,MD,NIAMS,4783610.353902108,10475676.848581767,40.18232697277771,783097
2402,MD,NIBIB,6978632.843507992,15282578.869295811,58.62051588546714,783097
2402,MD,NICHD,13639601.307092724,29869501.289970834,114.5726509795789,783097
2402,MD,NIDA,20492406.926590756,44876529.844762616,172.13621818336236,783097
2402,MD,NIDCD,6047501.67516718,13243485.27647758,50.799014071404315,783097
2402,MD,NIDCR,2851309.7133759633,6244112.070746668,23.951001592358093,783097
2402,MD,NIDDK,14401228.67731406,31537396.79549953,120.97032088943811,783097
2402,MD,NIEHS,4282150.700867966,9377525.266586276,35.970065887290914,783097
2402,MD,NIGMS,20300374.18033078,44455995.38536121,170.52314311477858,783097
2402,MD,NIMH,20040037.234858185,43885880.86708881,168.33631277280878,783097
2402,MD,NIMHD,5393161.2974303495,11810538.644325895,45.30255489841494,783097
2402,MD,NINDS,30653213.181270115,67127782.55355453,257.486990722669,783097
2402,MD,NINR,2105485.944715754,4610825.032620225,17.686081935612336,783097
2402,MD,NLM,726796.1974062932,1591618.3667835118,6.105088058212864,783097
2402,MD,OD,19085196.982519336,41794866.51067061,160.31565465316243,783097
2403,MD,FIC,617118.7938408483,1351434.7079272112,5.183797868263126,782840
2403,MD,NCATS,2034507.4241897608,4455388.45037138,17.089862363193994,782840
2403,MD,NCCIH,496337.7940914897,1086935.1711305298,4.169237470368514,782840
2403,MD,NCI,14806474.620210076,32424848.997478012,124.37438680976464,782840
2403,MD,NEI,4073007.5704750447,8919520.603369955,34.213263591990376,782840
2403,MD,NHGRI,1949698.5570707931,4269664.651795708,16.377467879394665,782840
2403,MD,NHLBI,18292862.479801767,40059725.144133456,153.66004483033487,782840
2403,MD,NIA,17687581.59060368,38734214.38369096,148.57568536107092,782840
2403,MD,NIAAA,2541020.3256969987,5564606.192468426,21.34457073585479,782840
2403,MD,NIAID,31573354.01977417,69142808.31155522,265.21617376610305,782840
2403,MD,NIAMS,2467533.102738513,5403675.7773093395,20.727278063003514,782840
2403,MD,NIBIB,2875915.3973704334,6297996.3077757405,24.157689337911645,782840
2403,MD,NICHD,7433756.532641587,16279258.853820214,62.44355487418934,782840
2403,MD,NIDA,9314355.419197796,20397601.4360699,78.2405855212615,782840
2403,MD,NIDCD,2837504.4593845694,6213879.804962631,23.835037458830385,782840
2403,MD,NIDCR,1731179.9207755576,3791128.473079906,14.541911334514685,782840
2403,MD,NIDDK,6820997.244040717,14937371.070649628,57.296376849942035,782840
2403,MD,NIEHS,2865845.6256093006,6275944.412428004,24.073103255118127,782840
2403,MD,NIGMS,10526165.23342423,23051356.043282166,88.41978796076354,782840
2403,MD,NIMH,10349957.622855894,22665477.209093906,86.93964403198952,782840
2403,MD,NIMHD,2893027.4707340994,6335470.210854148,24.301430754166436,782840
2403,MD,NINDS,13672404.86331368,29941338.130564407,114.84820085183493,782840
2403,MD,NINR,993084.7659991801,2174766.4049122813,8.341912034393115,782840
2403,MD,NLM,545461.8123494901,1194512.3571266397,4.581879223735718,782840
2403,MD,OD,9532036.372004163,20874303.163214277,80.06910552483497,782840
2404,MD,FIC,231663.46807676367,507322.17920180067,1.945973131844815,763420
2404,MD,NCATS,1580976.7062464037,3462196.929618785,13.280204332469793,763420
2404,MD,NCCIH,146789.95144408438,321456.8040001162,1.2330355921303089,763420
2404,MD,NCI,8985241.026458517,19676870.48821133,75.47602462225154,763420
2404,MD,NEI,1672674.2757911128,3663006.3675294514,14.050463916645349,763420
2404,MD,NHGRI,889560.3295156731,1948057.1910967987,7.472306767931655,763420
2404,MD,NHLBI,13052945.742311276,28584778.316441115,109.64474423541473,763420
2404,MD,NIA,7249350.283262471,15875425.737316735,60.89454237940476,763420
2404,MD,NIAAA,1460328.5997323347,3197988.417066401,12.266760237751614,763420
2404,MD,NIAID,15070209.945934338,33002405.663143545,126.58976354584846,763420
2404,MD,NIAMS,811448.4580679763,1776999.2112894456,6.8161670477710015,763420
2404,MD,NIBIB,1472647.4308401938,3224965.5502965185,12.370238419057628,763420
2404,MD,NICHD,7690648.570995967,16841829.33504236,64.60144799636613,763420
2404,MD,NIDA,3615140.8989615454,7916833.733901465,30.367183551276984,763420
2404,MD,NIDCD,1932477.4080760516,4231951.882886126,16.232810227838836,763420
2404,MD,NIDCR,611411.1551092998,1338935.491959218,5.135853702918119,763420
2404,MD,NIDDK,3721784.3041495024,8150373.208927919,31.262988154855822,763420
2404,MD,NIEHS,2903068.9615108967,6357460.173387349,24.385779276691533,763420
2404,MD,NIGMS,5961164.050602471,13054413.636460688,50.07377802506077,763420
2404,MD,NIMH,4735222.358402093,10369711.486291066,39.77586781057759,763420
2404,MD,NIMHD,4058323.168475074,8887363.08244209,34.08991461519063,763420
2404,MD,NINDS,5742797.492483554,12576210.495286193,48.239498936861864,763420
2404,MD,NINR,386973.44176518056,847437.0663590347,3.250576910827517,763420
2404,MD,NLM,351905.0032743623,770640.3371031686,2.9560020275046437,763420
2404,MD,OD,8686436.581119856,19022515.601690494,72.9660672814068,763420
2405,MD,FIC,198308.60835152413,434278.03347066726,1.665792310152803,805367
2405,MD,NCATS,947858.4322071553,2075724.7976741677,7.962010830540105,805367
2405,MD,NCCIH,121070.10204029773,265132.64483684435,1.016988857138501,805367
2405,MD,NCI,6212467.15611553,13604744.856948243,52.18472411137046,805367
2405,MD,NEI,1201438.4039045265,2631042.1505198614,10.092082592798024,805367
2405,MD,NHGRI,618341.0827768296,1354111.4108694757,5.194065095325369,805367
2405,MD,NHLBI,8091770.90673171,17720251.20786239,67.97087561654637,805367
2405,MD,NIA,4998375.42116582,10945993.048391676,41.986353537792894,805367
2405,MD,NIAAA,945611.9412702671,2070805.1843785506,7.943140306670244,805367
2405,MD,NIAID,10708273.158360386,23450156.03576918,89.94949453022726,805367
2405,MD,NIAMS,677824.4438184045,1484374.6267333587,5.693725328074598,805367
2405,MD,NIBIB,965999.8836151543,2115452.9461759417,8.114399022367296,805367
2405,MD,NICHD,4601052.386681039,10075891.303928887,38.64884004812073,805367
2405,MD,NIDA,2662053.418447852,5829657.790286819,22.36124871496196,805367
2405,MD,NIDCD,1065303.7039009908,2332919.3897577194,8.948551112768323,805367
2405,MD,NIDCR,469707.4524994363,1028617.1158863073,3.945542600995265,805367
2405,MD,NIDDK,2703629.216496945,5920705.052263104,22.71048541857434,805367
2405,MD,NIEHS,1922424.9398657982,4209937.8807600215,16.148369494872707,805367
2405,MD,NIGMS,3577960.92655196,7835412.935093241,30.054871783036468,805367
2405,MD,NIMH,3343004.128884893,7320878.660007471,28.081234682633102,805367
2405,MD,NIMHD,1974678.867963404,4324369.288069988,16.587302490892593,805367
2405,MD,NINDS,4175849.8508936637,9144735.956697775,35.07713874750678,805367
2405,MD,NINR,302353.50664463517,662127.0118836135,2.5397694558149357,805367
2405,MD,NLM,251484.60750052583,550728.6935314303,2.1124707030044174,805367
2405,MD,OD,5084872.83686865,11135414.616643185,42.712931829696664,805367
2406,MD,FIC,101457.10744573278,222181.9489805138,0.8522397025441554,821685
2406,MD,NCATS,771312.2012374764,1689104.4152333613,6.479022490394803,821685
2406,MD,NCCIH,78964.2136060209,172924.53254774155,0.6632993942905756,821685
2406,MD,NCI,4810702.332773202,10535005.847987138,40.4098995952949,821685
2406,MD,NEI,934110.3989334514,2045617.8401203628,7.846527351040993,821685
2406,MD,NHGRI,659919.1742191825,1445163.6951709292,5.543321063441133,821685
2406,MD,NHLBI,27309953.489125647,59806344.23297198,229.40360930865546,821685
2406,MD,NIA,4514970.739070781,9887380.230441691,37.92575420819456,821685
2406,MD,NIAAA,639104.521473545,1399581.4759375262,5.3684779803777785,821685
2406,MD,NIAID,17636254.255827714,38621812.13249728,148.14453574895282,821685
2406,MD,NIAMS,475421.15216790925,1041129.6047615659,3.9935376782104384,821685
2406,MD,NIBIB,601324.2196462118,1316846.009646426,5.05112344502818,821685
2406,MD,NICHD,4553252.645874814,9971214.166560559,38.24732222534844,821685
2406,MD,NIDA,2339418.6900645867,5123116.725144246,19.65111699654253,821685
2406,MD,NIDCD,678119.1431855572,1485019.9918675101,5.696200802758681,821685
2406,MD,NIDCR,752079.6905106405,1646986.9448593645,6.317469400289381,821685
2406,MD,NIDDK,2470813.5856941445,5410859.740217698,20.754834119830814,821685
2406,MD,NIEHS,3101841.337932271,6792753.817259578,26.055467238631078,821685
2406,MD,NIGMS,4031094.94413877,8827735.717710108,33.86119753076567,821685
2406,MD,NIMH,3106215.12114332,6802332.009489914,26.09220701760389,821685
2406,MD,NIMHD,4369471.114033334,9568749.12533114,36.70355735788001,821685
2406,MD,NINDS,3654048.843323604,8002038.636020437,30.694010283918278,821685
2406,MD,NINR,197462.1552270265,432424.3771852057,1.6586821039070228,821685
2406,MD,NLM,172084.43778233964,376849.45627044176,1.4455092773716531,821685
2406,MD,OD,5770195.555380786,12636209.791205935,48.469642665198606,821685
2407,MD,FIC,1536862.2053205424,3365590.1364549533,12.909642524692558,741484
2407,MD,NCATS,7211117.489684294,15791699.354749475,60.573386913348074,741484
2407,MD,NCCIH,1036686.5152437316,2270250.317966827,8.708166728047345,741484
2407,MD,NCI,43645617.59888439,95579980.80878864,366.6231878306289,741484
2407,MD,NEI,13562319.980777983,29700262.129376862,113.92348783853507,741484
2407,MD,NHGRI,6140558.929349249,13447272.30157098,51.5806950065337,741484
2407,MD,NHLBI,39288181.58650823,86037587.47468483,330.02072532666915,741484
2407,MD,NIA,54042385.82868501,118347969.04097182,453.9560409609541,741484
2407,MD,NIAAA,5113127.765071007,11197290.370588388,42.950273226596465,741484
2407,MD,NIAID,78585574.60013069,172095347.14706638,660.1188266410979,741484
2407,MD,NIAMS,6269384.675168535,13729389.109408291,52.6628312714157,741484
2407,MD,NIBIB,9170455.280167842,20082473.06159556,77.03182435340989,741484
2407,MD,NICHD,17466358.48362798,38249755.65719241,146.71741126247503,741484
2407,MD,NIDA,27316425.308270294,59820516.935380004,229.4579725894705,741484
2407,MD,NIDCD,8151744.58270183,17851588.169363037,68.47465449469539,741484
2407,MD,NIDCR,3646444.100583083,7985384.932735153,30.6301304448979,741484
2407,MD,NIDDK,19002066.147544544,41612817.4517128,159.61735563937418,741484
2407,MD,NIEHS,5511093.5872703325,12068799.762388987,46.2931861330708,741484
2407,MD,NIGMS,27061063.623140242,59261297.79021079,227.31293443437806,741484
2407,MD,NIMH,25584967.6247249,56028780.18679224,214.91372804768918,741484
2407,MD,NIMHD,7485434.622822355,16392429.227833638,62.87765083170778,741484
2407,MD,NINDS,40368157.13143499,88402636.87796558,339.092519904054,741484
2407,MD,NINR,2800446.0059759696,6132725.121847599,23.523746450198146,741484
2407,MD,NLM,900655.842015981,1972355.3664964342,7.565509072934241,741484
2407,MD,OD,25455775.068388656,55745860.09688219,213.82851057446473,741484
2408,MD,FIC,224594.8212113352,491842.4777126178,1.886596498175216,773463
2408,MD,NCATS,1843789.4650201239,4037733.2565589505,15.487831506169043,773463
2408,MD,NCCIH,207667.3797672581,454772.901948197,1.7444059900449682,773463
2408,MD,NCI,10183330.757341914,22300579.345706545,85.53997836167208,773463
2408,MD,NEI,1692583.06084683,3706604.817917753,14.217697711113374,773463
2408,MD,NHGRI,1071548.6872177683,2346595.3420848106,9.001008972629254,773463
2408,MD,NHLBI,31963410.959147662,69996997.96061191,268.49265205684037,773463
2408,MD,NIA,8907264.97074661,19506109.932661775,74.82102575427153,773463
2408,MD,NIAAA,1642089.9676010974,3596029.4807153563,13.79355572784922,773463
2408,MD,NIAID,25012989.560109343,54776199.619793914,210.1091123049185,773463
2408,MD,NIAMS,944363.1728885337,2068070.4938293726,7.932650652263684,773463
2408,MD,NIBIB,1335061.5986849584,2923664.9405121645,11.214517428953652,773463
2408,MD,NICHD,8707343.454805676,19068299.776496477,73.14168502036769,773463
2408,MD,NIDA,4708963.32401554,10312206.560463456,39.55529192173054,773463
2408,MD,NIDCD,1826797.8668658724,4000523.1833639843,15.34510208167333,773463
2408,MD,NIDCR,1214150.643134951,2658880.8121891087,10.198865402333588,773463
2408,MD,NIDDK,4294153.97541773,9403811.359308181,36.07089339350894,773463
2408,MD,NIEHS,5524066.815187668,12097209.965831697,46.40216124757642,773463
2408,MD,NIGMS,7093389.427141091,15533885.476115692,59.58447118798517,773463
2408,MD,NIMH,5875983.296812339,12867875.439490665,49.35825969322365,773463
2408,MD,NIMHD,5796628.353020811,12694095.242945328,48.691678165374825,773463
2408,MD,NINDS,7128000.742747732,15609681.147329526,59.87520623908096,773463
2408,MD,NINR,417566.4309629972,914432.9638001913,3.507558020089177,773463
2408,MD,NLM,388985.9669361511,851844.3156500491,3.2674821222636696,773463
2408,MD,OD,12756234.154746408,27935006.600393265,107.15236689986983,773463
2501,MA,FIC,38918.37351738645,87176.6545947274,0.30745515078735297,779993
2501,MA,NCATS,1317744.0129225778,2951729.5887892507,10.410177702088365,779993
2501,MA,NCCIH,295164.76267279993,661165.260479502,2.3318016251151197,779993
2501,MA,NCI,6302701.939883592,14117971.034459826,49.79134532508038,779993
2501,MA,NEI,927848.7008697904,2078369.1198132113,7.330004736871345,779993
2501,MA,NHGRI,1180749.7283942278,2644864.158802962,9.3279228543144,779993
2501,MA,NHLBI,7608314.483099071,17042526.28761273,60.10568441648267,779993
2501,MA,NIA,8201306.7074904395,18370821.220082894,64.79032298917447,779993
2501,MA,NIAAA,1039768.0701074995,2329067.063038839,8.214167753849246,779993
2501,MA,NIAID,9415855.450345766,21091394.735239122,74.38525805773156,779993
2501,MA,NIAMS,1232215.533284316,2760146.8977986835,9.734502712946098,779993
2501,MA,NIBIB,5166603.187224314,11573124.485262884,40.81616517907208,779993
2501,MA,NICHD,3454503.0611373624,7738042.290556239,27.290574182985164,779993
2501,MA,NIDA,4076095.9198052078,9130402.27483019,32.201157766461144,779993
2501,MA,NIDCD,1258226.593198003,2818411.336437807,9.939990086264224,779993
2501,MA,NIDCR,687787.1153499081,1540634.2652725894,5.433518211264275,779993
2501,MA,NIDDK,4020298.9887166712,9005417.869025612,31.760362010861705,779993
2501,MA,NIEHS,1222549.550685376,2738495.221477472,9.65814145041447,779993
2501,MA,NIGMS,9938217.428340875,22261478.826979354,78.51191768389292,779993
2501,MA,NIMH,4903016.79415722,10982694.365309011,38.733832673842045,779993
2501,MA,NIMHD,429060.47489243967,961089.9284688241,3.3895777516502736,779993
2501,MA,NINDS,4538026.831875935,10165121.55851832,35.85041197181989,779993
2501,MA,NINR,346374.63688301307,775874.7180540536,2.7363596313758034,779993
2501,MA,NLM,449459.74052018987,1006784.0203049595,3.5507319501095003,779993
2501,MA,OD,3903825.7211925136,8744519.252387982,30.84022319742086,779993
2502,MA,FIC,81931.05997389475,183524.5173525373,0.6472553737937685,801772
2502,MA,NCATS,4416593.343522529,9893112.111214763,34.89108741382798,801772
2502,MA,NCCIH,615472.9841369672,1378651.5442770154,4.862236574682042,801772
2502,MA,NCI,17881703.873545278,40054785.985669345,141.2654606010077,801772
2502,MA,NEI,2312968.0932852887,5181018.689459808,18.272447936953782,801772
2502,MA,NHGRI,3633899.228029416,8139887.390012411,28.70780390143239,801772
2502,MA,NHLBI,16976419.14680114,38026959.87680076,134.11371125972903,801772
2502,MA,NIA,20000394.03519471,44800624.614635855,158.00311287803822,801772
2502,MA,NIAAA,2464084.669126501,5519517.869795851,19.466268886099357,801772
2502,MA,NIAID,30910648.616449635,69239454.1239343,244.19412406995212,801772
2502,MA,NIAMS,3443084.5042778053,7712464.870501129,27.200367583794666,801772
2502,MA,NIBIB,17857958.412758864,40001596.45984692,141.07787146079505,801772
2502,MA,NICHD,8542043.927112704,19134068.19620094,67.48214702419037,801772
2502,MA,NIDA,4809251.5695575755,10772661.471866831,37.99308739950485,801772
2502,MA,NIDCD,2065017.30364585,4625612.119469654,16.313636698802217,801772
2502,MA,NIDCR,1333889.3105130661,2987894.847102173,10.537725553053223,801772
2502,MA,NIDDK,11436942.047334107,25618602.638544064,90.35184217393945,801772
2502,MA,NIEHS,2128230.0574444,4767207.872473461,16.81301745381076,801772
2502,MA,NIGMS,23282766.669021226,52153096.968662836,183.9338566852677,801772
2502,MA,NIMH,11290942.411426578,25291565.337646052,89.19844505026997,801772
2502,MA,NIMHD,1152386.5351997835,2581330.97195971,9.10385362807829,801772
2502,MA,NINDS,11906660.320319284,26670765.51021616,94.06261653052235,801772
2502,MA,NINR,1080329.5096334845,2419924.164295705,8.534603126104528,801772
2502,MA,NLM,1475934.2476610094,3306073.6737981043,11.659880556521975,801772
2502,MA,OD,11791270.823149836,26412294.525191404,93.1510395028837,801772
2503,MA,FIC,117517.05798050563,263236.6937939568,0.9283847580459945,792213
2503,MA,NCATS,2667263.7763626645,5974636.448800167,21.071383833265052,792213
2503,MA,NCCIH,1010610.7148691519,2263754.963462693,7.983824647466301,792213
2503,MA,NCI,19751125.138306983,44242265.50141437,156.03388859262517,792213
2503,MA,NEI,3453713.7484520776,7736274.240324089,27.284338612771414,792213
2503,MA,NHGRI,4042019.513041292,9054071.563297238,31.931954153026208,792213
2503,MA,NHLBI,15769906.935084146,35324388.08771546,124.58226478716476,792213
2503,MA,NIA,18704875.167144727,41898679.0636356,147.76851382044336,792213
2503,MA,NIAAA,1547669.1002736196,3466758.818202185,12.226585892161596,792213
2503,MA,NIAID,22186728.428914316,49697985.4507643,175.2751545884231,792213
2503,MA,NIAMS,2954010.05473888,6616944.413061814,23.336679432437155,792213
2503,MA,NIBIB,6690541.318789969,14986726.23971141,52.85527641844076,792213
2503,MA,NICHD,6299287.281364261,14110322.243428884,49.76436952277767,792213
2503,MA,NIDA,6183394.119159957,13850723.055223811,48.84881354136367,792213
2503,MA,NIDCD,3100465.565591272,6945002.867955093,24.49367796817105,792213
2503,MA,NIDCR,1963181.3316149008,4397500.855901706,15.509132519757717,792213
2503,MA,NIDDK,9156415.94793841,20510253.596864212,72.33568598871345,792213
2503,MA,NIEHS,2545029.049187688,5700832.236873038,20.10572948858274,792213
2503,MA,NIGMS,13205327.06823973,29579762.27151559,104.32208383909388,792213
2503,MA,NIMH,13779585.712310351,30866094.22574837,108.85872712725178,792213
2503,MA,NIMHD,946271.4909430057,2119635.9319056123,7.475544778449745,792213
2503,MA,NINDS,12215216.507338518,27361927.388469502,96.50021040797431,792213
2503,MA,NINR,580030.4589615582,1299260.7451265515,4.5822406257963095,792213
2503,MA,NLM,501710.48287186323,1123825.009088188,3.9635128146877197,792213
2503,MA,OD,14539791.475178817,32568945.327192757,114.86435265391266,792213
2504,MA,FIC,496028.88548829965,1111098.3042470424,3.9186281953575675,802402
2504,MA,NCATS,6629610.237775219,14850241.404307554,52.37392087842423,802402
2504,MA,NCCIH,2170070.7248117235,4860930.427591663,17.143558726012618,802402
2504,MA,NCI,56399937.94306634,126335133.37935963,445.55950975022415,802402
2504,MA,NEI,7321631.961218959,16400361.137079835,57.84089249362978,802402
2504,MA,NHGRI,7736934.6276562065,17330633.75209791,61.12178355848403,802402
2504,MA,NHLBI,42912377.09357951,96123171.07893609,339.00777903927815,802402
2504,MA,NIA,41711890.83680804,93434097.35118818,329.52393761078355,802402
2504,MA,NIAAA,3534306.5254917713,7916801.021169146,27.921021551384996,802402
2504,MA,NIAID,54992258.623694256,123181949.8643749,434.43884312718467,802402
2504,MA,NIAMS,8277809.209519009,18542185.83767149,65.39469275520018,802402
2504,MA,NIBIB,8136367.202921137,18225357.567629337,64.27730090307699,802402
2504,MA,NICHD,15791449.93709278,35372644.13428948,124.75245450303296,802402
2504,MA,NIDA,11545087.478333069,25860847.00880231,91.20619107883125,802402
2504,MA,NIDCD,5289507.317278208,11848428.151002852,41.78710780649785,802402
2504,MA,NIDCR,3236709.1265034983,7250186.686726317,25.57000209937764,802402
2504,MA,NIDDK,25482562.117242157,57080610.39321378,201.31224072621305,802402
2504,MA,NIEHS,5589600.776881361,12520633.629021445,44.15784613736276,802402
2504,MA,NIGMS,25673672.599000454,57508695.40684448,202.8220135321036,802402
2504,MA,NIMH,25677085.889127295,57516341.1326939,202.84897852410566,802402
2504,MA,NIMHD,2873736.2114160624,6437132.039628011,22.702516070186896,802402
2504,MA,NINDS,25948909.191172738,58125221.822495274,204.99638261026465,802402
2504,MA,NINR,1267247.3831614237,2838617.789579056,10.011254326975248,802402
2504,MA,NLM,1113061.6943234538,2493243.8357247673,8.793187385155285,802402
2504,MA,OD,26584339.246342316,59548576.94842005,210.01628004610433,802402
2505,MA,FIC,529443.3504640114,1185946.2747140997,4.18260246866569,790877
2505,MA,NCATS,9421722.940856164,21104537.83828618,74.4316112327637,790877
2505,MA,NCCIH,3402332.1358730756,7621180.09101904,26.8784238733973,790877
2505,MA,NCI,79409135.88127463,177875439.9202996,627.3321734620696,790877
2505,MA,NEI,13431162.309624575,30085630.298727166,106.10618224603415,790877
2505,MA,NHGRI,15128964.35689297,33888684.98133913,119.51881841945446,790877
2505,MA,NHLBI,57966058.585107334,129843223.4130782,457.93186282234797,790877
2505,MA,NIA,72191530.3757116,161708096.70184836,570.3130899681217,790877
2505,MA,NIAAA,4288204.141477638,9605521.954977632,33.87681271767334,790877
2505,MA,NIAID,76255629.86307248,170811627.1227687,602.4194759182727,790877
2505,MA,NIAMS,10855064.10919751,24315203.563899674,85.75500646266033,790877
2505,MA,NIBIB,13644287.991867386,30563029.077426046,107.78987513575235,790877
2505,MA,NICHD,21881406.483236656,49014068.23139127,172.86311121756958,790877
2505,MA,NIDA,20463136.17899354,45837161.04692927,161.658775814049,790877
2505,MA,NIDCD,10296313.255044866,23063608.85901785,81.34087471485445,790877
2505,MA,NIDCR,6127818.699566339,13726234.83231014,48.40976772657408,790877
2505,MA,NIDDK,34745209.83409802,77828821.78196172,274.4871576893744,790877
2505,MA,NIEHS,7254739.467639358,16250522.814438634,57.31244179435093,790877
2505,MA,NIGMS,38439235.74863098,86103392.17405035,303.66996241418474,790877
2505,MA,NIMH,51246047.57831262,114790485.45242332,404.84377586866975,790877
2505,MA,NIMHD,3454157.1426487183,7737267.437604356,27.287841426924878,790877
2505,MA,NINDS,45234868.472317815,101325521.80495116,357.35546093131074,790877
2505,MA,NINR,1578810.6816580396,3536515.5587471193,12.472604385098514,790877
2505,MA,NLM,1174991.8253132438,2631966.5301840114,9.282435419974627,790877
2505,MA,OD,56253884.9175059,126007976.48632787,444.4056908482966,790877
2506,MA,FIC,216231.74251639005,484356.3136405516,1.7082307658794815,796651
2506,MA,NCATS,3803229.37577196,8519184.736434951,30.045512068598484,796651
2506,MA,NCCIH,1610355.254530593,3607174.9950264976,12.721806510791685,796651
2506,MA,NCI,32894129.96952183,73682426.76601066,259.8636267592225,796651
2506,MA,NEI,6592978.222737624,14768186.163211351,52.08452795962724,796651
2506,MA,NHGRI,5543728.255283715,12417879.772442093,43.79545321674135,796651
2506,MA,NHLBI,26394382.16137094,59123075.52871213,208.51561907483045,796651
2506,MA,NIA,30269793.58918087,67803947.13049467,239.1313693545289,796651
2506,MA,NIAAA,1763447.9870370936,3950100.7407984766,13.931239097593041,796651
2506,MA,NIAID,32076917.620195415,71851881.64633992,253.40764919954378,796651
2506,MA,NIAMS,4697132.457846827,10521516.108078463,37.107346416989934,796651
2506,MA,NIBIB,7245808.857208213,16230518.36228628,57.241889971944886,796651
2506,MA,NICHD,9109918.910283115,20406100.83237258,71.96835939123662,796651
2506,MA,NIDA,8412622.128549121,18844165.037083425,66.45971481553806,796651
2506,MA,NIDCD,5255428.2676024735,11772091.519381521,41.517883314059546,796651
2506,MA,NIDCR,2771268.7749191606,6207606.303802825,21.89302332186137,796651
2506,MA,NIDDK,15694508.053452712,35155495.56557869,123.98661362227644,796651
2506,MA,NIEHS,2811124.4535173206,6296882.509686353,22.207883182786833,796651
2506,MA,NIGMS,14870814.086170051,33310431.705305032,117.47943128074341,796651
2506,MA,NIMH,19017041.263298623,42597927.09177931,150.23462598005912,796651
2506,MA,NIMHD,1334352.5715654918,2988932.5458830963,10.541385315367386,796651
2506,MA,NINDS,20756577.848550845,46494466.60105961,163.9769650035517,796651
2506,MA,NINR,708617.2773746137,1587293.5594789293,5.598076491259448,796651
2506,MA,NLM,480974.9562205424,1077377.696897343,3.799702154142285,796651
2506,MA,OD,24038957.020086784,53846953.59947136,189.9077604586856,796651
2507,MA,FIC,917778.4182695122,2055811.8167048593,7.250449504329147,789900
2507,MA,NCATS,15970433.095267465,35773564.09954696,126.16642145261298,789900
2507,MA,NCCIH,4378772.189745218,9808393.21468262,34.59230029898722,789900
2507,MA,NCI,117445408.91884626,263076200.82018116,927.8187304588855,789900
2507,MA,NEI,18321209.462246507,41039272.83431791,144.7375547517474,789900
2507,MA,NHGRI,19121177.337957174,42831190.55555956,151.05730096986167,789900
2507,MA,NHLBI,89132703.09207538,199656105.02918205,704.1483544273956,789900
2507,MA,NIA,100089400.28868368,224198965.39771792,790.7062622806012,789900
2507,MA,NIAAA,6824563.383532792,15286933.935722593,53.914050729909064,789900
2507,MA,NIAID,113042895.16336095,253214626.80452964,893.0388717905516,789900
2507,MA,NIAMS,17505087.75359476,39211170.73568812,138.29019325339863,789900
2507,MA,NIBIB,17374139.985270064,38917849.42399218,137.2557058836335,789900
2507,MA,NICHD,31027470.416969594,69501133.44998612,245.1170162940598,789900
2507,MA,NIDA,27418458.70471316,61416993.77423243,216.60582376723397,789900
2507,MA,NIDCD,14553532.880665174,32599725.89820493,114.97290975725488,789900
2507,MA,NIDCR,8446291.709221143,18919584.46341898,66.72570450284704,789900
2507,MA,NIDDK,50839632.32060197,113880120.51829675,401.6330953327556,789900
2507,MA,NIEHS,11702221.416194877,26212825.002434764,92.44754918793953,789900
2507,MA,NIGMS,51176599.87888475,114634923.50164658,404.2951390431895,789900
2507,MA,NIMH,60664822.13187251,135888418.94120285,479.2520948417929,789900
2507,MA,NIMHD,5051964.941375485,11316336.293504454,39.91052303686633,789900
2507,MA,NINDS,61113525.45506691,136893508.59645656,482.7968510950286,789900
2507,MA,NINR,2097829.1407102216,4699110.211189785,16.572850211610753,789900
2507,MA,NLM,1937078.004401024,4339029.739700493,15.302916234768091,789900
2507,MA,OD,68917090.25545947,154373393.075891,544.4450130181299,789900
2508,MA,FIC,628029.1959480514,1406777.2967467098,4.961430647989607,784982
2508,MA,NCATS,11380107.668991571,25491294.364274587,89.90285058503342,784982
2508,MA,NCCIH,2892197.128328409,6478484.255348193,22.848357313794434,784982
2508,MA,NCI,76001454.25531441,170242277.04049888,600.4114886169839,784982
2508,MA,NEI,11973056.988859512,26819493.191165783,94.58715021199015,784982
2508,MA,NHGRI,10003280.766209947,22407219.86442683,79.02591805305859,784982
2508,MA,NHLBI,61368434.417390145,137464501.38349134,484.81063189738217,784982
2508,MA,NIA,65370008.20296374,146427975.03904948,516.4230648034136,784982
2508,MA,NIAAA,4332372.369919315,9704458.216874624,34.22574172236259,784982
2508,MA,NIAID,76610584.95855895,171606721.95739836,605.2236211726157,784982
2508,MA,NIAMS,11657914.746203966,26113578.63325352,92.09752649501134,784982
2508,MA,NIBIB,11093001.708613764,24848180.71696962,87.63471349804874,784982
2508,MA,NICHD,20721550.381300174,46416005.526305914,163.70024801227137,784982
2508,MA,NIDA,17256121.663332228,38653489.90540058,136.3233611403246,784982
2508,MA,NIDCD,8701731.117986746,19491765.443641398,68.7436758320953,784982
2508,MA,NIDCR,5614819.501628443,12577123.247109253,44.3570740628647,784982
2508,MA,NIDDK,34620921.613917924,77550417.77219515,273.5052807499516,784982
2508,MA,NIEHS,7401125.948451904,16578426.642933212,58.468894992770046,784982
2508,MA,NIGMS,29569130.252813168,66234470.29625778,233.59612899722404,784982
2508,MA,NIMH,33709556.2899898,75508971.20407996,266.30549469091943,784982
2508,MA,NIMHD,3660804.0793104726,8200153.90978368,28.920352226552737,784982
2508,MA,NINDS,39359402.93379778,88164554.79778776,310.93928317700244,784982
2508,MA,NINR,1549919.1170691769,3471798.826796866,12.244361024846498,784982
2508,MA,NLM,1324316.06838047,2966450.9082291317,10.462096940205713,784982
2508,MA,OD,39714581.96226469,88960151.23940466,313.745197501891,784982
2509,MA,FIC,149261.64042992477,334344.14894519915,1.1791669593964058,797381
2509,MA,NCATS,2550611.2716687354,5713336.343214578,20.14982904618301,797381
2509,MA,NCCIH,684948.4356151676,1534275.6592884525,5.411092641359825,797381
2509,MA,NCI,16396024.511789331,36726883.38201987,129.52859364313574,797381
2509,MA,NEI,2545691.5758693344,5702316.288092698,20.110963449367745,797381
2509,MA,NHGRI,2065549.1496517898,4626803.447661637,16.31783828224914,797381
2509,MA,NHLBI,13989135.873061547,31335483.88243368,110.51417339718623,797381
2509,MA,NIA,15600565.906513557,34945066.368378475,123.24447066145711,797381
2509,MA,NIAAA,1251766.0828582684,2803939.87662356,9.88895205458032,797381
2509,MA,NIAID,17937228.35742691,40179160.11324529,141.7041040236726,797381
2509,MA,NIAMS,2631519.2051355867,5894569.070390647,20.789001720571136,797381
2509,MA,NIBIB,3535115.9848772404,7918614.199749797,27.927416280530203,797381
2509,MA,NICHD,5812555.898929816,13020050.226075798,45.91919160154555,797381
2509,MA,NIDA,4574377.920211078,10246547.527425254,36.137585569667515,797381
2509,MA,NIDCD,1979600.6813309037,4434279.987440247,15.63884538251414,797381
2509,MA,NIDCR,1286788.7645389154,2882390.231762139,10.165631239857433,797381
2509,MA,NIDDK,8171466.308866357,18303979.112134613,64.55458384004423,797381
2509,MA,NIEHS,3030524.947137243,6788336.7849189,23.941147082384223,797381
2509,MA,NIGMS,9551889.25484414,21396108.702349376,75.45992511326871,797381
2509,MA,NIMH,8767334.655390961,19638716.5210785,69.2619437775886,797381
2509,MA,NIMHD,873117.1016300878,1955771.0436062224,6.8976251028776945,797381
2509,MA,NINDS,10867259.01689589,24342519.99981808,85.85134623347754,797381
2509,MA,NINR,416162.72145145637,932199.1271543691,3.2876854994665057,797381
2509,MA,NLM,363171.8748388675,813500.3143747423,2.8690578112270537,797381
2509,MA,OD,10035760.063725635,22479973.071847986,79.28250450343252,797381
2601,MI,FIC,4663.296867652769,11880.414822534874,0.04523397961623185,787617
2601,MI,NCATS,94800.43411833917,241517.6461302913,0.9195642109478898,787617
2601,MI,NCCIH,18204.41296974116,46378.34215133716,0.17658280580648922,787617
2601,MI,NCI,835167.5305709166,2127708.5699433046,8.10112504653789,787617
2601,MI,NEI,248666.22072721546,633512.7139521658,2.4120623410539896,787617
2601,MI,NHGRI,42321.26205355054,107819.45976826941,0.4105162419194402,787617
2601,MI,NHLBI,1486322.7156685165,3786619.407566604,14.417330341984608,787617
2601,MI,NIA,890994.152831548,2269934.86379088,8.642643282466015,787617
2601,MI,NIAAA,64381.71098063734,164021.60427318382,0.6245025965121821,787617
2601,MI,NIAID,518731.3465236884,1321542.194944039,5.031694061279777,787617
2601,MI,NIAMS,107065.23182046862,272763.97004042077,1.0385327486585454,787617
2601,MI,NIBIB,421033.6021219835,1072643.2370480853,4.084025940583239,787617
2601,MI,NICHD,266095.37616379734,677915.9768088271,2.581125148788834,787617
2601,MI,NIDA,352780.4953405652,898758.699026348,3.421970804803482,787617
2601,MI,NIDCD,66677.99458251338,169871.7147239481,0.6467765474503797,787617
2601,MI,NIDCR,136593.4055008354,347991.2099590299,1.3249560333581032,787617
2601,MI,NIDDK,761920.6577023828,1941101.699561993,7.390630379713111,787617
2601,MI,NIEHS,133670.9714632498,340545.89184110187,1.2966084231935229,787617
2601,MI,NIGMS,1762084.178388166,4489161.12047013,17.092216530365206,787617
2601,MI,NIMH,190654.95957305742,485720.74049440416,1.8493531078586567,787617
2601,MI,NIMHD,49520.719439353044,126161.10574706132,0.4803509785617245,787617
2601,MI,NINDS,619421.4779113056,1578064.686085065,6.008388335739664,787617
2601,MI,NINR,26339.888412661265,67104.62782079013,0.25549691760281423,787617
2601,MI,NLM,23183.130124807354,59062.33520709759,0.22487636221063131,787617
2601,MI,OD,269572.17972284625,686773.6304625088,2.6148501433116085,787617
2602,MI,FIC,7274.791900819643,18533.571415721795,0.07056548143795052,788872
2602,MI,NCATS,118914.26060840122,302951.0632579394,1.1534683279014917,788872
2602,MI,NCCIH,37950.74954514083,96684.95491888803,0.368122270587866,788872
2602,MI,NCI,2417744.426677155,6159549.250025387,23.4521209387684,788872
2602,MI,NEI,240066.997917614,611604.9656297023,2.3286498798008557,788872
2602,MI,NHGRI,86057.66518249972,219244.19354874353,0.8347593522702472,788872
2602,MI,NHLBI,1033724.3495288861,2633560.4258323307,10.027126190430193,788872
2602,MI,NIA,1496019.989280915,3811324.597142258,14.511393896024872,788872
2602,MI,NIAAA,112934.20851302848,287716.0264224747,1.0954618225763761,788872
2602,MI,NIAID,1075440.959301892,2739839.4475542703,10.431777305228351,788872
2602,MI,NIAMS,221329.0860407112,563867.4588134658,2.1468921345948986,788872
2602,MI,NIBIB,514225.1805276271,1310062.0934596667,4.987984251117982,788872
2602,MI,NICHD,913086.9169098858,2326219.3357591345,8.85694309402589,788872
2602,MI,NIDA,297525.29126776586,757988.1746271377,2.8859953252973285,788872
2602,MI,NIDCD,236624.81689515873,602835.5178330815,2.295260723883039,788872
2602,MI,NIDCR,209957.83145401135,534897.5636134106,2.0365909651039096,788872
2602,MI,NIDDK,792682.1062585082,2019470.8833735283,7.689016430707528,788872
2602,MI,NIEHS,480202.59143884876,1223384.6883570428,4.6579651369568325,788872
2602,MI,NIGMS,1809887.7486498684,4610947.543429104,17.555911161903722,788872
2602,MI,NIMH,687353.005082648,1751129.9541193668,6.667324149301685,788872
2602,MI,NIMHD,129056.15072850249,328788.9768909221,1.2518446620664738,788872
2602,MI,NINDS,1861813.6123023832,4743236.097582589,18.059592039333115,788872
2602,MI,NINR,58032.430029904295,147845.90419224618,0.5629145712900716,788872
2602,MI,NLM,16982.67726214645,43265.79593743203,0.16473196944282056,788872
2602,MI,OD,1448233.7637775335,3689582.362432435,14.047867508642073,788872
2603,MI,FIC,9932.439109185329,25304.30726707852,0.09634465935909767,791175
2603,MI,NCATS,157281.55502576847,400697.2257333475,1.5256310837499538,791175
2603,MI,NCCIH,29882.17754982708,76129.11533793839,0.2898571222333226,791175
2603,MI,NCI,6969030.385606673,17754600.284225866,67.59959474038472,791175
2603,MI,NEI,164918.17289249034,420152.6004763035,1.5997062770571562,791175
2603,MI,NHGRI,171371.6056998734,436593.6422879215,1.662304575288772,791175
2603,MI,NHLBI,1311172.6439235169,3340399.583355687,12.71837464605811,791175
2603,MI,NIA,3322944.8722341484,8465676.673599321,32.23256526067124,791175
2603,MI,NIAAA,109224.86114169507,278265.93419308984,1.0594811530744421,791175
2603,MI,NIAID,1469589.368295178,3743988.815132351,14.255016872463225,791175
2603,MI,NIAMS,472863.3905416326,1204687.0258235538,4.586774888253836,791175
2603,MI,NIBIB,166936.586111503,425294.796438884,1.619284885281579,791175
2603,MI,NICHD,469893.90713681624,1197121.8427226099,4.557970899227117,791175
2603,MI,NIDA,282604.69148210075,719975.8155846926,2.7412655073763768,791175
2603,MI,NIDCD,276556.0242150349,704565.9717991304,2.6825934348858382,791175
2603,MI,NIDCR,261301.26664649424,665702.2980775198,2.5346222864709937,791175
2603,MI,NIDDK,1017621.5350914913,2592536.206110534,9.870928890387464,791175
2603,MI,NIEHS,871997.940500257,2221539.299674396,8.458380022852491,791175
2603,MI,NIGMS,2853359.9917209963,7269342.1203383375,27.67759191969366,791175
2603,MI,NIMH,827612.3233931217,2108460.6005581655,8.02783953691328,791175
2603,MI,NIMHD,86096.04649241899,219341.9754177118,0.835131650976464,791175
2603,MI,NINDS,3245759.607519826,8269036.187475847,31.483868192942307,791175
2603,MI,NINR,41097.576681469924,104701.94650561857,0.3986464938102582,791175
2603,MI,NLM,18794.394402727325,47881.40411809486,0.18230562570645503,791175
2603,MI,OD,1850267.2688124585,4713820.138393864,17.947592507480845,791175
2604,MI,FIC,8829.26243332049,22493.807120126417,0.08564384560320873,785367
2604,MI,NCATS,166140.98154119417,423267.88016093074,1.6115675209495832,785367
2604,MI,NCCIH,35434.917637518556,90275.51380145682,0.34371870108392993,785367
2604,MI,NCI,2168139.919280121,5523646.116767683,21.03095721701717,785367
2604,MI,NEI,281561.27013915457,717317.5506831217,2.731144320349799,785367
2604,MI,NHGRI,86083.85123363657,219310.90625413178,0.8350133569662745,785367
2604,MI,NHLBI,1492188.596209603,3801563.5760605605,14.474229383233146,785367
2604,MI,NIA,1885821.5423913847,4804399.7285035,18.29246896119643,785367
2604,MI,NIAAA,119634.01860092109,304784.74954591424,1.1604499804289343,785367
2604,MI,NIAID,1967212.9092372865,5011755.860558875,19.081965219601678,785367
2604,MI,NIAMS,230736.24594596145,587833.5422836234,2.2381415856758258,785367
2604,MI,NIBIB,123710.03409971834,315168.98120071064,1.1999873307672677,785367
2604,MI,NICHD,659761.5944719204,1680836.894745832,6.399687466377627,785367
2604,MI,NIDA,464364.2835576117,1183034.3368661606,4.504333550508833,785367
2604,MI,NIDCD,226391.31836088418,576764.2186806904,2.1959957881005763,785367
2604,MI,NIDCR,223558.88567892511,569548.191870989,2.1685211910855733,785367
2604,MI,NIDDK,895505.3746347812,2281427.8456661366,8.686402133957376,785367
2604,MI,NIEHS,369901.6376545654,942377.2544601476,3.588045885249284,785367
2604,MI,NIGMS,1507340.9143435985,3840166.2706913864,14.621206869132903,785367
2604,MI,NIMH,533925.3650170903,1360251.1271964563,5.179076040665776,785367
2604,MI,NIMHD,113371.70023702126,288830.59907567926,1.099705492299106,785367
2604,MI,NINDS,1232783.3857576295,3140691.7519496456,11.957998841849005,785367
2604,MI,NINR,51567.56063519697,131375.72604094775,0.5002053381614106,785367
2604,MI,NLM,20450.158118347426,52099.698674059895,0.19836653374797,785367
2604,MI,OD,826910.5606286089,2106672.759683772,8.021032438097505,785367
2605,MI,FIC,40180.38955549862,102365.28130164834,0.3897497786883366,775260
2605,MI,NCATS,985628.1310587523,2511028.4397638426,9.560592871269895,775260
2605,MI,NCCIH,199235.21116003612,507580.15691760293,1.93258154825235,775260
2605,MI,NCI,6328029.562522673,16121559.13416558,61.38188675646992,775260
2605,MI,NEI,959921.0993523351,2445536.10479225,9.311234663717649,775260
2605,MI,NHGRI,364056.97598880756,927487.1440817532,3.531352667091433,775260
2605,MI,NHLBI,5558608.919144157,14161350.149881141,53.91850651569832,775260
2605,MI,NIA,7156433.36445072,18232036.139337245,69.41740363517198,775260
2605,MI,NIAAA,713768.9415521583,1818428.3252268177,6.923558733055935,775260
2605,MI,NIAID,4323355.248723162,11014364.994924258,41.93654591261467,775260
2605,MI,NIAMS,976186.2781640487,2486973.970947901,9.469006898191271,775260
2605,MI,NIBIB,581062.9929574911,1480340.9669763006,5.636311031687662,775260
2605,MI,NICHD,3128792.7368188375,7971046.378150027,30.349289547142718,775260
2605,MI,NIDA,1833175.1668087193,4670275.567298242,17.781799118044574,775260
2605,MI,NIDCD,659029.7389121103,1678972.3881773066,6.392588467447469,775260
2605,MI,NIDCR,1430771.6290721158,3645095.0801780312,13.878484801999521,775260
2605,MI,NIDDK,5348000.928019885,13624796.211646343,51.875609001792874,775260
2605,MI,NIEHS,1092617.9837711416,2783600.370760138,10.598394442580073,775260
2605,MI,NIGMS,5137217.176479954,13087794.498649038,49.83100661185555,775260
2605,MI,NIMH,2081708.677216048,5303450.182755666,20.192574168995662,775260
2605,MI,NIMHD,491639.9061184475,1252522.8810790288,4.76890708934894,775260
2605,MI,NINDS,3771298.169108408,9607920.735062739,36.581592240351554,775260
2605,MI,NINR,293937.1298329928,748846.8208799587,2.8511901593800295,775260
2605,MI,NLM,105364.73529368153,268431.71225888276,1.0220379323487108,775260
2605,MI,OD,2434029.9824531954,6201039.029408075,23.610090829795993,775260
2606,MI,FIC,375701.28845044854,957152.6932186965,3.6443024979693504,768949
2606,MI,NCATS,9531998.143290231,24284126.712035943,92.46038198991523,768949
2606,MI,NCCIH,1797442.6423213086,4579241.857539913,17.43519363051669,768949
2606,MI,NCI,55718724.53065916,141951408.9695888,540.4716279473938,768949
2606,MI,NEI,7830511.413367224,19949346.246579878,75.95596070966207,768949
2606,MI,NHGRI,3304716.5556523665,8419237.43358219,32.05575058982795,768949
2606,MI,NHLBI,50914661.39890209,129712371.98379898,493.8722155693502,768949
2606,MI,NIA,66939878.556177996,170538901.55138153,649.3168219949265,768949
2606,MI,NIAAA,6461584.050244435,16461808.26703803,62.67736528737101,768949
2606,MI,NIAID,27577744.41703936,70258242.79319045,267.50412084528176,768949
2606,MI,NIAMS,9374232.398806205,23882195.94450158,90.93005426842018,768949
2606,MI,NIBIB,4284345.342181789,10914981.68627955,41.55814981916335,768949
2606,MI,NICHD,24003388.313419767,61152060.09892108,232.83286664017172,768949
2606,MI,NIDA,17665970.528071154,45006583.12619965,171.35991412229018,768949
2606,MI,NIDCD,5442153.138369999,13864662.415142182,52.788885442188985,768949
2606,MI,NIDCR,13769038.0543179,35078591.055881605,133.55966912688362,768949
2606,MI,NIDDK,49427399.79119455,125923360.61466232,479.4457779745871,768949
2606,MI,NIEHS,7843653.953829503,19982828.745538265,76.08344335214616,768949
2606,MI,NIGMS,37581581.46134271,95744446.49764964,364.54134017502423,768949
2606,MI,NIMH,15498751.569662781,39485283.2887923,150.33789022572896,768949
2606,MI,NIMHD,4186664.4919067454,10666125.768584233,40.610645571495425,768949
2606,MI,NINDS,34064306.113924436,86783685.18256795,330.42376930506697,768949
2606,MI,NINR,2616017.505174731,6664678.236565307,25.375369800194886,768949
2606,MI,NLM,902341.0642431882,2298842.741275569,8.752708323158926,768949
2606,MI,OD,16565433.56512772,42202808.02494133,160.68470558173885,768949
2607,MI,FIC,85615.4378576521,218117.55627598197,0.8304697472192252,792585
2607,MI,NCATS,1392816.782137162,3548399.6865733704,13.51032278673047,792585
2607,MI,NCCIH,692904.6092003372,1765273.4585370554,6.72117470924327,792585
2607,MI,NCI,11802248.2056177,30067913.0024661,114.48180759449167,792585
2607,MI,NEI,3930776.902712644,10014215.587044686,38.12853595631264,792585
2607,MI,NHGRI,634226.5341242398,1615782.6813730504,6.151997381005125,792585
2607,MI,NHLBI,11620274.10755787,29604307.99655199,112.71665884331132,792585
2607,MI,NIA,13517162.0005948,34436900.83391645,131.11647140576954,792585
2607,MI,NIAAA,1728288.0531730226,4403060.664431111,16.764394115778316,792585
2607,MI,NIAID,11122089.682182236,28335112.017920718,107.88426991716767,792585
2607,MI,NIAMS,1838217.3900781248,4683121.351250771,17.83070868375781,792585
2607,MI,NIBIB,1889405.6088178072,4813530.649632022,18.327234405532728,792585
2607,MI,NICHD,13373170.559994617,34070062.072890796,129.71975443194776,792585
2607,MI,NIDA,3734402.139884172,9513922.830805589,36.22370075687646,792585
2607,MI,NIDCD,2798225.741297767,7128879.7426370485,27.142789690588337,792585
2607,MI,NIDCR,2961068.7893376043,7543745.666164029,28.722367256574756,792585
2607,MI,NIDDK,10182450.089305088,25941245.947653297,98.76976586625933,792585
2607,MI,NIEHS,6216189.037732088,15836629.423235351,60.29703366600125,792585
2607,MI,NIGMS,16138708.145516424,41115664.069884874,156.54546901150928,792585
2607,MI,NIMH,10399335.151406588,26493791.620747883,100.87355096864388,792585
2607,MI,NIMHD,2231131.110407912,5684125.173109729,21.641971770956744,792585
2607,MI,NINDS,8782975.090245407,22375883.502485972,85.19485837538043,792585
2607,MI,NINR,1066166.4980448736,2716211.432843646,10.341815031035273,792585
2607,MI,NLM,193817.957748609,493778.930113241,1.8800341901615072,792585
2607,MI,OD,11137208.949223565,28373630.510172334,108.03092680746856,792585
2608,MI,FIC,19757.668681530955,50335.48292646923,0.19164938621085023,769318
2608,MI,NCATS,444811.34007939923,1133220.4206357605,4.314669998770172,769318
2608,MI,NCCIH,113734.37804481876,289754.572591809,1.1032234670347418,769318
2608,MI,NCI,2964182.607066471,7551678.5615705615,28.752571288544765,769318
2608,MI,NEI,596720.3357402366,1520230.284031783,5.788187256680294,769318
2608,MI,NHGRI,167325.56890496652,426285.7856631023,1.623058018378175,769318
2608,MI,NHLBI,2786309.660597636,7098521.825096273,27.027203707797064,769318
2608,MI,NIA,3485508.7258995078,8879831.309580376,33.809434641225224,769318
2608,MI,NIAAA,362472.2762565002,923449.8951732471,3.5159810796880517,769318
2608,MI,NIAID,1812632.203376508,4617939.43383186,17.582532372752127,769318
2608,MI,NIAMS,513003.6474623111,1306950.0635059096,4.976135380384417,769318
2608,MI,NIBIB,349727.51262372086,890980.7895019223,3.3923568724500917,769318
2608,MI,NICHD,1937546.510545896,4936176.472682197,18.794201152295187,769318
2608,MI,NIDA,957336.6372029072,2438951.818331457,9.2861653808682,769318
2608,MI,NIDCD,395395.2644907008,1007325.9100443771,3.835334065559797,769318
2608,MI,NIDCR,720450.9929352116,1835451.805513228,6.988374631471552,769318
2608,MI,NIDDK,2575031.314998086,6560260.063089909,24.977803755481432,769318
2608,MI,NIEHS,807691.0511442897,2057708.314176727,7.834603196099609,769318
2608,MI,NIGMS,2582780.010231355,6580000.970931998,25.05296609924414,769318
2608,MI,NIMH,1294967.551297811,3299114.795340917,12.561185247588766,769318
2608,MI,NIMHD,316036.6905142612,805148.6081649279,3.0655558979883333,769318
2608,MI,NINDS,2038886.7838758165,5194355.293280108,19.777201803595418,769318
2608,MI,NINR,170199.2837232246,433606.98461129534,1.6509330521152783,769318
2608,MI,NLM,48863.11455103421,124485.7633692798,0.4739722111450318,769318
2608,MI,OD,1517052.048132384,3864906.771046016,14.715404866884123,769318
2609,MI,FIC,11120.390004985413,28330.78184749929,0.10786778304835849,782471
2609,MI,NCATS,267550.5932333472,681623.3501401304,2.5952407543634672,782471
2609,MI,NCCIH,57231.32208311936,145804.96727668052,0.5551438242062577,782471
2609,MI,NCI,2247766.1246691626,5726505.247896156,21.803331409290873,782471
2609,MI,NEI,767632.6776552603,1955653.886231794,7.446036973256024,782471
2609,MI,NHGRI,122120.4564570532,311119.3051188629,1.1845684276334159,782471
2609,MI,NHLBI,2066104.2952398343,5263695.790919142,20.04121166382639,782471
2609,MI,NIA,2123127.238835179,5408969.884235807,20.59433421670123,782471
2609,MI,NIAAA,259729.90613390433,661699.0327364659,2.5193800894988714,782471
2609,MI,NIAID,1144644.475406349,2916145.289072087,11.103051411441584,782471
2609,MI,NIAMS,406711.3623451876,1036155.2855911604,3.9451002147483187,782471
2609,MI,NIBIB,230350.74273507786,586851.4177930114,2.2344022045302547,782471
2609,MI,NICHD,963865.4055916447,2455584.7882966516,9.349494434238952,782471
2609,MI,NIDA,617162.4561399422,1572309.5054695867,5.986475824557438,782471
2609,MI,NIDCD,216008.58313650367,550312.7177449858,2.0952832564240853,782471
2609,MI,NIDCR,424883.15691153787,1082450.5277010181,4.121366622041917,782471
2609,MI,NIDDK,1818463.9334551515,4632796.59914508,17.639100154514967,782471
2609,MI,NIEHS,725304.2784605346,1847816.243576993,7.035451501067185,782471
2609,MI,NIGMS,1593079.1952479442,4058596.7871743212,15.452868193905056,782471
2609,MI,NIMH,712721.7738992581,1815760.5160655587,6.913401206822803,782471
2609,MI,NIMHD,278332.8698333808,709092.7397962487,2.6998288373837935,782471
2609,MI,NINDS,1429607.1783329411,3642128.4756031088,13.867189629829527,782471
2609,MI,NINR,92728.88313199556,236240.07411584203,0.8994701663803568,782471
2609,MI,NLM,37328.88305278802,95100.66120929523,0.36209016561204377,782471
2609,MI,OD,1058598.2186751897,2696930.1601825864,10.268402721149338,782471
2610,MI,FIC,11449.922857456235,29170.31385588655,0.11106425171732547,775317
2610,MI,NCATS,281040.3808055925,715990.5107079751,2.726091693814247,775317
2610,MI,NCCIH,52115.56038828251,132771.8336819738,0.5055209357663403,775317
2610,MI,NCI,3926377.1305401744,10003006.539021995,38.08585816623969,775317
2610,MI,NEI,1651114.154310878,4206449.134439428,16.015807296815513,775317
2610,MI,NHGRI,135372.80796627075,344881.56340348255,1.313116237272826,775317
2610,MI,NHLBI,3254242.4226713716,8290647.37066307,31.5661514999123,775317
2610,MI,NIA,2481735.0936721517,6322574.613892885,24.07283040861987,775317
2610,MI,NIAAA,457595.4220518339,1165789.6953931407,4.438675593902788,775317
2610,MI,NIAID,1658420.1089823046,4225062.097464207,16.086675057128353,775317
2610,MI,NIAMS,511671.5081866121,1303556.2484334712,4.963213629410137,775317
2610,MI,NIBIB,324391.5119950306,826433.7091946908,3.1465976663517967,775317
2610,MI,NICHD,1121095.1941099218,2856150.131458427,10.87462338286624,775317
2610,MI,NIDA,823798.7575635213,2098744.996920968,7.990847948366155,775317
2610,MI,NIDCD,245603.18909186247,625709.2033725664,2.3823509341910656,775317
2610,MI,NIDCR,412262.9614171745,1050298.7771542016,3.998950725746592,775317
2610,MI,NIDDK,2658871.427935458,6773854.725564294,25.791052850973937,775317
2610,MI,NIEHS,1496606.3501434387,3812818.435188642,14.517081596391353,775317
2610,MI,NIGMS,2208619.062452045,5626772.515577736,21.42360490578483,775317
2610,MI,NIMH,1048996.2855785931,2672467.864188291,10.175263970112352,775317
2610,MI,NIMHD,662894.9863051861,1688819.657979063,6.430081367160303,775317
2610,MI,NINDS,2149957.1590068704,5477322.937953279,20.85458444236664,775317
2610,MI,NINR,112573.84610508286,286797.951718173,1.0919663072193035,775317
2610,MI,NLM,42138.99881728415,107355.11814147688,0.40874828852765616,775317
2610,MI,OD,1978527.176424958,5040580.572220475,19.19171361132209,775317
2611,MI,FIC,31056.537440064363,79120.96489050356,0.3012484131686243,787210
2611,MI,NCATS,694307.600703762,1768847.7797793502,6.734783726826491,787210
2611,MI,NCCIH,132835.01611766045,338416.1761998766,1.288499656341306,787210
2611,MI,NCI,7380484.128394453,18802837.461342115,71.59069604542618,787210
2611,MI,NEI,2745146.2294774586,6993652.10500215,26.627918425931345,787210
2611,MI,NHGRI,323636.26366165926,824509.6061943609,3.1392717575180944,787210
2611,MI,NHLBI,6232676.584715184,15878633.804068135,60.456962871737275,787210
2611,MI,NIA,5669193.215858349,14443079.440361453,54.99117419382598,787210
2611,MI,NIAAA,923527.4940456109,2352818.1972254687,8.958216692242424,787210
2611,MI,NIAID,3224552.865777214,8215008.98395719,31.278162798038974,787210
2611,MI,NIAMS,985435.9817190174,2510538.9118764456,9.558729022674466,787210
2611,MI,NIBIB,609099.0121893847,1551766.730315085,5.90826041823703,787210
2611,MI,NICHD,2403441.46989951,6123110.424762963,23.313382258025243,787210
2611,MI,NIDA,1778282.201091774,4530427.896848569,17.249337350590206,787210
2611,MI,NIDCD,533216.6612514077,1358445.603130209,5.172201614138654,787210
2611,MI,NIDCR,1016108.318478084,2588681.07065726,9.856250689237413,787210
2611,MI,NIDDK,5671341.456802807,14448552.390997719,55.012012130987216,787210
2611,MI,NIEHS,2319538.3669041544,5909355.286119083,22.499522158970294,787210
2611,MI,NIGMS,4497136.445765331,11457097.41531525,43.62222352392371,787210
2611,MI,NIMH,2071606.060134358,5277712.322797349,20.09457878330327,787210
2611,MI,NIMHD,1209449.7417170987,3081245.96104455,11.731662494655856,787210
2611,MI,NINDS,4190901.6506930483,10676920.53577982,40.651746011722565,787210
2611,MI,NINR,249310.3793889319,635153.8001471718,2.418310680072639,787210
2611,MI,NLM,91359.27413711022,232750.79958202856,0.886184959129969,787210
2611,MI,OD,3093342.5429458027,7880731.945956709,30.005422666574283,787210
2612,MI,FIC,33766.60335019307,86025.24487149167,0.32753605249687273,751709
2612,MI,NCATS,835060.8620948424,2127436.8167651957,8.10009036231997,751709
2612,MI,NCCIH,168737.92611360658,429883.96737712366,1.6367578833019836,751709
2612,MI,NCI,7725141.480592288,19680901.29299515,74.93387236174519,751709
2612,MI,NEI,2035007.6182076477,5184472.564684625,19.73957389661418,751709
2612,MI,NHGRI,335625.8294695409,855054.7375429063,3.2555705458545465,751709
2612,MI,NHLBI,6587168.578277324,16781752.78926485,63.89553520929004,751709
2612,MI,NIA,6594838.8958885195,16801294.01892014,63.96993729011863,751709
2612,MI,NIAAA,927621.0887208729,2363247.2143431185,8.997924560592466,751709
2612,MI,NIAID,4001543.876987737,10194504.56155875,38.81497560678105,751709
2612,MI,NIAMS,1231593.5718281337,3137660.5310247904,11.946457646732895,751709
2612,MI,NIBIB,571522.1512258013,1456034.3099596996,5.543764866890272,751709
2612,MI,NICHD,2879634.5939196497,7336280.422204204,27.9324555610206,751709
2612,MI,NIDA,1942912.241680329,4949846.4391270615,18.84624874429919,751709
2612,MI,NIDCD,611789.2940480892,1558620.6075993415,5.9343561522664645,751709
2612,MI,NIDCR,1394388.9817104521,3552405.0895414,13.525573122591384,751709
2612,MI,NIDDK,5639992.596752282,14368686.692505037,54.70792818849713,751709
2612,MI,NIEHS,2086925.1210478917,5316739.818474687,20.243173674164545,751709
2612,MI,NIGMS,4860973.586606037,12384024.497958466,47.15144379007855,751709
2612,MI,NIMH,2453460.3755875495,6250540.731133801,23.798565643199225,751709
2612,MI,NIMHD,993296.6067057042,2530564.976752137,9.63497708504533,751709
2612,MI,NINDS,4516144.715850774,11505523.69828263,43.806603743752504,751709
2612,MI,NINR,287569.9273592825,732625.4631595303,2.78942829538504,751709
2612,MI,NLM,96492.1033694759,245827.41516632252,0.935973402683916,751709
2612,MI,OD,4083826.7771913847,10404132.002179448,39.613119738756424,751709
2613,MI,FIC,20815.975587050307,53031.67092477947,0.20191496319438795,784609
2613,MI,NCATS,518284.82895897055,1320404.627672439,5.027362840902014,784609
2613,MI,NCCIH,112685.08422764191,287081.3467233781,1.0930453170081265,784609
2613,MI,NCI,7826539.811004881,19939228.02230338,75.91743616674734,784609
2613,MI,NEI,2858957.723629984,7283603.1418927275,27.731889919210843,784609
2613,MI,NHGRI,238236.2830275489,606940.9579688063,2.310891945367224,784609
2613,MI,NHLBI,6162478.792550763,15699794.902276497,59.776044287742394,784609
2613,MI,NIA,4734651.685897981,12062201.413523749,45.926121353210405,784609
2613,MI,NIAAA,964987.5506072524,2458443.6129983203,9.360379240890348,784609
2613,MI,NIAID,3605455.050511332,9185411.7032953,34.97291398995992,784609
2613,MI,NIAMS,953663.0144453427,2429592.7396581452,9.250531240119823,784609
2613,MI,NIBIB,564841.3369978494,1439013.981502611,5.4789609688791385,784609
2613,MI,NICHD,2463741.0621628356,6276732.248560471,23.898288302979502,784609
2613,MI,NIDA,1635124.4981353143,4165713.201551883,15.860707631912547,784609
2613,MI,NIDCD,499628.6926274745,1272875.4557380134,4.846398318486502,784609
2613,MI,NIDCR,813354.0459371009,2072135.602249064,7.889534245589878,784609
2613,MI,NIDDK,4929478.66059025,12558550.958417447,47.815943007725416,784609
2613,MI,NIEHS,2952031.5196435885,7520721.930837894,28.634705740542802,784609
2613,MI,NIGMS,4488157.3836221285,11434221.972038515,43.53512662113464,784609
2613,MI,NIMH,2454238.2478692415,6252522.4718738245,23.80611100433164,784609
2613,MI,NIMHD,1377075.1836070633,3508295.715967375,13.357629280988512,784609
2613,MI,NINDS,4111040.6927729137,10473463.33904901,39.87709471989726,784609
2613,MI,NINR,238959.41735157135,608783.2459435207,2.317906348310242,784609
2613,MI,NLM,59094.55752376091,150551.82568503488,0.5732172079804807,784609
2613,MI,OD,4197440.382766436,10693578.88965476,40.71517171283442,784609
2701,MN,FIC,6572.954345062115,16244.716683423858,0.05981388454006524,718116
2701,MN,NCATS,11087030.738193555,27401023.00233822,100.89197971756134,718116
2701,MN,NCCIH,75390.35398997014,186323.36038514276,0.6860522213087282,718116
2701,MN,NCI,60605968.56951553,149784516.52807987,551.5143139825913,718116
2701,MN,NEI,1069374.7090604238,2642904.280957886,9.731309852449856,718116
2701,MN,NHGRI,2609379.7719708146,6448947.138506628,23.74535592493441,718116
2701,MN,NHLBI,27608428.51385393,68232803.04982547,251.23669947607075,718116
2701,MN,NIA,51868524.01344571,128190374.24454072,472.0035685223559,718116
2701,MN,NIAAA,3410307.8377401275,8428399.425741738,31.033801323435156,718116
2701,MN,NIAID,11503251.817865072,28429691.87206984,104.67959154257214,718116
2701,MN,NIAMS,7579054.767827056,18731241.83861037,68.9693983872262,718116
2701,MN,NIBIB,4792558.389934955,11844560.169773037,43.61228134840809,718116
2701,MN,NICHD,2094305.6160294206,5175968.00386416,19.058181105867725,718116
2701,MN,NIDA,1590382.212053196,3930547.3759405743,14.472478129684083,718116
2701,MN,NIDCD,1216721.3581757443,3007063.902867998,11.072164359399272,718116
2701,MN,NIDCR,457304.40100365144,1130204.1734046105,4.161470049133228,718116
2701,MN,NIDDK,31637205.91711245,78189718.0169408,287.89857384572326,718116
2701,MN,NIEHS,113262.64819202833,279922.77659376047,1.0306900985474576,718116
2701,MN,NIGMS,6585412.3925115885,16275506.103313467,59.92725277185545,718116
2701,MN,NIMH,2788506.912280648,6891650.600585469,25.375412901753894,718116
2701,MN,NIMHD,571060.4939560548,1411346.473200633,5.196650495000098,718116
2701,MN,NINDS,20839207.01584119,51503022.24963344,189.63678384415482,718116
2701,MN,NINR,1303968.2525692023,3222690.08959103,11.86611109837974,718116
2701,MN,NLM,264205.6476652017,652970.592395184,2.4042713937533353,718116
2701,MN,OD,32196708.64119628,79572500.05971792,292.99004863488614,718116
2702,MN,FIC,31645.7021618237,78210.71604628373,0.2879758896725957,746020
2702,MN,NCATS,1037290.4362179143,2563609.660158978,9.43934296958302,746020
2702,MN,NCCIH,437625.12634408363,1081567.8639770055,3.9823886497311607,746020
2702,MN,NCI,6693958.176303616,16543771.39351837,60.9150194043629,746020
2702,MN,NEI,500375.72181212757,1236652.714955821,4.553419068490361,746020
2702,MN,NHGRI,162138.3632616021,400716.5783339843,1.4754591056805788,746020
2702,MN,NHLBI,4553613.455134958,11254020.12263561,41.437882441728114,746020
2702,MN,NIA,6603886.321535144,16321163.463347131,60.095365525969804,746020
2702,MN,NIAAA,492514.4861683462,1217224.077677852,4.48188182413195,746020
2702,MN,NIAID,5504053.12289397,13602982.60082954,50.08688341833513,746020
2702,MN,NIAMS,936539.5959615887,2314609.169715827,8.522510323250456,746020
2702,MN,NIBIB,606073.3075440463,1497878.8309757547,5.515267098650821,746020
2702,MN,NICHD,2557418.8060802096,6320528.298944164,23.272511135329903,746020
2702,MN,NIDA,2401453.7829223177,5935068.811365805,21.85322942459309,746020
2702,MN,NIDCD,527017.1572265149,1302495.6445771991,4.795856130761285,746020
2702,MN,NIDCR,476711.65911776427,1178168.2080099448,4.338076097971655,746020
2702,MN,NIDDK,2918021.1238690703,7211738.2755153105,26.55399222720854,746020
2702,MN,NIEHS,560857.6445341067,1386130.658587879,5.10380456526037,746020
2702,MN,NIGMS,2734526.0316685014,6758239.646267063,24.88418688818336,746020
2702,MN,NIMH,2445118.1351138037,6042982.999306087,22.25057502953561,746020
2702,MN,NIMHD,608169.7117931546,1503059.9856427233,5.534344377317707,746020
2702,MN,NINDS,3634006.761275513,8981259.744625468,33.06946152760717,746020
2702,MN,NINR,90160.49745019044,222827.0059741396,0.8204605267967329,746020
2702,MN,NLM,34913.08692473156,86285.88848515034,0.3177090910150571,746020
2702,MN,OD,2216618.4821082074,5478257.925850325,20.171228187184685,746020
2703,MN,FIC,45847.26669097847,113309.1482164072,0.41721012688790404,710658
2703,MN,NCATS,1348984.5125295322,3333945.447655746,12.275759064018741,710658
2703,MN,NCCIH,606210.8929035246,1498218.866075221,5.516519125422073,710658
2703,MN,NCI,8085675.939402319,19983329.859615274,73.57965104856109,710658
2703,MN,NEI,795160.3281427156,1965197.6220222313,7.235958986098711,710658
2703,MN,NHGRI,199214.18872840996,492347.5632600896,1.8128491174285306,710658
2703,MN,NHLBI,6194693.80994573,15309865.336083803,56.37171367050613,710658
2703,MN,NIA,10330286.12278147,25530767.827310123,94.00560371731137,710658
2703,MN,NIAAA,669134.8633173724,1653732.2042649211,6.089127256188088,710658
2703,MN,NIAID,7877016.959062495,19467639.98241128,71.68085432746871,710658
2703,MN,NIAMS,1283444.0900221472,3171965.6834505973,11.679341219201538,710658
2703,MN,NIBIB,813036.5578728309,2009377.799167639,7.398632676642761,710658
2703,MN,NICHD,3252778.964579098,8039074.963769417,29.60028857766979,710658
2703,MN,NIDA,3869114.977664968,9562317.540662192,35.20894629675121,710658
2703,MN,NIDCD,748738.84270999,1850469.3218865655,6.813523468660908,710658
2703,MN,NIDCR,669308.4069834137,1654161.1084591458,6.090706503549065,710658
2703,MN,NIDDK,3835010.6836468014,9478030.542011501,34.89859722118589,710658
2703,MN,NIEHS,830928.8603383879,2053597.6992473425,7.561452629079329,710658
2703,MN,NIGMS,4023869.0014430727,9944784.105911307,36.617207913131956,710658
2703,MN,NIMH,3870176.67343812,9564941.46685024,35.21860772828689,710658
2703,MN,NIMHD,962019.2940206077,2377580.9255532757,8.75437557558753,710658
2703,MN,NINDS,5005076.512328919,12369787.716953043,45.546196262193156,710658
2703,MN,NINR,114276.42657708257,282428.277435609,1.0399154818514513,710658
2703,MN,NLM,37782.19505562203,93376.74082850145,0.34381797500616046,710658
2703,MN,OD,2694369.150595736,6658993.991775779,24.5187592704212,710658
2704,MN,FIC,83619.26074692728,206660.67780185418,0.7609352727970382,708464
2704,MN,NCATS,2448192.880801346,6050582.074234278,22.278555215292247,708464
2704,MN,NCCIH,1208202.5308217723,2986010.061691657,10.994643030478127,708464
2704,MN,NCI,13514591.434575366,33400613.699961573,122.98278205463582,708464
2704,MN,NEI,1291714.1794493925,3192404.781706788,11.754599032989471,708464
2704,MN,NHGRI,323924.5494076975,800562.7691430516,2.947713399610047,708464
2704,MN,NHLBI,10769111.898177648,26615303.03331684,97.99891827341659,708464
2704,MN,NIA,14195028.424763547,35082278.52619493,129.17475866534826,708464
2704,MN,NIAAA,1231703.2966192185,3044090.988803194,11.208499999234888,708464
2704,MN,NIAID,14509793.46943367,35860204.05314655,132.03912057184638,708464
2704,MN,NIAMS,2211981.14477706,5466796.986498671,20.129028417471243,708464
2704,MN,NIBIB,1462193.6218286133,3613735.90564484,13.30596195864038,708464
2704,MN,NICHD,6228524.940773787,15393477.22603927,56.679576961041455,708464
2704,MN,NIDA,5699366.946508318,14085690.613453247,51.864239213225694,708464
2704,MN,NIDCD,1199186.930185084,2963728.471042253,10.912601064684264,708464
2704,MN,NIDCR,1128517.4030001655,2789072.3899250985,10.269508367301505,708464
2704,MN,NIDDK,6070344.6391864875,15002542.792405996,55.24013621659703,708464
2704,MN,NIEHS,1531052.6033870897,3783917.316895155,13.932578690822515,708464
2704,MN,NIGMS,6839930.149988387,16904533.57620578,62.24336436489431,708464
2704,MN,NIMH,6666412.445113391,16475693.543660928,60.66435325053185,708464
2704,MN,NIMHD,1633910.6448031287,4038125.6460113735,14.86858686770847,708464
2704,MN,NINDS,8803413.563465856,21757181.273128442,80.11106342753928,708464
2704,MN,NINR,194455.4442404058,480586.5723999436,1.7695445425876928,708464
2704,MN,NLM,122811.98107116476,303523.45887353516,1.1175890277475993,708464
2704,MN,OD,4793187.295740502,11846114.477941835,43.618004391238564,708464
2705,MN,FIC,123489.47598947606,305197.85252130096,1.1237542315042321,705006
2705,MN,NCATS,3546264.4689482413,8764409.207533047,32.27100666742899,705006
2705,MN,NCCIH,1605248.9193402983,3967289.6740330295,14.607765165996714,705006
2705,MN,NCI,19272358.54282014,47630637.29244845,175.37846273966326,705006
2705,MN,NEI,1817594.9352715865,4492091.868992591,16.540113910971435,705006
2705,MN,NHGRI,472715.0890019834,1168290.8916879364,4.301707309918049,705006
2705,MN,NHLBI,14777613.944753308,36522108.50511583,134.47628689725508,705006
2705,MN,NIA,20668695.37947605,51081611.559924394,188.08512795323205,705006
2705,MN,NIAAA,1775301.5942751486,4387566.064306498,16.155244507903852,705006
2705,MN,NIAID,20615165.934277818,50949316.304881364,187.59801000192812,705006
2705,MN,NIAMS,3154579.6447981843,7796380.42420605,28.706674767663475,705006
2705,MN,NIBIB,2132571.9205794493,5270541.196267941,19.406404477272986,705006
2705,MN,NICHD,7998213.666210509,19767171.3753324,72.78374436251562,705006
2705,MN,NIDA,9180700.330272224,22689626.002457615,83.54437300547723,705006
2705,MN,NIDCD,1782920.9032531292,4406396.792343388,16.224580219603475,705006
2705,MN,NIDCR,1584260.0117366926,3915416.67452387,14.416766106803902,705006
2705,MN,NIDDK,8745400.105309065,21613804.011990044,79.58314095831248,705006
2705,MN,NIEHS,2225471.4562013177,5500137.593408994,20.251790251431988,705006
2705,MN,NIGMS,9907484.237591278,24485834.83712559,90.15810656208062,705006
2705,MN,NIMH,9762017.385541078,24126321.036431037,88.8343582084238,705006
2705,MN,NIMHD,2374155.6537060235,5867602.896979935,21.60481644872481,705006
2705,MN,NINDS,12799965.664459145,31634453.072521232,116.4796875465782,705006
2705,MN,NINR,295692.47558758385,730788.658976321,2.6908015278470128,705006
2705,MN,NLM,103683.24394726947,256247.7744892654,0.9435175199201521,705006
2705,MN,OD,6581495.526478569,16265825.77150938,59.891609290954975,705006
2706,MN,FIC,23400.20123831148,57832.38700525036,0.21294183126863447,755084
2706,MN,NCATS,677431.0644278721,1674235.8361956705,6.164622686293636,755084
2706,MN,NCCIH,297527.9564884467,735324.9550841362,2.7075044040448644,755084
2706,MN,NCI,4056241.9015899147,10024792.054163875,36.91180130446822,755084
2706,MN,NEI,388887.93330973445,961116.4122819065,3.538880193118583,755084
2706,MN,NHGRI,99757.16381093602,246544.67050542778,0.9077901906795177,755084
2706,MN,NHLBI,3240487.2608162155,8008696.653697234,29.48843407342756,755084
2706,MN,NIA,5413706.0171828605,13379694.402190689,49.264724756364025,755084
2706,MN,NIAAA,340704.67235873075,842033.9750791362,3.1004125184644495,755084
2706,MN,NIAID,3978985.090249327,9833855.840977577,36.20876432126887,755084
2706,MN,NIAMS,682858.6837427475,1687649.916593455,6.214014022059002,755084
2706,MN,NIBIB,411242.80968262214,1016365.3329507894,3.742309568111861,755084
2706,MN,NICHD,1607275.7419532696,3972298.8612853354,14.626209251774752,755084
2706,MN,NIDA,1912936.411511737,4727723.396064456,17.407721344756805,755084
2706,MN,NIDCD,396506.34789809317,979944.929881108,3.6082077658726477,755084
2706,MN,NIDCR,343897.760619408,849925.5275556623,3.1294696216366122,755084
2706,MN,NIDDK,2128247.5207574284,5259853.665783669,19.367052438892596,755084
2706,MN,NIEHS,412524.50233101205,1019532.9700368377,3.7539729712122094,755084
2706,MN,NIGMS,2125487.990265405,5253033.628906968,19.341940711415184,755084
2706,MN,NIMH,1959981.1598223434,4843992.058165069,17.835828554383323,755084
2706,MN,NIMHD,492952.94797842787,1218307.7133624097,4.485871826603693,755084
2706,MN,NINDS,2596013.3528036224,6415912.724901421,23.62372151051296,755084
2706,MN,NINR,59232.96481436859,146391.20876466983,0.5390199798107541,755084
2706,MN,NLM,22656.461573766213,55994.27289361972,0.20617380032127253,755084
2706,MN,OD,1408839.29112114,3481873.4370080805,12.820437549202373,755084
2707,MN,FIC,5046.029375797204,12471.000600763351,0.04591886731975455,722392
2707,MN,NCATS,157462.1062893573,389159.45110244193,1.4329051672331512,722392
2707,MN,NCCIH,47598.490250584604,117637.20666344481,0.43314626128031986,722392
2707,MN,NCI,942270.4487556908,2328772.67597303,8.574661083676785,722392
2707,MN,NEI,88012.50100750808,217518.34386931444,0.8009137591683234,722392
2707,MN,NHGRI,27395.72193250102,67707.10973607631,0.24930106958575926,722392
2707,MN,NHLBI,744292.2133817188,1839479.7074998121,6.773059141773641,722392
2707,MN,NIA,1328948.0701921026,3284426.4167864956,12.093427438748133,722392
2707,MN,NIAAA,125916.64999732566,311196.4875382181,1.1458415149756633,722392
2707,MN,NIAID,889319.4220985216,2197906.9524360425,8.092806741096545,722392
2707,MN,NIAMS,141555.24242239463,349846.4598240644,1.288152706043791,722392
2707,MN,NIBIB,82437.66172393765,203740.41693372617,0.7501827216878325,722392
2707,MN,NICHD,300705.62157429283,743178.3899818178,2.7364211563260645,722392
2707,MN,NIDA,297565.4442637046,735417.6041816632,2.7078455427997117,722392
2707,MN,NIDCD,68892.7509977476,170264.87067277814,0.6269240340795031,722392
2707,MN,NIDCR,65836.50025521744,162711.5050445498,0.5991121523224787,722392
2707,MN,NIDDK,646875.4716076099,1598719.2690020902,5.8865667916292495,722392
2707,MN,NIEHS,72973.80736581406,180350.99039733192,0.6640616470289079,722392
2707,MN,NIGMS,3062672.858020356,7569237.554483963,27.870323007985238,722392
2707,MN,NIMH,584900.3315358591,1445550.9159254516,5.322593016976318,722392
2707,MN,NIMHD,77150.68811575825,190673.93512526294,0.7020712618534001,722392
2707,MN,NINDS,577217.3525836223,1426562.8308404612,5.252677908510963,722392
2707,MN,NINR,16921.54603669507,41820.725777310654,0.1539860689339251,722392
2707,MN,NLM,5827.201000991096,14401.625867001167,0.05302752910901897,722392
2707,MN,OD,494697.5092743315,1222619.3063693063,4.501747334396416,722392
2708,MN,FIC,9385.639059690928,23196.121471936833,0.08540931544318743,727411
2708,MN,NCATS,273349.0314414337,675567.9924644978,2.4874761861170467,727411
2708,MN,NCCIH,111243.41929371227,274932.3568144464,1.0123151155727816,727411
2708,MN,NCI,2519292.7875504205,6226301.816183232,22.925564366708826,727411
2708,MN,NEI,140733.19504433675,347814.81224888633,1.2806720749034644,727411
2708,MN,NHGRI,42407.57492890379,104808.12794153078,0.3859089318530245,727411
2708,MN,NHLBI,1213782.73086739,2999801.2374733645,11.04542285089325,727411
2708,MN,NIA,1730793.5457853589,4277566.724604422,15.750221266646765,727411
2708,MN,NIAAA,185343.87440774837,458067.79884662555,1.6866292571105101,727411
2708,MN,NIAID,1525184.0276806022,3769413.43558359,13.879174651893479,727411
2708,MN,NIAMS,254478.06624441562,628929.3780644743,2.315750402824182,727411
2708,MN,NIBIB,160430.32714527554,396495.2554191789,1.4599159770220074,727411
2708,MN,NICHD,605100.6704398867,1495475.00868164,5.506416101002969,727411
2708,MN,NIDA,601574.799754099,1486761.0016543372,5.474330677762301,727411
2708,MN,NIDCD,141428.68272113157,349533.67406858417,1.2870010127622973,727411
2708,MN,NIDCR,124656.844158675,308082.9425703639,1.1343772818439424,727411
2708,MN,NIDDK,893393.2659844672,2207975.246884094,8.12987872045865,727411
2708,MN,NIEHS,156641.7825451823,387132.0633992519,1.4254402211611588,727411
2708,MN,NIGMS,1301164.2521049078,3215760.1474780324,11.84059469415466,727411
2708,MN,NIMH,742514.25494456,1835085.5751857415,6.756879719995496,727411
2708,MN,NIMHD,168491.9591045912,416419.1618256641,1.5332768278517797,727411
2708,MN,NINDS,979306.9988525036,2420306.593853677,8.911693689557781,727411
2708,MN,NINR,23150.528894022522,57215.33472042697,0.21066981293560494,727411
2708,MN,NLM,12950.068621295488,32005.424766396212,0.11784562445378893,727411
2708,MN,OD,706435.190163442,1745918.0327377315,6.428560230487322,727411
2801,MS,FIC,1823.2430499866587,5871.032212955306,0.016226863144881264,753783
2801,MS,NCATS,36285.996882622996,116844.6832026231,0.3229453722553447,753783
2801,MS,NCCIH,297506.27230127796,958001.1333375641,2.647805823481374,753783
2801,MS,NCI,5086188.1933817305,16378054.87574221,45.267074921097404,753783
2801,MS,NEI,320072.84722280194,1030667.8511957816,2.8486483402829377,753783
2801,MS,NHGRI,122559.36778379213,394653.90873879683,1.0907783732757501,753783
2801,MS,NHLBI,1455604.3829823139,4687197.475877191,12.954879008542596,753783
2801,MS,NIA,902684.2809831689,2906737.2514154725,8.033890100750204,753783
2801,MS,NIAAA,167934.22309099324,540765.6611838222,1.49461458550984,753783
2801,MS,NIAID,3328526.5313626975,10718201.551597733,29.62388612912801,753783
2801,MS,NIAMS,116240.97027283537,374308.01172777836,1.034544635428235,753783
2801,MS,NIBIB,203580.18845618298,655549.3763459064,1.8118636772600287,753783
2801,MS,NICHD,196107.4635446404,631486.4250709565,1.7453564255472998,753783
2801,MS,NIDA,854282.0675535222,2750877.0910129016,7.603110401226348,753783
2801,MS,NIDCD,158134.99768794753,509211.13640243764,1.4074014794227332,753783
2801,MS,NIDCR,67978.76553907449,218898.69388492272,0.6050110132977631,753783
2801,MS,NIDDK,658148.3249770509,2119306.0447267946,5.857520092295753,753783
2801,MS,NIEHS,240424.4908351092,774191.8613026567,2.139777968432472,753783
2801,MS,NIGMS,5612591.1036899565,18073126.98553889,49.95206082284062,753783
2801,MS,NIMH,285669.84620626207,919886.6104874088,2.542461631235733,753783
2801,MS,NIMHD,134007.7851796285,431519.0032300689,1.1926692880986938,753783
2801,MS,NINDS,1011791.0818086726,3258072.4956681347,9.004940628097188,753783
2801,MS,NINR,32661.456927493917,105173.28764520571,0.2906869666546959,753783
2801,MS,NLM,2766.7006393593288,8909.063757243732,0.02462363569029803,753783
2801,MS,OD,1564870.1603728791,5039044.641200709,13.927344427318626,753783
2802,MS,FIC,1711.0503517261998,5509.760058071541,0.01522834813036318,694703
2802,MS,NCATS,18337.83976170198,59049.75091376478,0.16320677387914764,694703
2802,MS,NCCIH,59486.864991313414,191553.89108121372,0.5294330984226895,694703
2802,MS,NCI,397914.4970684164,1281326.0581509836,3.5414390239089064,694703
2802,MS,NEI,108161.3274716166,348290.72173702536,0.9626358144973879,694703
2802,MS,NHGRI,13798.979679798276,44434.14947151681,0.12281091915020467,694703
2802,MS,NHLBI,2693811.059921029,8674351.731946744,23.974918433297162,694703
2802,MS,NIA,931890.9576511455,3000785.787375786,8.293829523095196,694703
2802,MS,NIAAA,253763.35654545357,817144.3959470585,2.258493873254537,694703
2802,MS,NIAID,512796.64072719635,1651258.5068823758,4.563890102472048,694703
2802,MS,NIAMS,157420.21732539943,506909.46930778533,1.401039934196055,694703
2802,MS,NIBIB,48774.41603762833,157058.69150418273,0.43409230273489224,694703
2802,MS,NICHD,698453.5597355313,2249093.091834692,6.2162366816462296,694703
2802,MS,NIDA,1316177.0036485852,4238226.815908269,11.71397533247241,694703
2802,MS,NIDCD,401209.27946317336,1291935.6000737888,3.5707625872222435,694703
2802,MS,NIDCR,409644.7879994109,1319098.8147364045,3.645838613194757,694703
2802,MS,NIDDK,946842.8736643707,3048932.5117303305,8.4269015756129,694703
2802,MS,NIEHS,52638.81120720185,169502.44579372797,0.4684854197440965,694703
2802,MS,NIGMS,6083603.937353589,19589837.28873998,54.14407504244694,694703
2802,MS,NIMH,241249.5778868655,776848.7274069256,2.1471212431931033,694703
2802,MS,NIMHD,1483144.479917971,4775879.451798249,13.199985871269943,694703
2802,MS,NINDS,104853.25481061361,337638.3837749048,0.9331939678144613,694703
2802,MS,NINR,7930.348378981061,25536.546426597593,0.07058010057293145,694703
2802,MS,NLM,1674.5025371833642,5392.072294777627,0.014903072580931943,694703
2802,MS,OD,2423935.9118962847,7805325.692033444,21.573029615876937,694703
2803,MS,FIC,2511.4693324036048,8087.1924083291115,0.022352077058392084,734735
2803,MS,NCATS,25078.846658082428,80756.4940913642,0.22320173525693363,734735
2803,MS,NCCIH,19525.72099856675,62874.85201964822,0.1737789168872441,734735
2803,MS,NCI,373624.7095240276,1203110.4164569208,3.325259914763846,734735
2803,MS,NEI,124948.00867678037,402345.5807997538,1.1120372772233456,734735
2803,MS,NHGRI,12771.94470995814,41126.99007123435,0.11367030791862745,734735
2803,MS,NHLBI,3382823.6879948643,10893044.042104779,30.107130823154296,734735
2803,MS,NIA,1110757.6592570879,3576755.166203933,9.885743167388084,734735
2803,MS,NIAAA,312869.9111441091,1007473.6480169059,2.7845422091825713,734735
2803,MS,NIAID,716911.8587891792,2308530.7341946186,6.380515543223696,734735
2803,MS,NIAMS,231367.56408336057,745027.6153672165,2.0591713203419095,734735
2803,MS,NIBIB,27841.54749039198,89652.67805398318,0.24778977266448865,734735
2803,MS,NICHD,556356.4370262421,1791525.5805801696,4.951572289533556,734735
2803,MS,NIDA,1505004.8698323022,4846272.180499857,13.394543341507491,734735
2803,MS,NIDCD,484847.1638655442,1561258.2850297766,4.315139758403344,734735
2803,MS,NIDCR,511839.70174940134,1648177.0638654898,4.555373345569673,734735
2803,MS,NIDDK,1111066.0635554013,3577748.260114273,9.888487965643073,734735
2803,MS,NIEHS,208385.0257073594,671021.4519311504,1.854626728795499,734735
2803,MS,NIGMS,7775163.5236952575,25036835.055503964,69.1989553608878,734735
2803,MS,NIMH,440286.43502868613,1417768.104477121,3.918549271755307,734735
2803,MS,NIMHD,1133759.3348035791,3650822.9533189773,10.090458079751855,734735
2803,MS,NINDS,97896.10363915945,315235.63355556026,0.8712753223885192,734735
2803,MS,NINR,7632.758876968953,24578.27728493642,0.0679315540050237,734735
2803,MS,NLM,1336.4354398893227,4303.461087199933,0.011894275415014973,734735
2803,MS,OD,2801432.972350402,9020905.48115606,24.93275345391858,734735
2804,MS,FIC,7875.090860578601,25358.611471325894,0.07008830865914956,759824
2804,MS,NCATS,16887.890989581603,54380.76509296814,0.15030222980727628,759824
2804,MS,NCCIH,8095.598124137285,26068.66778968297,0.07205082330482185,759824
2804,MS,NCI,201291.76578490503,648180.4173801622,1.791496715485655,759824
2804,MS,NEI,32544.157094267575,104795.56998466057,0.2896429981389815,759824
2804,MS,NHGRI,5777.53193864164,18604.253625643272,0.051420034253910604,759824
2804,MS,NHLBI,554282.4526997671,1784847.1353833054,4.933113829027928,759824
2804,MS,NIA,243155.9675954196,782987.5005065678,2.1640881115992348,759824
2804,MS,NIAAA,92477.73106526573,297787.91043199954,0.8230518064808652,759824
2804,MS,NIAID,656926.7915879841,2115372.5801914632,5.846648445133059,759824
2804,MS,NIAMS,29614.204251840798,95360.81715757401,0.2635664178413831,759824
2804,MS,NIBIB,101222.616693577,325947.3515020209,0.9008812885728354,759824
2804,MS,NICHD,204180.12718699581,657481.2414444337,1.817203131964263,759824
2804,MS,NIDA,149946.94929927686,482844.76914741145,1.3345278487635643,759824
2804,MS,NIDCD,40698.64911590705,131053.88224844939,0.3622179771315728,759824
2804,MS,NIDCR,56812.89023142916,182943.41429808558,0.5056347230597196,759824
2804,MS,NIDDK,155594.44638211484,501030.29701554484,1.3847905728008223,759824
2804,MS,NIEHS,83638.58143365978,269324.9294692199,0.7443833747595722,759824
2804,MS,NIGMS,4116437.956895708,13255358.273678035,36.63629781637181,759824
2804,MS,NIMH,148443.23609511138,478002.6562646741,1.3211448012464915,759824
2804,MS,NIMHD,202908.82431702848,653387.5140052667,1.8058885364215538,759824
2804,MS,NINDS,97968.59082284232,315469.04982468113,0.8719204583232968,759824
2804,MS,NINR,6727.3268335816,21662.69195285028,0.05987320881887625,759824
2804,MS,NLM,715.9114482628204,2305.309308270919,0.006371611889539102,759824
2804,MS,OD,502685.4860832887,1618699.5375090993,4.47390082614127,759824
2901,MO,FIC,820597.0279645779,1929393.7603429707,7.057134440495369,742814
2901,MO,NCATS,9605031.572612114,22583420.79310455,82.60327152446418,742814
2901,MO,NCCIH,1547050.7939242837,3637437.1914737155,13.304636827748839,742814
2901,MO,NCI,56558933.56383003,132981780.0831918,486.40682864893824,742814
2901,MO,NEI,6979949.561180177,16411308.68369537,60.02756622614952,742814
2901,MO,NHGRI,7667620.170669775,18028164.872428425,65.94153346776007,742814
2901,MO,NHLBI,41186060.50422726,96836968.01470052,354.20012033635436,742814
2901,MO,NIA,83275468.36620244,195797892.9730233,716.169027949341,742814
2901,MO,NIAAA,1849899.2403799193,4349496.68353696,15.909133467267305,742814
2901,MO,NIAID,68317533.15724424,160628685.82714492,587.5307851523004,742814
2901,MO,NIAMS,11298163.20331626,26564324.32114037,97.16420354851982,742814
2901,MO,NIBIB,5466311.965234981,12852432.848766977,47.01028290102083,742814
2901,MO,NICHD,13087446.284123057,30771299.84499628,112.55203804345828,742814
2901,MO,NIDA,12084512.181222951,28413193.814597435,103.92680475851736,742814
2901,MO,NIDCD,4799362.908013523,11284297.32594949,41.27452100891629,742814
2901,MO,NIDCR,1151964.8175644448,2708508.141513047,9.906897431054224,742814
2901,MO,NIDDK,35614428.39330776,83736905.66570717,306.2840841824467,742814
2901,MO,NIEHS,1391344.4146510204,3271339.2086908696,11.965561965998774,742814
2901,MO,NIGMS,25794436.263329595,60648068.03100054,221.83215186463448,742814
2901,MO,NIMH,32502808.65502697,76420842.4787733,279.5241544332319,742814
2901,MO,NIMHD,1508396.553334368,3546553.057040561,12.972210358675563,742814
2901,MO,NINDS,36198829.607769705,85110954.09422329,311.3099346268194,742814
2901,MO,NINR,978918.3296268095,2301639.9678562554,8.41869763479056,742814
2901,MO,NLM,376131.7907082311,884363.8294171537,3.234733400090787,742814
2901,MO,OD,17122987.280285243,40259693.480684265,147.25769061045307,742814
2902,MO,FIC,168392.83982043064,395926.48201742786,1.4481784224557033,773921
2902,MO,NCATS,2002390.366154565,4708034.938674264,17.220557148929256,773921
2902,MO,NCCIH,404042.6252682032,949987.988670506,3.4747665773065473,773921
2902,MO,NCI,12316956.495479193,28959718.593837257,105.92582586112104,773921
2902,MO,NEI,1601225.3708840422,3764812.854793678,13.770538189602762,773921
2902,MO,NHGRI,1542956.9096835528,3627811.620772802,13.269429423278552,773921
2902,MO,NHLBI,10221400.701921502,24032632.41784967,87.9040460365249,773921
2902,MO,NIA,17232305.20662319,40516722.592151105,148.1978247769594,773921
2902,MO,NIAAA,509369.94968594844,1197634.3675871862,4.380581567299156,773921
2902,MO,NIAID,15928373.750949673,37450909.374753,136.98401425816718,773921
2902,MO,NIAMS,2370261.9612606256,5572977.335511322,20.38425286684138,773921
2902,MO,NIBIB,1366139.1851882022,3212076.488017607,11.748796992618537,773921
2902,MO,NICHD,3317211.4683356755,7799451.972937525,28.528018627686805,773921
2902,MO,NIDA,2698024.6738620074,6343615.433159282,23.20301219521326,773921
2902,MO,NIDCD,1104569.0580372638,2597070.8835384706,9.499293899120467,773921
2902,MO,NIDCR,374047.9706182399,879464.3363136033,3.2168125473168625,773921
2902,MO,NIDDK,8145170.44826683,19150984.593249522,70.04846585509473,773921
2902,MO,NIEHS,329220.3631309268,774065.3362810817,2.83129512292597,773921
2902,MO,NIGMS,6157931.574016518,14478573.953645004,52.958211536542045,773921
2902,MO,NIMH,7568573.797750068,17795286.312814467,65.08973466065058,773921
2902,MO,NIMHD,333575.18683732726,784304.4297705665,2.868746606801014,773921
2902,MO,NINDS,8227096.974558562,19343610.84370758,70.75303398120363,773921
2902,MO,NINR,235650.6488671678,554063.536731103,2.0265955802576427,773921
2902,MO,NLM,88457.51407533197,207981.95691218512,0.7607346210478548,773921
2902,MO,OD,4120761.702804426,9688765.187185556,35.43855064411806,773921
2903,MO,FIC,100852.3396484649,237124.76185343633,0.8673301209767981,799877
2903,MO,NCATS,1188202.7810644594,2793711.107502198,10.21854391715435,799877
2903,MO,NCCIH,273629.5543024638,643359.8181876316,2.3532141670011884,799877
2903,MO,NCI,8814834.715846227,20725504.13860682,75.80757855627755,799877
2903,MO,NEI,2176013.4024389647,5116258.697039352,18.713715260975093,799877
2903,MO,NHGRI,939049.1993319702,2207899.3758241762,8.075823114254943,799877
2903,MO,NHLBI,11232560.539230647,26410078.85541816,96.60002063738355,799877
2903,MO,NIA,11721123.472710524,27558791.61365109,100.80166186531049,799877
2903,MO,NIAAA,1588339.3783361306,3734515.2144531626,13.659718653690723,799877
2903,MO,NIAID,13038544.85290408,30656322.44067913,112.13148573497507,799877
2903,MO,NIAMS,1842493.392960422,4332084.000680098,15.845443179459627,799877
2903,MO,NIBIB,1468168.0149039729,3451967.4219599133,12.626244928174165,799877
2903,MO,NICHD,4442558.291959064,10445375.691557758,38.206001310847945,799877
2903,MO,NIDA,1843709.6261196327,4334943.617018612,15.85590278462884,799877
2903,MO,NIDCD,757626.62807118206,1781337.2935263934,6.515589001412165,799877
2903,MO,NIDCR,1203442.711710206,2829543.3443906214,10.34960732070777,799877
2903,MO,NIDDK,6034858.827525982,14189204.407991027,51.89978591672344,799877
2903,MO,NIEHS,523009.2932219774,1229703.2923051594,4.497879921709005,799877
2903,MO,NIGMS,6385697.724150806,15014099.399034996,54.91700042769692,799877
2903,MO,NIMH,4469479.5777481,10508673.216471557,38.43752436863366,799877
2903,MO,NIMHD,384720.6888337368,904558.1097847978,3.308597923970136,799877
2903,MO,NINDS,5764011.549241587,13552386.297615973,49.57049932347764,799877
2903,MO,NINR,402571.804571067,946529.7842425948,3.4621175193111755,799877
2903,MO,NLM,165259.5333054245,388559.428721744,1.4212319864266505,799877
2903,MO,OD,8266309.515201208,19435807.657326046,71.09026183073038,799877
2904,MO,FIC,11390.56326139039,26781.57601646488,0.09795884404795735,784156
2904,MO,NCATS,347355.01990717713,816703.6745125103,2.987253171201723,784156
2904,MO,NCCIH,53749.62063942854,126376.5028978288,0.4622467374990854,784156
2904,MO,NCI,2856715.773505005,6716731.112401519,24.567755652143042,784156
2904,MO,NEI,1173828.3289021447,2759913.7899819156,10.094923628558442,784156
2904,MO,NHGRI,163896.73111975592,385355.1982115109,1.4095118876299007,784156
2904,MO,NHLBI,5679782.530142948,13354346.409155961,48.84612975922935,784156
2904,MO,NIA,3131034.6863818364,7361711.755533305,26.92689830288379,784156
2904,MO,NIAAA,1198065.338040803,2816900.023916365,10.303361907150906,784156
2904,MO,NIAID,4798705.4632305475,11282751.5369461,41.2688669837827,784156
2904,MO,NIAMS,522943.92395678844,1229549.5956086374,4.49731774602838,784156
2904,MO,NIBIB,694100.2303436972,1631973.560517887,5.969261980955795,784156
2904,MO,NICHD,2886141.8541282383,6785917.929329969,24.820819945502848,784156
2904,MO,NIDA,470889.1796942893,1107158.0984989863,4.049646945370887,784156
2904,MO,NIDCD,283735.42001659854,667120.8038934649,2.440124612142747,784156
2904,MO,NIDCR,979713.4946649245,2303509.5657352377,8.42553605411835,784156
2904,MO,NIDDK,2333974.9896128196,5487659.141205065,20.072184910670245,784156
2904,MO,NIEHS,334907.18752066273,787436.2395622429,2.880201812677699,784156
2904,MO,NIGMS,3709504.391326284,8721813.975298394,31.90173776540604,784156
2904,MO,NIMH,856710.4245097832,2014303.8435928922,7.367709650784135,784156
2904,MO,NIMHD,233963.86866649962,550097.566732026,2.0120892705318965,784156
2904,MO,NINDS,1552047.2242020133,3649184.835047019,13.347606128137313,784156
2904,MO,NINR,278126.30187401973,653932.6041114577,2.3918861961165696,784156
2904,MO,NLM,103651.02468220954,243705.0506642133,0.8913988122670019,784156
2904,MO,OD,5152968.01726711,12115696.256447097,44.31552494849714,784156
2905,MO,FIC,2544.351190681466,5982.297210603515,0.021881420239860606,776496
2905,MO,NCATS,1238289.0204128653,2911474.2413969873,10.64928557555064,776496
2905,MO,NCCIH,11572.131123718113,27208.479708186558,0.09952032766397576,776496
2905,MO,NCI,3883786.9033304257,9131588.297820318,33.40056736864166,776496
2905,MO,NEI,545303.5834004506,1282121.7911490018,4.689610817243875,776496
2905,MO,NHGRI,406330.37781479297,955366.9692641203,3.494441249207219,776496
2905,MO,NHLBI,2906103.760681429,6832852.51066011,24.992492341860284,776496
2905,MO,NIA,4846815.904621814,11395869.160169644,41.6826167797476,776496
2905,MO,NIAAA,601636.1182841295,1414571.2609922737,5.174070617243514,776496
2905,MO,NIAID,2072647.1595172237,4873223.2273423895,17.824765571848122,776496
2905,MO,NIAMS,207511.58054759083,487902.7525855383,1.7845995927092808,776496
2905,MO,NIBIB,130931.95205907183,307848.1675212731,1.1260147877080176,776496
2905,MO,NICHD,3268195.8955951845,7684206.198236495,28.106484702118582,776496
2905,MO,NIDA,311081.20699300646,731416.4191174418,2.6752983801398553,776496
2905,MO,NIDCD,672132.8688733999,1580323.7388543605,5.780342672311239,776496
2905,MO,NIDCR,868668.7504293519,2042420.3473421107,7.470551253692426,776496
2905,MO,NIDDK,3887506.456506422,9140333.738571951,33.43255552595522,776496
2905,MO,NIEHS,225250.7945061246,529611.322758987,1.9371568327526714,776496
2905,MO,NIGMS,5061369.931591796,11900330.164518064,43.52778141168944,776496
2905,MO,NIMH,826844.4133471842,1944082.6587485091,7.110861954785784,776496
2905,MO,NIMHD,339296.13953085174,797755.5757703055,2.917946799965325,776496
2905,MO,NINDS,1022745.0273868125,2404685.6215851367,8.795607235526587,776496
2905,MO,NINR,235386.29282685384,553441.9808671294,2.0243221183109426,776496
2905,MO,NLM,17843.74396592827,41954.34189472308,0.15345619810698313,776496
2905,MO,OD,3333168.1528408634,7836969.446765617,28.665246114431422,776496
2906,MO,FIC,13227.9406753872,31101.63128982321,0.11376028980832992,788896
2906,MO,NCATS,427308.95296457026,1004691.949267111,3.6748569954953036,788896
2906,MO,NCCIH,37445.35846827424,88041.80190817454,0.3220300828271584,788896
2906,MO,NCI,1938430.2528329077,4557651.450374618,16.670500174363003,788896
2906,MO,NEI,346247.65811786597,814100.0373386849,2.977729859813647,788896
2906,MO,NHGRI,217870.30689319203,512258.2660656164,1.8736846392814512,788896
2906,MO,NHLBI,1941199.646398316,4564162.868869864,16.694316959025514,788896
2906,MO,NIA,2540915.0569155943,5974218.147650994,21.851869489474108,788896
2906,MO,NIAAA,296969.40253282664,698236.6408038572,2.553936861782309,788896
2906,MO,NIAID,1972337.422777485,4637374.237433969,16.96210183588637,788896
2906,MO,NIAMS,260926.19892458894,613491.5957029787,2.2439653107514648,788896
2906,MO,NIBIB,199547.35862459513,469177.2154941733,1.716107284171518,788896
2906,MO,NICHD,1335192.8365094345,3139315.205668934,11.482658393981135,788896
2906,MO,NIDA,301819.470479788,709640.1561898654,2.595647446126177,788896
2906,MO,NIDCD,224187.4964745597,527111.2886160717,1.9280124696812133,788896
2906,MO,NIDCR,296510.95484093373,697158.7352228733,2.5499942116320296,788896
2906,MO,NIDDK,1593166.4681708391,3745864.7035328425,13.701231626269214,788896
2906,MO,NIEHS,116420.80756304365,273729.45798180765,1.0012189450421753,788896
2906,MO,NIGMS,1908529.1782853266,4487347.824241885,16.413350933253806,788896
2906,MO,NIMH,714960.4717764939,1681020.3134162207,6.148660057277847,788896
2906,MO,NIMHD,130083.37321122039,305852.98270045465,1.1187170096164951,788896
2906,MO,NINDS,910861.9143971293,2141625.2244185987,7.8334124638153115,788896
2906,MO,NINR,95703.09751532858,225017.8259231283,0.8230466386318257,788896
2906,MO,NLM,22154.155001914103,52089.011987268845,0.19052573301646125,788896
2906,MO,OD,1571158.592264023,3694119.6240285495,13.511963893470595,788896
2907,MO,FIC,21394.582071355384,50303.09853303601,0.18399340581365628,803037
2907,MO,NCATS,241951.24938669673,568877.554957498,2.0807807447255917,803037
2907,MO,NCCIH,110300.18536637985,259338.606110273,0.9485815941508666,803037
2907,MO,NCI,2356143.671689604,5539782.309357486,20.26283557653059,803037
2907,MO,NEI,272113.4941114206,639795.2463293122,2.3401760493582167,803037
2907,MO,NHGRI,197035.45409143926,463271.20710310055,1.6945049051863774,803037
2907,MO,NHLBI,1355938.4045586244,3188092.337665329,11.661070279204168,803037
2907,MO,NIA,2183516.706115197,5133900.519762972,18.77824367259069,803037
2907,MO,NIAAA,111590.78942647547,262373.08385728387,0.9596807890676889,803037
2907,MO,NIAID,1940509.721784781,4562540.713050261,16.688383607349113,803037
2907,MO,NIAMS,288989.59435817867,679474.457203109,2.4853105114803364,803037
2907,MO,NIBIB,186498.4184010345,438496.451381641,1.6038863982488964,803037
2907,MO,NICHD,465034.65881554765,1093392.9060009588,3.999298065813709,803037
2907,MO,NIDA,367862.5299805123,864921.0828472764,3.163617757832405,803037
2907,MO,NIDCD,154931.29760890023,364275.60507976316,1.332409159436542,803037
2907,MO,NIDCR,98641.95594616552,231927.6914548773,0.8483208211370233,803037
2907,MO,NIDDK,937743.7755662565,2204830.0538764494,8.064596469869805,803037
2907,MO,NIEHS,74866.23474504703,176026.04110784212,0.6438496188074043,803037
2907,MO,NIGMS,956973.7074631462,2250043.611017532,8.229973884183057,803037
2907,MO,NIMH,762850.3817463197,1793619.4215416245,6.560513283018349,803037
2907,MO,NIMHD,71984.67223443663,169250.89016463162,0.6190681812161549,803037
2907,MO,NINDS,951981.3086358304,2238305.446220057,8.187039254268141,803037
2907,MO,NINR,40281.31150905192,94709.71553086235,0.34641927897784647,803037
2907,MO,NLM,14241.226475694457,33484.07630721041,0.12247454769097231,803037
2907,MO,OD,717211.3031704539,1686312.4847245452,6.168017207265903,803037
2908,MO,FIC,52915.44708839194,124415.18791670432,0.45507284496017064,776269
2908,MO,NCATS,620878.2755344048,1459813.5624740454,5.339553169595881,776269
2908,MO,NCCIH,131852.127968282,310011.6918787177,1.1339283005272252,776269
2908,MO,NCI,3969594.7334337174,9333340.298312582,34.138514707529964,776269
2908,MO,NEI,665610.1320124668,1564987.432030219,5.7242471353072135,776269
2908,MO,NHGRI,494428.1091504797,1162503.0023558496,4.252081738694125,776269
2908,MO,NHLBI,3297609.2060186435,7753362.989777424,28.35943917176033,776269
2908,MO,NIA,5551615.786071998,13052999.818969872,47.743895760219175,776269
2908,MO,NIAAA,191654.5894731367,450619.6786841464,1.6482294694689754,776269
2908,MO,NIAID,5059129.950529703,11895063.504589733,43.50851757455544,776269
2908,MO,NIAMS,790825.1967464318,1859394.012075841,6.801096692019312,776269
2908,MO,NIBIB,412352.79615409457,969526.923504809,3.5462340469252127,776269
2908,MO,NICHD,1039853.0652930725,2444910.165987793,8.942736361520423,776269
2908,MO,NIDA,835290.6298855769,1963941.465120379,7.183499417015961,776269
2908,MO,NIDCD,333868.8032299896,784994.7827899313,2.87127170777791,776269
2908,MO,NIDCR,143234.72310855222,336774.53319027013,1.231818618733549,776269
2908,MO,NIDDK,2546280.703154289,5986833.894504019,21.898014047126885,776269
2908,MO,NIEHS,113830.66363108663,267639.4925415187,0.9789437072273449,776269
2908,MO,NIGMS,2078004.1659439674,4885818.660206086,17.870835827118118,776269
2908,MO,NIMH,2209228.881818045,5194355.176159875,18.999368383635183,776269
2908,MO,NIMHD,109396.32685565458,257213.4473400154,0.9408084109586293,776269
2908,MO,NINDS,2544557.342619601,5982781.916554872,21.88319314652857,776269
2908,MO,NINR,80637.1221667845,189594.5940073813,0.6934792506343466,776269
2908,MO,NLM,29878.572646010816,70250.71949645894,0.256955724755693,776269
2908,MO,OD,1450450.694265066,3410310.327520402,12.473875970679567,776269
3001,MT,FIC,2207.517603613109,5828.197569777752,0.0203091619532406,579075
3001,MT,NCATS,256760.4511993778,677888.4278186357,2.3621961510342757,579075
3001,MT,NCCIH,119074.9354863363,314376.76804344857,1.095489406474294,579075
3001,MT,NCI,802531.6146988027,2118811.102027853,7.383290855228985,579075
3001,MT,NEI,101075.32397041573,266854.93088014337,0.9298929805278248,579075
3001,MT,NHGRI,88476.27542210829,233591.4388877929,0.8139817338833962,579075
3001,MT,NHLBI,721716.4058831047,1905446.097440881,6.639790934124563,579075
3001,MT,NIA,497449.68713091535,1313346.2912720789,4.576537121604421,579075
3001,MT,NIAAA,182691.2987393653,482334.08494210173,1.6807599484021607,579075
3001,MT,NIAID,5016084.58959011,13243261.103331346,46.147978224229014,579075
3001,MT,NIAMS,542386.4169506433,1431986.404990963,4.989955035945918,579075
3001,MT,NIBIB,892999.610361368,2357660.999125044,8.215596415324587,579075
3001,MT,NICHD,552046.6626106559,1457490.9899541773,5.078829296018034,579075
3001,MT,NIDA,1212709.549939631,3201746.0881109945,11.156927859444606,579075
3001,MT,NIDCD,529258.3031378835,1397326.0965548896,4.869176388868529,579075
3001,MT,NIDCR,60673.872794509116,160188.67409763046,0.5581996297094839,579075
3001,MT,NIDDK,818283.1899568214,2160397.7659297395,7.528205347602757,579075
3001,MT,NIEHS,802592.6917846384,2118972.355248509,7.383852764418673,579075
3001,MT,NIGMS,15897612.57056985,41972225.633631736,146.25803564924263,579075
3001,MT,NIMH,164480.35121967766,434254.28711676336,1.5132192312210344,579075
3001,MT,NIMHD,666243.9674911731,1758990.0374319642,6.129444500918792,579075
3001,MT,NINDS,1116155.109467439,2946827.008693358,10.268627007100438,579075
3001,MT,NINR,22762.84832514016,60097.53991209967,0.20941820459128946,579075
3001,MT,NLM,5289.3818580596435,13964.809358853296,0.04866231309414872,579075
3001,MT,OD,1451098.3524489908,3831130.4414557857,13.350104842530715,579075
3002,MT,FIC,381.61994556299567,1007.5373513074718,0.00351090349917956,558158
3002,MT,NCATS,51017.63065857254,134694.65907472037,0.46936220205886736,558158
3002,MT,NCCIH,11498.41318784748,30357.639589386592,0.10578540132819682,558158
3002,MT,NCI,1127932.5007689456,2977921.1948730815,10.376979007074299,558158
3002,MT,NEI,76432.15947204683,201793.0572144696,0.7031758671428309,558158
3002,MT,NHGRI,15618.270846323958,41234.71905351535,0.14368809178618042,558158
3002,MT,NHLBI,132718.07391569138,350396.82337979757,1.2210062800243606,558158
3002,MT,NIA,299161.88622190454,789834.960045108,2.7522893532415216,558158
3002,MT,NIAAA,40980.3024967901,108194.51633347369,0.3770187829704689,558158
3002,MT,NIAID,652835.6842608993,1723590.0371739054,6.006088295200274,558158
3002,MT,NIAMS,106123.9224980486,280184.0339511105,0.9763400869820471,558158
3002,MT,NIBIB,183544.29690442872,484586.13576358126,1.6886075315207443,558158
3002,MT,NICHD,214225.84342503638,565590.2983468159,1.9708777595103346,558158
3002,MT,NIDA,166602.41602423013,439856.8757061186,1.5327422274229172,558158
3002,MT,NIDCD,41937.649800233165,110722.06547655995,0.3858263781621451,558158
3002,MT,NIDCR,6493.27789350998,17143.286366960743,0.05973815662029181,558158
3002,MT,NIDDK,152387.2847141647,402326.6681916715,1.4019630193703152,558158
3002,MT,NIEHS,52219.266639541805,137867.16917954577,0.48041725308378463,558158
3002,MT,NIGMS,3180213.37727498,8396269.115350246,29.257963070929815,558158
3002,MT,NIMH,300546.4528429246,793490.4361340039,2.7650273661549067,558158
3002,MT,NIMHD,137323.11700790658,362554.86955566594,1.2633726764727404,558158
3002,MT,NINDS,287452.28490543476,758919.7502075894,2.64456102113,558158
3002,MT,NINR,343602.07973508775,907164.1389427368,3.1611391335628074,558158
3002,MT,NLM,1943.867406146102,5132.11911602788,0.017883580136544137,558158
3002,MT,OD,214401.9771463282,566055.3193843417,1.9724981897462195,558158
3101,NE,FIC,56907.974578735186,147257.96686591094,0.5235533661243638,672915
3101,NE,NCATS,43839.38794336082,113441.02799254334,0.40332236907891955,672915
3101,NE,NCCIH,25589.54695311588,66216.81205894997,0.23542383196866612,672915
3101,NE,NCI,3736124.15152261,9667784.710043604,34.37234219400801,672915
3101,NE,NEI,315968.9560921733,817617.3271199886,2.9069143960479944,672915
3101,NE,NHGRI,65570.01880560904,169672.31267938294,0.6032441730116032,672915
3101,NE,NHLBI,2455340.4048446934,6353563.60260025,22.58913172457118,672915
3101,NE,NIA,969776.2252862769,2509442.240875632,8.921941272633747,672915
3101,NE,NIAAA,1495711.6896016453,3870379.574370191,13.760547544335138,672915
3101,NE,NIAID,3674160.6386081744,9507444.77527708,33.8022778751952,672915
3101,NE,NIAMS,349528.7311295574,904458.3063863495,3.2156643263919285,672915
3101,NE,NIBIB,374311.6827821918,968587.9314576802,3.4436674815961643,672915
3101,NE,NICHD,959330.2063404074,2482411.5914245034,8.825837898331748,672915
3101,NE,NIDA,2360441.1640997124,6107997.504831478,21.716058709717355,672915
3101,NE,NIDCD,1556201.5978579854,4026906.334840465,14.317054700293466,672915
3101,NE,NIDCR,166853.1731737667,431757.74974560214,1.5350491931986536,672915
3101,NE,NIDDK,1434241.2188428477,3711315.460540116,13.195019213354199,672915
3101,NE,NIEHS,161251.84582929107,417263.470470969,1.4835169816294778,672915
3101,NE,NIGMS,16124145.20443113,41723657.498478286,148.3421358807664,672915
3101,NE,NIMH,1395744.3490197756,3611699.0039220033,12.840848010981937,672915
3101,NE,NIMHD,764327.3958919807,1977812.409809909,7.031812042206223,672915
3101,NE,NINDS,2147932.6581182196,5558099.695882916,19.76098045468762,672915
3101,NE,NINR,84008.15637314733,217383.7744048937,0.7728750386329555,672915
3101,NE,NLM,1839.2967948924527,4759.4578525038205,0.016921530513010565,672915
3101,NE,OD,1167785.6432042592,3021821.4727627602,10.743627917479184,672915
3102,NE,FIC,7676.95336562065,19865.274642337044,0.07062797096370999,682617
3102,NE,NCATS,19496.24725411793,50449.48011959828,0.17936547473788497,682617
3102,NE,NCCIH,6093.161215672737,15766.973592862172,0.05605708318418918,682617
3102,NE,NCI,15271750.613774918,39517957.940257885,140.50010564672925,682617
3102,NE,NEI,1468626.832997713,3800293.4230728615,13.51136686357896,682617
3102,NE,NHGRI,299769.7924428934,775699.5480814687,2.757882090474619,682617
3102,NE,NHLBI,7871097.0467337435,20367650.697225858,72.41409282995043,682617
3102,NE,NIA,4198912.959846725,10865320.54762325,38.62999923058987,682617
3102,NE,NIAAA,3388219.102171843,8767527.92513736,31.171615739980954,682617
3102,NE,NIAID,9924512.239239715,25681172.196073815,91.30551260100538,682617
3102,NE,NIAMS,906879.2488506027,2346686.828466499,8.343289089425545,682617
3102,NE,NIBIB,343339.7377052426,888443.3525005782,3.158725586888232,682617
3102,NE,NICHD,2467160.0443022433,6384148.702289552,22.69787240758064,682617
3102,NE,NIDA,6478066.3183475025,16762973.595951026,59.59821012879702,682617
3102,NE,NIDCD,5278998.923085581,13660205.871944662,48.56679009238734,682617
3102,NE,NIDCR,524397.4552506893,1356957.503083047,4.824456588306342,682617
3102,NE,NIDDK,2234292.6746384986,5781569.263117081,20.555492606674186,682617
3102,NE,NIEHS,689771.8061926246,1784888.5772734631,6.345900616972147,682617
3102,NE,NIGMS,25140273.698585257,65054249.755175196,231.29051802698436,682617
3102,NE,NIMH,5139849.847055218,13300136.651783766,47.286618592908006,682617
3102,NE,NIMHD,253636.18713997875,656321.8866659777,2.3334529216878046,682617
3102,NE,NINDS,5853836.029836083,15147683.58039912,53.85529147449196,682617
3102,NE,NINR,229279.54992391204,593295.4144943814,2.1093718592999906,682617
3102,NE,NLM,1780.1166907278416,4606.320407660547,0.016377073554696142,682617
3102,NE,OD,2372638.276288989,6139559.372143119,21.828272141858697,682617
3103,NE,FIC,7025.35375256134,18179.162371780447,0.06463325452356433,649934
3103,NE,NCATS,15570.789979762669,40291.76739972654,0.14325126781381656,649934
3103,NE,NCCIH,4065.840748170404,10520.976130467916,0.037405734883167716,649934
3103,NE,NCI,1233166.9534074643,3191005.473473112,11.345135971348672,649934
3103,NE,NEI,114813.27772393181,297096.6718108271,1.0562821550601726,649934
3103,NE,NHGRI,25156.1542401053,65095.343051400945,0.23143661900896878,649934
3103,NE,NHLBI,785864.437577887,2033542.7533065835,7.22995282571656,649934
3103,NE,NIA,349457.99105652154,904275.2557786214,3.2150135177199983,649934
3103,NE,NIAAA,364523.1503745868,943258.6275839203,3.3536129834461987,649934
3103,NE,NIAID,946343.6829726027,2448807.003632441,8.706361883347945,649934
3103,NE,NIAMS,90985.09089219607,235437.64470755635,0.8370628362082038,649934
3103,NE,NIBIB,62780.104050236594,162452.98748556612,0.5775769572621766,649934
3103,NE,NICHD,215488.22361212192,557608.2777074496,1.9824916572315217,649934
3103,NE,NIDA,570881.9615589897,1477243.1737715236,5.252114046342705,649934
3103,NE,NIDCD,338336.09620801144,875495.6754963874,3.1126920851137054,649934
3103,NE,NIDCR,50869.01780307824,131631.25543649629,0.46799496378831984,649934
3103,NE,NIDDK,298964.91800174536,773616.8140769082,2.7504772456160573,649934
3103,NE,NIEHS,56053.35199522861,145046.50204017284,0.5156908383561032,649934
3103,NE,NIGMS,3279228.8786524464,8485499.28429157,30.168905683602507,649934
3103,NE,NIMH,427109.2821252227,1105209.6824901078,3.9294053955520485,649934
3103,NE,NIMHD,101441.63755388405,262495.5362111152,0.9332630654957332,649934
3103,NE,NINDS,542060.4563065338,1402663.182181421,4.986956198020111,649934
3103,NE,NINR,22802.340840616573,59004.49588707454,0.20978153573367248,649934
3103,NE,NLM,1484.2484887924504,3840.716813440223,0.013655086096890545,649934
3103,NE,OD,249875.4386828217,646590.3828513612,2.2988540358819596,649934
3201,NV,FIC,819.9686322100304,4342.5069090072975,0.007133727100227264,792232
3201,NV,NCATS,13339.282678140315,70644.07699950683,0.11605175929982073,792232
3201,NV,NCCIH,2789.0148010203284,14770.462633565892,0.024264428768876856,792232
3201,NV,NCI,662753.3369528132,3509903.7104971185,5.765954031489475,792232
3201,NV,NEI,29952.909573946974,158628.8934238385,0.26059031329333865,792232
3201,NV,NHGRI,48330.539262091625,255955.76759565948,0.4204756915801971,792232
3201,NV,NHLBI,116001.70113372625,614338.3647153665,1.0092147998634184,792232
3201,NV,NIA,835915.430758468,4426960.240699381,7.272464247598672,792232
3201,NV,NIAAA,12336.256103178657,65332.105711106065,0.10732542809765432,792232
3201,NV,NIAID,561468.6012425817,2973505.5516880406,4.884776830810461,792232
3201,NV,NIAMS,29862.806739825497,158151.7139753527,0.2598064186364818,792232
3201,NV,NIBIB,11113.867274654482,58858.40449274056,0.09669064528949399,792232
3201,NV,NICHD,211444.06489878404,1119795.6563494077,1.8395633646194212,792232
3201,NV,NIDA,60154.91135585731,318576.9649132396,0.5233477287959586,792232
3201,NV,NIDCD,13403.114021268046,70982.1241365007,0.116607091985032,792232
3201,NV,NIDCR,71512.79432197446,378727.662530934,0.6221613106011779,792232
3201,NV,NIDDK,74395.3181404666,393993.34356490546,0.6472392678220593,792232
3201,NV,NIEHS,161923.78717654603,857539.1020161234,1.4087369484359504,792232
3201,NV,NIGMS,2412578.0180998654,12776874.993230553,20.98942875746883,792232
3201,NV,NIMH,82337.74629320456,436055.98812558694,0.7163383927508796,792232
3201,NV,NIMHD,9969.302345279946,52796.85418657805,0.08673293040393552,792232
3201,NV,NINDS,146119.3137197088,773839.5158568827,1.2712380293614665,792232
3201,NV,NINR,3550.325196094309,18802.318878599694,0.030887829206020487,792232
3201,NV,NLM,1257.7028490375274,6660.722248244089,0.010942014786626488,792232
3201,NV,OD,355389.8498887345,1882124.288551556,3.09189169403199,792232
3202,NV,FIC,2645.4126636958017,14009.953939715953,0.023015090174153475,802677
3202,NV,NCATS,26232.52931525251,138925.9726743325,0.22822300504269682,802677
3202,NV,NCCIH,7025.237830965351,37205.25715253488,0.06111956912939855,802677
3202,NV,NCI,481282.68844288506,2548845.5504886922,4.1871593894531,802677
3202,NV,NEI,1244146.0881197518,6588926.418944461,10.82407096664184,802677
3202,NV,NHGRI,19532.393053408072,103442.4348102924,0.16993181956465023,802677
3202,NV,NHLBI,2535280.5366679514,13426700.503260583,22.056940669011176,802677
3202,NV,NIA,1781273.8314812798,9433524.181520192,15.497082333887134,802677
3202,NV,NIAAA,199375.1284012527,1055879.259957947,1.7345636170908985,802677
3202,NV,NIAID,2275007.8283047094,12048311.147990813,19.79256810625097,802677
3202,NV,NIAMS,1391796.4500293545,7370874.278317751,12.108629115255384,802677
3202,NV,NIBIB,221542.07953742513,1173274.1634690845,1.9274160919755985,802677
3202,NV,NICHD,837747.0294444914,4436660.282427987,7.288399156167075,802677
3202,NV,NIDA,486716.9832802578,2577625.26467516,4.234437754538242,802677
3202,NV,NIDCD,617551.5740852411,3270517.763472912,5.372698694541597,802677
3202,NV,NIDCR,23299.935247163496,123395.12246648163,0.2027094366503224,802677
3202,NV,NIDDK,2745509.0891637155,14540058.875547219,23.885929075724324,802677
3202,NV,NIEHS,489476.66955366,2592240.405106376,4.258447025116841,802677
3202,NV,NIGMS,10452743.119916344,55357128.837934054,90.9388651432722,802677
3202,NV,NIMH,570630.2386354395,3022025.0585490223,4.964483076128324,802677
3202,NV,NIMHD,109784.14979026021,581410.5689369629,0.9551221031752638,802677
3202,NV,NINDS,1733963.587707733,9182971.84039012,15.085483213057277,802677
3202,NV,NINR,4246.683274037831,22490.19137252971,0.03694614448412913,802677
3202,NV,NLM,2571.8005781069396,13620.108550881383,0.022374665029530373,802677
3202,NV,OD,1654483.776329318,8762051.31187293,14.394008854065067,802677
3203,NV,FIC,543.1558869252062,2876.5224656015102,0.004725456216249294,839433
3203,NV,NCATS,9562.833857710979,50644.220358617335,0.08319665456208551,839433
3203,NV,NCCIH,2063.4931101592506,10928.14131609398,0.01795239005838548,839433
3203,NV,NCI,676923.9951178336,3584950.704454589,5.889238757525153,839433
3203,NV,NEI,33090.86239740449,175247.31183732834,0.2878905028574191,839433
3203,NV,NHGRI,21750.34748951533,115188.59446118024,0.18922802315878337,839433
3203,NV,NHLBI,102860.48045319857,544743.2127103762,0.8948861799428276,839433
3203,NV,NIA,730495.9545866513,3868664.7332405234,6.355314804903866,839433
3203,NV,NIAAA,13124.847735011179,69508.4418233647,0.11418617529459725,839433
3203,NV,NIAID,418501.91070815595,2216362.147640568,3.6409666231609568,839433
3203,NV,NIAMS,32628.502992724643,172798.68291373743,0.2838679760367044,839433
3203,NV,NIBIB,14135.497937345239,74860.78740565415,0.12297883205490358,839433
3203,NV,NICHD,185073.71302356973,980139.7832918884,1.6101413033050567,839433
3203,NV,NIDA,58235.33922580279,308411.0208640964,0.5066474512644843,839433
3203,NV,NIDCD,16142.83915211259,85491.55150009031,0.14044270062337955,839433
3203,NV,NIDCR,61563.818940371995,326038.4587796789,0.5356052247812363,839433
3203,NV,NIDDK,79679.2823359998,421976.9152830157,0.6932097563231983,839433
3203,NV,NIEHS,133047.5417022148,704612.1599933525,1.1575136128092687,839433
3203,NV,NIGMS,2127676.839103719,11268054.668188909,18.510788500202356,839433
3203,NV,NIMH,65607.40589889092,347453.06369842234,0.5707844313203511,839433
3203,NV,NIMHD,10509.15846599899,55655.90127935981,0.0914296786541912,839433
3203,NV,NINDS,137145.75710834865,726316.0740415887,1.1931680868426333,839433
3203,NV,NINR,2815.828421476923,14912.466031640315,0.024497707266849227,839433
3203,NV,NLM,1747.3277269218297,9253.747556180288,0.015201751224219918,839433
3203,NV,OD,299119.14693280053,1584117.8688398197,2.6023365783153647,839433
3204,NV,FIC,1303.472647399784,6903.116478711505,0.01134021203237812,833125
3204,NV,NCATS,12217.954195315544,64705.585583305954,0.10629620149924524,833125
3204,NV,NCCIH,2711.5364574761707,14360.14176405638,0.023590367180042683,833125
3204,NV,NCI,869330.093430557,4603922.380244406,7.563171812845846,833125
3204,NV,NEI,25073.508363259007,132787.86410040988,0.21813952276035334,833125
3204,NV,NHGRI,24695.81527465221,130787.62313711995,0.21485359288947423,833125
3204,NV,NHLBI,95386.5042301264,505161.46273663605,0.8298625868020997,833125
3204,NV,NIA,453307.47586711706,2400690.427086236,3.9437750400439184,833125
3204,NV,NIAAA,12951.39089336208,68589.82432546648,0.1126771007722501,833125
3204,NV,NIAID,395377.4308224032,2093896.226718169,3.439783648154908,833125
3204,NV,NIAMS,19400.21909505062,102742.44909765472,0.16878190612694038,833125
3204,NV,NIBIB,10394.679675290146,55049.62816102347,0.09043371317502427,833125
3204,NV,NICHD,116442.70642476305,616673.9034762512,1.0130515458954386,833125
3204,NV,NIDA,49017.97659242591,259596.3963212246,0.4264563963541054,833125
3204,NV,NIDCD,15478.995301627407,81975.87249238954,0.13466725912415844,833125
3204,NV,NIDCR,41878.14052207869,221784.23345702296,0.3643398225420846,833125
3204,NV,NIDDK,57526.219613390625,304655.56401459145,0.5004781106364984,833125
3204,NV,NIEHS,79337.59919231887,420167.380925431,0.6902371129731741,833125
3204,NV,NIGMS,1156711.873212942,6125879.824963051,10.063393296952594,833125
3204,NV,NIMH,71152.066355768,376817.2678841269,0.6190229772951815,833125
3204,NV,NIMHD,13492.991721477529,71458.1112886841,0.1173890279768545,833125
3204,NV,NINDS,100450.32464236887,531979.1655881063,0.8739178243886091,833125
3204,NV,NINR,3858.3752239607284,20433.73418130992,0.033567864448458336,833125
3204,NV,NLM,1225.8847721327086,6492.215535471314,0.010665197517554565,833125
3204,NV,OD,184674.21877520185,978024.0846352576,1.606665703344256,833125
3301,NH,FIC,46365.48517066736,111943.1879534897,0.32455839619467153,708843
3301,NH,NCATS,700335.8226625188,1690866.0469807775,4.902350758637632,708843
3301,NH,NCCIH,230207.68048089533,555805.2838129904,1.6114537633662673,708843
3301,NH,NCI,5640528.114029517,13618291.634424856,39.48369679820662,708843
3301,NH,NEI,981469.9199472596,2369626.270811892,6.870289439630817,708843
3301,NH,NHGRI,752424.7626335496,1816627.7418279622,5.266973338434847,708843
3301,NH,NHLBI,3934104.195867169,9498362.064054988,27.538729371070183,708843
3301,NH,NIA,4310497.596382643,10407112.98132163,30.173483174678502,708843
3301,NH,NIAAA,292044.8640375508,705102.7932840314,2.0443140482628555,708843
3301,NH,NIAID,5060663.265604606,12218286.447896203,35.42464285923224,708843
3301,NH,NIAMS,1028421.987447588,2482985.6824010825,7.198953912133116,708843
3301,NH,NIBIB,1336945.2183660562,3227873.2620219146,9.358616528562393,708843
3301,NH,NICHD,1528470.9943059487,3690286.3232690585,10.699296960141641,708843
3301,NH,NIDA,1642429.744212052,3965424.2995616947,11.497008209484365,708843
3301,NH,NIDCD,649610.0567276814,1568395.5513259491,4.54727039709377,708843
3301,NH,NIDCR,469512.97375235433,1133575.5222639714,3.28659081626648,708843
3301,NH,NIDDK,2260843.8387023574,5458501.422723371,15.825906870916501,708843
3301,NH,NIEHS,737945.8741238264,1781670.4253707852,5.165621118866785,708843
3301,NH,NIGMS,5669103.217436425,13687282.353700098,39.68372252205498,708843
3301,NH,NIMH,3294086.736365727,7953126.540286314,23.05860715456009,708843
3301,NH,NIMHD,255969.83513805454,618004.5190902201,1.7917888459663818,708843
3301,NH,NINDS,2718351.3201076924,6563091.308768296,19.028459240753847,708843
3301,NH,NINR,117067.85223461308,282644.4830194802,0.8194749656422915,708843
3301,NH,NLM,103640.82617714052,250226.74607409065,0.7254857832399837,708843
3301,NH,OD,3078042.961612638,7431518.089639353,21.546300731288465,708843
3302,NH,FIC,192968.70409394233,465896.8159616177,1.3507809286575962,700189
3302,NH,NCATS,1446814.5654753516,3493137.928799606,10.127701958327462,700189
3302,NH,NCCIH,284385.8924238989,686611.2430344962,1.9907012469672924,700189
3302,NH,NCI,16702485.368483124,40325890.088547654,116.91739757938187,700189
3302,NH,NEI,1398023.5134550503,3375338.5380102596,9.786164594185353,700189
3302,NH,NHGRI,855451.9381927269,2065372.9115481859,5.988163567349089,700189
3302,NH,NHLBI,5571868.776357569,13452522.957283191,39.00308143450298,700189
3302,NH,NIA,7750217.114310989,18711850.15996631,54.25151980017692,700189
3302,NH,NIAAA,573987.6697474986,1385815.5341417508,4.01791368823249,700189
3302,NH,NIAID,12768485.61012419,30827780.17471973,89.37939927086933,700189
3302,NH,NIAMS,1727421.6696478473,4170625.799094526,12.09195168753493,700189
3302,NH,NIBIB,2722060.9855861636,6572047.793929025,19.054426899103145,700189
3302,NH,NICHD,3567066.9479893018,8612200.310891297,24.96946863592511,700189
3302,NH,NIDA,6545173.814606457,15802436.226425534,45.8162167022452,700189
3302,NH,NIDCD,1401976.0034327784,3384881.2900559343,9.813832024029448,700189
3302,NH,NIDCR,685893.9484303884,1655998.0964866283,4.801257639012718,700189
3302,NH,NIDDK,4463379.3098263545,10776225.184497884,31.243655168784482,700189
3302,NH,NIEHS,1396007.8979874195,3370472.107295593,9.772055285911936,700189
3302,NH,NIGMS,19727811.169398475,47630129.729431674,138.09467818578932,700189
3302,NH,NIMH,7196150.903333373,17374132.291473392,50.373056323333614,700189
3302,NH,NIMHD,630556.5996401783,1522393.5582472812,4.413896197481248,700189
3302,NH,NINDS,5730212.927836216,13834823.477704013,40.11149049485351,700189
3302,NH,NINR,194038.51849065517,468479.73801334976,1.3582696294345862,700189
3302,NH,NLM,621365.1911380406,1500202.1465597998,4.349556337966284,700189
3302,NH,OD,7824023.609658981,18890045.95260207,54.768165267612865,700189
3401,NJ,FIC,80627.56480364961,262204.16701831477,0.7095225702721166,784146
3401,NJ,NCATS,1544552.823665096,5022949.502830087,13.592064848252845,784146
3401,NJ,NCCIH,148729.67672376332,483675.04452388437,1.3088211551691173,784146
3401,NJ,NCI,22431014.183488965,72946583.51248507,197.3929248147029,784146
3401,NJ,NEI,1820298.7351772198,5919686.582919472,16.018628869559535,784146
3401,NJ,NHGRI,1627480.6966940418,5292634.367095901,14.32183013090757,784146
3401,NJ,NHLBI,12804265.626496661,41640000.05522711,112.67753751317062,784146
3401,NJ,NIA,9616508.901671438,31273283.675719213,84.62527833470865,784146
3401,NJ,NIAAA,781031.7186921707,2539947.370521273,6.8730791244911025,784146
3401,NJ,NIAID,11838911.9496354,38500630.07256807,104.18242515679152,784146
3401,NJ,NIAMS,2786844.2246586923,9062932.389387475,24.524229176996492,784146
3401,NJ,NIBIB,1032086.1234074612,3356386.6518633272,9.08235788598566,784146
3401,NJ,NICHD,4285429.607870909,13936393.87948565,37.711780549264006,784146
3401,NJ,NIDA,4077641.240174895,13260657.53546348,35.88324291353908,784146
3401,NJ,NIDCD,1379911.7164412173,4487529.829896395,12.143223104682713,784146
3401,NJ,NIDCR,1240962.0416838091,4035659.755239461,10.92046596681752,784146
3401,NJ,NIDDK,7746427.406612844,25191701.503885992,68.16856117819303,784146
3401,NJ,NIEHS,1087761.194281506,3537444.2792115584,9.572298509677251,784146
3401,NJ,NIGMS,10306031.334508222,33515639.07343832,90.69307574367235,784146
3401,NJ,NIMH,5894630.986963558,19169583.151631597,51.872752685279316,784146
3401,NJ,NIMHD,901490.8252803611,2931685.3546665804,7.933119262467178,784146
3401,NJ,NINDS,7791900.705751209,25339582.548677385,68.56872621061063,784146
3401,NJ,NINR,1028624.8907752547,3345130.580550812,9.051899038822242,784146
3401,NJ,NLM,292375.7746116359,950818.0809512482,2.572906816582396,784146
3401,NJ,OD,5745835.186466753,18685693.069869854,50.563349640907425,784146
3402,NJ,FIC,28885.46137876239,93936.7120686654,0.254192060133109,794193
3402,NJ,NCATS,621194.893522103,2020151.421026435,5.466515062994507,794193
3402,NJ,NCCIH,55459.309794836045,180355.96341745672,0.4880419261945572,794193
3402,NJ,NCI,4960474.900851417,16131669.021140138,43.652179127492474,794193
3402,NJ,NEI,453656.4200055959,1475309.393378748,3.992176496049244,794193
3402,NJ,NHGRI,320900.9485202231,1043583.123303304,2.8239283469779632,794193
3402,NJ,NHLBI,3309637.5137682613,10763077.73332244,29.1248101211607,794193
3402,NJ,NIA,2668823.2220257167,8679123.2198881,23.48564435382631,794193
3402,NJ,NIAAA,284244.5014178847,924374.8450708392,2.501351612477386,794193
3402,NJ,NIAID,3720123.525139078,12097995.176832821,32.737087021223886,794193
3402,NJ,NIAMS,637387.45032732,2072810.2837782528,5.609009562880416,794193
3402,NJ,NIBIB,286925.46207468543,933093.4397293434,2.524944066257232,794193
3402,NJ,NICHD,1231817.4076407282,4005921.0280709974,10.839993187238408,794193
3402,NJ,NIDA,1318947.8124376242,4289272.699020937,11.606740749451093,794193
3402,NJ,NIDCD,389352.91920528386,1266191.755945847,3.4263056890064982,794193
3402,NJ,NIDCR,337240.0417359308,1096718.5285073726,2.967712367276191,794193
3402,NJ,NIDDK,1785903.1914855565,5807830.855851718,15.715948085072899,794193
3402,NJ,NIEHS,535578.4253620274,1741723.1344766405,4.713090143185841,794193
3402,NJ,NIGMS,3519038.905406853,11444059.697750907,30.96754236758031,794193
3402,NJ,NIMH,1958303.0648372544,6368482.356319692,17.23306697056784,794193
3402,NJ,NIMHD,317331.00960344035,1031973.5346686871,2.792512884510275,794193
3402,NJ,NINDS,2065606.322038954,6717436.975517741,18.177335633942796,794193
3402,NJ,NINR,237078.19023953687,770988.0552804879,2.0862880741079244,794193
3402,NJ,NLM,70104.389484788,227982.36674952006,0.6169186274661345,794193
3402,NJ,OD,1959177.9781435074,6371327.610486031,17.240766207662865,794193
3403,NJ,FIC,56421.18438780506,183484.01927576913,0.4965064226126845,795627
3403,NJ,NCATS,1223804.3909042291,3979862.3670682227,10.769478639957217,795627
3403,NJ,NCCIH,129138.66615009282,419964.269914408,1.1364202621208168,795627
3403,NJ,NCI,11821588.122016331,38444292.27045921,104.02997547374372,795627
3403,NJ,NEI,879229.9661533984,2859292.1224176376,7.737223702149906,795627
3403,NJ,NHGRI,851903.0790300221,2770423.958126211,7.496747095464195,795627
3403,NJ,NHLBI,6876388.507588251,22362299.11094718,60.51221886677661,795627
3403,NJ,NIA,5398850.184860212,17557283.52983655,47.50988162676987,795627
3403,NJ,NIAAA,600633.8594618088,1953286.0900203001,5.2855779632639175,795627
3403,NJ,NIAID,9028170.251553316,29359982.113721408,79.44789821366918,795627
3403,NJ,NIAMS,1421159.2394121983,4621668.476257761,12.506201306827347,795627
3403,NJ,NIBIB,520465.35339017044,1692574.800936878,4.5800951098335,795627
3403,NJ,NICHD,3410341.5065974756,11090571.272529608,30.011005258057786,795627
3403,NJ,NIDA,3407835.4757770305,11082421.556915633,29.98895218683787,795627
3403,NJ,NIDCD,690002.3156590627,2243915.996454644,6.072020377799752,795627
3403,NJ,NIDCR,682406.5163948105,2219214.143883854,6.005177344274333,795627
3403,NJ,NIDDK,3763427.3249744163,12238820.920388438,33.11816045977486,795627
3403,NJ,NIEHS,1527765.7640404347,4968357.292383322,13.444338723555827,795627
3403,NJ,NIGMS,9292105.869559908,30218311.6320991,81.7705316521272,795627
3403,NJ,NIMH,6254708.130368363,20340568.876907,55.0414315472416,795627
3403,NJ,NIMHD,706360.5839918024,2297113.7599303676,6.215973139127861,795627
3403,NJ,NINDS,5486198.03690502,17841342.34820745,48.27854272476417,795627
3403,NJ,NINR,473849.4610904966,1540977.9960474144,4.16987525759637,795627
3403,NJ,NLM,136141.41493425774,442737.4978577548,1.1980444514214683,795627
3403,NJ,OD,5033558.999997883,16369341.526636863,44.29531919998137,795627
3404,NJ,FIC,41021.99258568684,133405.2122441707,0.3609935347540442,795125
3404,NJ,NCATS,517360.57121350965,1682477.921211102,4.552773026678885,795125
3404,NJ,NCCIH,86920.8018775944,282670.03360923746,0.7649030565228307,795125
3404,NJ,NCI,3464208.8203036664,11265749.998989254,30.485037618672266,795125
3404,NJ,NEI,302118.6314761531,982502.2534146062,2.658643956990147,795125
3404,NJ,NHGRI,346203.0317255014,1125866.5417201254,3.0465866791844127,795125
3404,NJ,NHLBI,1961943.5797157912,6380321.460893532,17.265103501498963,795125
3404,NJ,NIA,2368984.5304660453,7704035.425140438,20.8470638681012,795125
3404,NJ,NIAAA,464379.40893833386,1510180.9957631463,4.0865387986573385,795125
3404,NJ,NIAID,3363119.4755759053,10937003.279510384,29.595451385067967,795125
3404,NJ,NIAMS,315499.0385079521,1026015.8890884949,2.7763915388699787,795125
3404,NJ,NIBIB,235985.51612263496,767434.633974233,2.0766725418791876,795125
3404,NJ,NICHD,939910.9966054456,3056629.336833567,8.271216770127921,795125
3404,NJ,NIDA,1193792.4812075158,3882262.398598142,10.50537383462614,795125
3404,NJ,NIDCD,300037.5195364517,975734.3915307686,2.6403301719207755,795125
3404,NJ,NIDCR,181488.01504050678,590206.5121697616,1.5970945323564598,795125
3404,NJ,NIDDK,1214441.776048838,3949414.7573053637,10.687087629229774,795125
3404,NJ,NIEHS,655091.3028639898,2130383.94259701,5.764803465203111,795125
3404,NJ,NIGMS,3724009.2484059236,12110631.709201474,32.77128138597213,795125
3404,NJ,NIMH,3025691.3518303605,9839673.100548454,26.626083896107172,795125
3404,NJ,NIMHD,229965.24791531355,747856.4733988548,2.0236941816547596,795125
3404,NJ,NINDS,2124730.3831541454,6909710.861417703,18.697627371756482,795125
3404,NJ,NINR,96895.22303540116,315107.26270751964,0.8526779627115302,795125
3404,NJ,NLM,54604.31893674614,177575.49787444193,0.480518006643366,795125
3404,NJ,OD,1740719.5994096906,5660891.9503793875,15.318332474805278,795125
3405,NJ,FIC,132113.26132970818,429637.77615494916,1.162596699701432,794119
3405,NJ,NCATS,1715585.7549440018,5579155.651284372,15.097154643507217,794119
3405,NJ,NCCIH,139508.10671744248,453686.1184289841,1.227671339113494,794119
3405,NJ,NCI,15657154.594713297,50917712.67532998,137.78296043347703,794119
3405,NJ,NEI,1631507.2449799865,5305728.868236376,14.357263755823881,794119
3405,NJ,NHGRI,1124087.9815643975,3655580.4901111205,9.891974237766698,794119
3405,NJ,NHLBI,7096482.356417809,23078053.38727622,62.44904473647672,794119
3405,NJ,NIA,10542403.64874188,34284331.59082689,92.77315210892856,794119
3405,NJ,NIAAA,780653.8913163507,2538718.6603079,6.869754243583886,794119
3405,NJ,NIAID,21244412.05046676,69087704.42282218,186.95082604410752,794119
3405,NJ,NIAMS,1306109.0013887326,4247520.355826916,11.493759212220848,794119
3405,NJ,NIBIB,643611.2480093536,2093050.3306019697,5.663778982482312,794119
3405,NJ,NICHD,2472152.9776298204,8039543.471514253,21.75494620314242,794119
3405,NJ,NIDA,3766032.5578266424,12247293.245102327,33.14108650887445,794119
3405,NJ,NIDCD,667498.3415715321,2170732.144324267,5.873985405829482,794119
3405,NJ,NIDCR,641154.8904664137,2085062.154535705,5.64216303610444,794119
3405,NJ,NIDDK,4367373.601641463,14202879.127813397,38.43288769444488,794119
3405,NJ,NIEHS,1573934.3017193177,5118499.281590433,13.850621855129996,794119
3405,NJ,NIGMS,5837166.303761044,18982705.631161023,51.36706347309718,794119
3405,NJ,NIMH,6834231.670260739,22225203.33678476,60.1412386982945,794119
3405,NJ,NIMHD,804513.2922802352,2616310.416558092,7.079716972066071,794119
3405,NJ,NINDS,5650470.730103728,18375563.92353243,49.72414242491281,794119
3405,NJ,NINR,482914.25527033315,1570457.080686827,4.249645446378932,794119
3405,NJ,NLM,210270.24153477506,683807.5001351141,1.8503781255060208,794119
3405,NJ,OD,5132119.1735088965,16689863.27697833,45.16264872687829,794119
3406,NJ,FIC,91471.82610709537,297470.1521553263,0.8049520697424394,786792
3406,NJ,NCATS,1980372.0699756402,6440251.671482878,17.427274215785634,786792
3406,NJ,NCCIH,196553.16370663902,639198.9971422392,1.7296678406184236,786792
3406,NJ,NCI,11930214.3146155,38797549.13014731,104.9858859686164,786792
3406,NJ,NEI,580719.6685746977,1888524.3196987645,5.1103330834573395,786792
3406,NJ,NHGRI,693686.3921035918,2255896.765038217,6.104440250511608,786792
3406,NJ,NHLBI,5259253.124866259,17103308.131682605,46.281427498823085,786792
3406,NJ,NIA,6252987.644609432,20334973.7862406,55.026291272563,786792
3406,NJ,NIAAA,1256005.2337773445,4084580.8365320386,11.052846057240632,786792
3406,NJ,NIAID,10559425.733136004,34339688.11151986,92.92294645159684,786792
3406,NJ,NIAMS,603517.6404324339,1962664.2647066799,5.310955235805419,786792
3406,NJ,NIBIB,445024.5554511475,1447238.2137415379,3.9162160879700982,786792
3406,NJ,NICHD,2671438.1831845785,8687627.18145651,23.508656012024293,786792
3406,NJ,NIDA,3394840.30051116,11040160.710837217,29.87459464449821,786792
3406,NJ,NIDCD,714859.5682822436,2324752.8074670727,6.290764200883744,786792
3406,NJ,NIDCR,852555.4951036475,2772545.642112958,7.502488356912098,786792
3406,NJ,NIDDK,3143739.46387731,10223570.430980466,27.66490728212033,786792
3406,NJ,NIEHS,2926426.075603086,9516858.32708481,25.75254946530716,786792
3406,NJ,NIGMS,8912813.246217947,28984836.37333662,78.43275656671794,786792
3406,NJ,NIMH,7969209.442516249,25916197.875479896,70.12904309414299,786792
3406,NJ,NIMHD,1100982.634235924,3580440.947391644,9.688647181276133,786792
3406,NJ,NINDS,4914993.823519957,15983762.68134391,43.25194564697563,786792
3406,NJ,NINR,176232.6687663961,573115.9092779126,1.5508474851442857,786792
3406,NJ,NLM,134728.19104773016,438141.6354764495,1.1856080812200254,786792
3406,NJ,OD,4926548.248385748,16021338.147683347,43.353624585794584,786792
3407,NJ,FIC,51054.99579842147,166032.95260187128,0.44928396302610896,789429
3407,NJ,NCATS,790030.6580025668,2569212.2924084333,6.952269790422588,789429
3407,NJ,NCCIH,79861.96649966601,259714.40974912874,0.702785305197061,789429
3407,NJ,NCI,5531488.025061003,17988627.258121677,48.67709462053683,789429
3407,NJ,NEI,426642.16851524904,1387457.9330636645,3.754451082934192,789429
3407,NJ,NHGRI,381415.2401995715,1240378.096351636,3.356454113756229,789429
3407,NJ,NHLBI,2773430.8961063856,9019311.691570723,24.406191885736195,789429
3407,NJ,NIA,3123087.563100499,10156409.597663527,27.483170555284392,789429
3407,NJ,NIAAA,518671.04744788946,1686739.6439887853,4.564305217541428,789429
3407,NJ,NIAID,5804734.259612605,18877235.285611685,51.081661484590924,789429
3407,NJ,NIAMS,393269.35753123864,1278928.174953867,3.4607703462749,789429
3407,NJ,NIBIB,217364.18801679162,706877.3067542203,1.9128048545477665,789429
3407,NJ,NICHD,1443225.9262248178,4693430.252129913,12.700388150778396,789429
3407,NJ,NIDA,2100238.689890116,6830062.864522326,18.48210047103302,789429
3407,NJ,NIDCD,324672.85817953816,1055849.5291249056,2.857121151979936,789429
3407,NJ,NIDCR,395292.0142866839,1285505.9381669448,3.478569725722818,789429
3407,NJ,NIDDK,1487397.797013584,4837078.998238202,13.089100613719541,789429
3407,NJ,NIEHS,935348.0494519509,3041790.4444467723,8.231062835177168,789429
3407,NJ,NIGMS,4290552.592633067,13953054.037280073,37.75686281517099,789429
3407,NJ,NIMH,3286683.718034448,10688431.042641034,28.922816718703146,789429
3407,NJ,NIMHD,369613.38472953264,1201997.975479475,3.2525977856198875,789429
3407,NJ,NINDS,2627110.7026716876,8543472.386105714,23.11857418351085,789429
3407,NJ,NINR,133692.4661120001,434773.41525679454,1.176493701785601,789429
3407,NJ,NLM,58123.39092143046,189019.66514736786,0.5114858401085881,789429
3407,NJ,OD,2025860.1769778715,6588180.872058462,17.82756955740527,789429
3408,NJ,FIC,140256.49556397318,456119.90983256,1.234257160962964,780391
3408,NJ,NCATS,1202719.2197096893,3911292.52047833,10.583929133445267,780391
3408,NJ,NCCIH,157435.65297431164,511987.23845427734,1.3854337461739425,780391
3408,NJ,NCI,9646462.489504853,31370693.97908379,84.88886990764271,780391
3408,NJ,NEI,1308521.552707418,4255366.072244687,11.514989663825279,780391
3408,NJ,NHGRI,877165.715955491,2852579.0956137422,7.719058300408321,780391
3408,NJ,NHLBI,5267595.63751082,17130438.326971695,46.35484161009522,780391
3408,NJ,NIA,6718057.512908575,21847400.184329886,59.118906113595465,780391
3408,NJ,NIAAA,530647.0890249503,1725686.225267001,4.6696943834195626,780391
3408,NJ,NIAID,9809375.611555768,31900494.17294726,86.32250538169076,780391
3408,NJ,NIAMS,1156419.5806362235,3760724.1841274695,10.176492309598768,780391
3408,NJ,NIBIB,473950.0230485345,1541305.0276836206,4.170760202827104,780391
3408,NJ,NICHD,1758742.4397804872,5719502.970794516,15.476933470068289,780391
3408,NJ,NIDA,3545328.9295512578,11529555.940859107,31.19889458005107,780391
3408,NJ,NIDCD,530692.0661562855,1725832.492753627,4.670090182175312,780391
3408,NJ,NIDCR,943763.8173627061,3069158.8688836605,8.305121592791814,780391
3408,NJ,NIDDK,2872687.951014394,9342099.728964945,25.279653968926667,780391
3408,NJ,NIEHS,1070426.5570990187,3481071.3239565208,9.419753702471365,780391
3408,NJ,NIGMS,5071563.650016053,16492934.216371499,44.62976012014126,780391
3408,NJ,NIMH,4874357.985017319,15851613.258108536,42.89435026815241,780391
3408,NJ,NIMHD,494106.2113384561,1606853.7835426584,4.348134659778414,780391
3408,NJ,NINDS,4043802.02987541,13150611.027538532,35.58545786290361,780391
3408,NJ,NINR,298736.56563451793,971503.6357710419,2.628881777583758,780391
3408,NJ,NLM,249008.70455436595,809786.5800237062,2.1912766000784205,780391
3408,NJ,OD,4642199.1017702175,15096622.992112644,40.851352095577916,780391
3409,NJ,FIC,85643.91633002317,278517.5491308339,0.753666463704204,772342
3409,NJ,NCATS,970626.9430111853,3156518.861726319,8.541517098498431,772342
3409,NJ,NCCIH,99515.44183711932,323628.3223474003,0.87573588816665,772342
3409,NJ,NCI,8056740.652601138,26200852.981761545,70.89931774289002,772342
3409,NJ,NEI,909077.9650196217,2956359.0461048502,7.999886092172671,772342
3409,NJ,NHGRI,607525.0853126871,1975696.6407837386,5.346220750751646,772342
3409,NJ,NHLBI,4323035.296600563,14058689.130650952,38.04271061008496,772342
3409,NJ,NIA,6015809.315347054,19563660.074726615,52.93912197505408,772342
3409,NJ,NIAAA,442427.63056013227,1438792.9068602496,3.893363148929164,772342
3409,NJ,NIAID,15049622.482412552,48941993.18249119,132.43667784523046,772342
3409,NJ,NIAMS,782327.4453793231,2544161.1271628826,6.884481519338044,772342
3409,NJ,NIBIB,360516.52883746184,1172414.6248291759,3.1725454537696645,772342
3409,NJ,NICHD,1502537.6377959796,4886314.3850541795,13.22233121260462,772342
3409,NJ,NIDA,2242436.6097816504,7292496.366361255,19.733442166078525,772342
3409,NJ,NIDCD,409108.1705150355,1330436.6482047834,3.6001519005323126,772342
3409,NJ,NIDCR,677499.4998898512,2203256.323771572,5.961995599030691,772342
3409,NJ,NIDDK,2529610.193640676,8226396.708369495,22.260569704037948,772342
3409,NJ,NIEHS,900554.0941614361,2928639.066423149,7.924876028620638,772342
3409,NJ,NIGMS,3390253.605403494,11025244.589123739,29.83423172755075,772342
3409,NJ,NIMH,3635931.9056315357,11824200.556882959,31.996200769557515,772342
3409,NJ,NIMHD,427639.12963025324,1390700.091739124,3.7632243407462287,772342
3409,NJ,NINDS,3267135.1933106645,10624858.433768136,28.75078970113385,772342
3409,NJ,NINR,255410.87218822664,830606.6932893876,2.2476156752563945,772342
3409,NJ,NLM,139908.67637453214,454988.7874792746,1.2311963520958829,772342
3409,NJ,OD,3153722.2316718656,10256034.803685794,27.75275563871242,772342
3410,NJ,FIC,144974.43837531024,471462.8544929782,1.2757750577027303,800200
3410,NJ,NCATS,840370.5629156554,2732919.739950246,7.395260953657768,800200
3410,NJ,NCCIH,123061.04258184388,400199.5873391077,1.082937174720226,800200
3410,NJ,NCI,6498811.933821924,21134404.516200006,57.18954501763294,800200
3410,NJ,NEI,816548.9715971343,2655450.9422266064,7.185630950054782,800200
3410,NJ,NHGRI,430080.6296222631,1398639.9504368182,3.7847095406759155,800200
3410,NJ,NHLBI,4061293.349453507,13207493.520407999,35.73938147519086,800200
3410,NJ,NIA,5029558.62666973,16356332.14753897,44.26011591469363,800200
3410,NJ,NIAAA,493044.6961072946,1603401.6922182862,4.338793325744192,800200
3410,NJ,NIAID,10075869.51808164,32767143.35113142,88.66765175911844,800200
3410,NJ,NIAMS,723230.2291979137,2351974.5420950633,6.364426016941641,800200
3410,NJ,NIBIB,255532.948608997,831003.6908459754,2.2486899477591735,800200
3410,NJ,NICHD,1460927.849720905,4750997.637629114,12.856165077543965,800200
3410,NJ,NIDA,2440222.333123635,7935703.698286681,21.47395653148799,800200
3410,NJ,NIDCD,414807.3217723147,1348970.5232109977,3.65030443159637,800200
3410,NJ,NIDCR,688332.1655587796,2238484.5994267575,6.0573230569172605,800200
3410,NJ,NIDDK,1772889.3770427902,5765509.394401081,15.601426517976554,800200
3410,NJ,NIEHS,765201.6409157669,2488467.304525168,6.73377444005875,800200
3410,NJ,NIGMS,3835175.9927004445,12472150.547812898,33.749548735763916,800200
3410,NJ,NIMH,3055254.1756435344,9935812.6231983,26.886236745663105,800200
3410,NJ,NIMHD,389331.6780208366,1266122.6787377228,3.4261187665833623,800200
3410,NJ,NINDS,3231646.1217989745,10509446.509116348,28.438485871830977,800200
3410,NJ,NINR,145164.04015099182,472079.44728948455,1.277443553328728,800200
3410,NJ,NLM,129221.68709287768,420234.2574453596,1.1371508464173237,800200
3410,NJ,OD,2935654.0626114225,9546868.121534998,25.83375575098052,800200
3411,NJ,FIC,71348.519715991,232028.32958777907,0.6278669735007208,800060
3411,NJ,NCATS,531527.1875135555,1728548.3418602627,4.6774392501192885,800060
3411,NJ,NCCIH,85173.34952588473,276987.24647062,0.7495254758277856,800060
3411,NJ,NCI,5064414.860823937,16469686.058996623,44.56685077525064,800060
3411,NJ,NEI,608300.3025003003,1978217.6790593136,5.353042662002643,800060
3411,NJ,NHGRI,429942.1249688987,1398189.5275900906,3.783490699726309,800060
3411,NJ,NHLBI,2629808.683117079,8552246.329818863,23.142316411430297,800060
3411,NJ,NIA,3628674.8139982596,11800600.195501432,31.932338363184687,800060
3411,NJ,NIAAA,442486.2487404291,1438983.5356008583,3.8938789889157763,800060
3411,NJ,NIAID,7785060.2110572625,25317336.977729194,68.50852985730391,800060
3411,NJ,NIAMS,428931.49351147487,1394902.9123971148,3.774597142900979,800060
3411,NJ,NIBIB,231557.26608435353,753033.7821630191,2.0377039415423113,800060
3411,NJ,NICHD,1192985.3283626256,3879637.5042476016,10.498270889591106,800060
3411,NJ,NIDA,2160954.694589946,7027513.816634902,19.016401312391526,800060
3411,NJ,NIDCD,365057.07209192583,1187180.6588120537,3.2125022344089476,800060
3411,NJ,NIDCR,437937.65402275993,1424191.3179274756,3.8538513554002876,800060
3411,NJ,NIDDK,1366648.5044362955,4444397.317284773,12.026506839039401,800060
3411,NJ,NIEHS,578798.8498682083,1882277.7380222029,5.093429878840233,800060
3411,NJ,NIGMS,2903332.7068274086,9441757.739113199,25.549327820081196,800060
3411,NJ,NIMH,2504109.642895151,8143467.8653240455,22.036164857477328,800060
3411,NJ,NIMHD,299896.04639944254,975274.3150527638,2.6390852083150946,800060
3411,NJ,NINDS,2380651.6836308953,7741977.488559003,20.94973481595188,800060
3411,NJ,NINR,148620.80147615095,483320.97772701865,1.3078630529901285,800060
3411,NJ,NLM,70330.11669000461,228716.44093322297,0.6189050268720406,800060
3411,NJ,OD,1794050.6780022546,5834326.818127229,15.787645966419841,800060
3412,NJ,FIC,96442.93084213232,313636.38983576983,0.8486977914107645,808427
3412,NJ,NCATS,2490441.182977729,8099017.469782538,21.915882410204016,808427
3412,NJ,NCCIH,255442.81332637693,830710.5671883788,2.247896757272117,808427
3412,NJ,NCI,14881476.235995237,48395174.6522965,130.95699087675808,808427
3412,NJ,NEI,686864.389550287,2233711.3312942833,6.044406628042526,808427
3412,NJ,NHGRI,1044873.2049143064,3397970.76845252,9.194884203245897,808427
3412,NJ,NHLBI,7761748.700522904,25241526.983758952,68.30338856460156,808427
3412,NJ,NIA,7334771.351998866,23852979.031478908,64.54598789759002,808427
3412,NJ,NIAAA,1453782.702481946,4727761.324036152,12.793287781841125,808427
3412,NJ,NIAID,14198645.934716599,46174582.34248727,124.94808422550608,808427
3412,NJ,NIAMS,1234715.8594954668,4015346.913077759,10.865499563560109,808427
3412,NJ,NIBIB,538588.719558795,1751512.7353937177,4.739580732117396,808427
3412,NJ,NICHD,5329018.56787817,17330188.230519146,46.8953633973279,808427
3412,NJ,NIDA,5922391.3445098605,19259860.97962113,52.11704383168677,808427
3412,NJ,NIDCD,862806.2220456017,2805881.4290202367,7.592694754001295,808427
3412,NJ,NIDCR,1106050.9166892562,3596923.211021034,9.733248066865455,808427
3412,NJ,NIDDK,3936626.0201852573,12802070.222497609,34.642308977630265,808427
3412,NJ,NIEHS,3938282.1630041734,12807456.067268621,34.65688303443673,808427
3412,NJ,NIGMS,16865570.27065766,54847530.30648983,148.41701838178741,808427
3412,NJ,NIMH,13157514.018848872,42788778.40036048,115.78612336587008,808427
3412,NJ,NIMHD,1481248.3204120593,4817080.646634405,13.034985219626122,808427
3412,NJ,NINDS,7670730.804326673,24945533.03040056,67.50243107807472,808427
3412,NJ,NINR,387828.9497451664,1261235.744390437,3.4128947577574644,808427
3412,NJ,NLM,158100.73185611167,514150.1024156103,1.3912864403337828,808427
3412,NJ,OD,8920078.11460481,29008462.025041644,78.49668740852233,808427
3501,NM,FIC,201330.1266268105,468660.204538801,1.5703749876891218,711081
3501,NM,NCATS,3423007.504004985,7968143.783758973,26.699458531238882,711081
3501,NM,NCCIH,2893.8466481252613,6736.352798944217,0.022572003855377037,711081
3501,NM,NCI,10024396.722375857,23334986.655996732,78.19029443453168,711081
3501,NM,NEI,972746.6818490019,2264378.742108654,7.587424118422215,711081
3501,NM,NHGRI,317486.25513322017,739050.7111973306,2.4763927900391174,711081
3501,NM,NHLBI,1985993.3094698677,4623034.049713316,15.490747813864967,711081
3501,NM,NIA,5108131.482277429,11890808.322654827,39.843425561763944,711081
3501,NM,NIAAA,6372581.289299379,14834219.302008178,49.706134056535156,711081
3501,NM,NIAID,5216380.176187752,12142791.748479158,40.687765374264465,711081
3501,NM,NIAMS,16414.26212160577,38209.440246986065,0.12803124454852502,711081
3501,NM,NIBIB,729674.9273887246,1698551.560297362,5.691464433632052,711081
3501,NM,NICHD,747481.0921899639,1740001.0988121266,5.8303525190817185,711081
3501,NM,NIDA,4196354.260147043,9768355.48076334,32.73156322914693,711081
3501,NM,NIDCD,546686.6553485614,1272587.8834279294,4.264155911718778,711081
3501,NM,NIDCR,533590.2152427782,1242101.7341290535,4.16200367889367,711081
3501,NM,NIDDK,1570788.368644333,3656511.8716713195,12.252149275425797,711081
3501,NM,NIEHS,4986207.984582032,11606992.42125261,38.89242227973985,711081
3501,NM,NIGMS,12170250.750512546,28330147.61171943,94.92795585399786,711081
3501,NM,NIMH,2746538.0390952034,6393444.93912688,21.422996704942587,711081
3501,NM,NIMHD,2850874.971449017,6636322.489929441,22.23682477730233,711081
3501,NM,NINDS,6164239.095007203,14349236.269279925,48.08106494105618,711081
3501,NM,NINR,560555.1850077393,1304871.3178826775,4.372330443060367,711081
3501,NM,NLM,76157.36675021889,177280.60711178774,0.5940274606517073,711081
3501,NM,OD,8614812.421620721,20053728.764915604,67.19553688864163,711081
3502,NM,FIC,58298.38212787839,135708.11358489585,0.45472738059745144,710491
3502,NM,NCATS,992040.9936425431,2309292.4182836944,7.7379197504118356,710491
3502,NM,NCCIH,3097.9024696251154,7211.35792929275,0.0241636392630759,710491
3502,NM,NCI,4087097.243597367,9514024.861787554,31.87935850005946,710491
3502,NM,NEI,298218.0144702704,694197.7239097423,2.326100512868109,710491
3502,NM,NHGRI,130159.7123765901,302988.3229458067,1.015245756537403,710491
3502,NM,NHLBI,604851.6614480015,1407985.5216864757,4.717842959294412,710491
3502,NM,NIA,1559621.0569615813,3630516.3852278613,12.165044244300335,710491
3502,NM,NIAAA,1900178.2881198886,4423272.165427951,14.82139064733513,710491
3502,NM,NIAID,2232550.278417498,5196974.181940281,17.41389217165648,710491
3502,NM,NIAMS,10590.141151890419,24651.93759868627,0.08260310098474527,710491
3502,NM,NIBIB,288745.0362731499,672146.3400764451,2.252211282930569,710491
3502,NM,NICHD,234412.94417117207,545671.0339503374,1.8284209645351421,710491
3502,NM,NIDA,1285043.2798894779,2991348.8680735514,10.023337583137927,710491
3502,NM,NIDCD,183560.5884316896,427295.9261537677,1.431772589767179,710491
3502,NM,NIDCR,159410.73936039011,371079.43538328406,1.243403767011043,710491
3502,NM,NIDDK,571985.2492841734,1331478.4449502262,4.4614849444165525,710491
3502,NM,NIEHS,1453518.1012881307,3383527.850818085,11.33744119004742,710491
3502,NM,NIGMS,10886982.703668982,25342931.16583396,84.91846508861806,710491
3502,NM,NIMH,809267.3961519671,1883828.4650274361,6.312285689985344,710491
3502,NM,NIMHD,973719.0857852041,2266642.323000746,7.595008869124592,710491
3502,NM,NINDS,1930290.382148561,4493367.686565372,15.056264980758776,710491
3502,NM,NINR,169101.92346324597,393638.7631896312,1.3189950030133186,710491
3502,NM,NLM,22669.12124254563,52769.623584151326,0.1768191456918559,710491
3502,NM,OD,4120669.6001268653,9592175.249618627,32.14122288098955,710491
3503,NM,FIC,13152.654948637273,30617.00730900827,0.10259070859937074,708684
3503,NM,NCATS,225190.65349607813,524203.2054314721,1.7564870972694093,708684
3503,NM,NCCIH,1772.3726545285801,4125.763713098108,0.013824506705322925,708684
3503,NM,NCI,723553.1518260293,1684301.1714687117,5.643714584243028,708684
3503,NM,NEI,72794.5934518874,169452.6776895063,0.5677978289247217,708684
3503,NM,NHGRI,57715.09608650966,134350.32893521345,0.4501777494747753,708684
3503,NM,NHLBI,167251.49302188234,389331.2950343968,1.3045616455706823,708684
3503,NM,NIA,453995.25096741033,1056819.0202970696,3.5411629575458003,708684
3503,NM,NIAAA,440712.8350297572,1025899.952821149,3.437560113232106,708684
3503,NM,NIAID,478371.82383002876,1113563.2831411797,3.7313002258742243,708684
3503,NM,NIAMS,7021.708148613268,16345.269494817052,0.05476932355918349,708684
3503,NM,NIBIB,61725.350468794175,143685.47748224568,0.48145773365659456,708684
3503,NM,NICHD,57228.19883585369,133216.91999684437,0.44637995091965876,708684
3503,NM,NIDA,286449.8501244556,666803.560891214,2.2343088309707535,708684
3503,NM,NIDCD,44548.67586622323,103701.27855776476,0.3474796717565412,708684
3503,NM,NIDCR,38302.89271673288,89162.22244436466,0.2987625631905165,708684
3503,NM,NIDDK,157451.32383635777,366518.26962207793,1.2281203259235907,708684
3503,NM,NIEHS,330022.1895224352,768232.1043319243,2.5741730782749945,708684
3503,NM,NIGMS,1521692.8101017696,3542226.270733142,11.869203918793803,708684
3503,NM,NIMH,198174.72123016752,461314.99017187866,1.5457628255953066,708684
3503,NM,NIMHD,198968.98847236467,463163.900985294,1.5519581100844444,708684
3503,NM,NINDS,454842.0016156203,1058790.1030089927,3.547767612601838,708684
3503,NM,NINR,42942.301071586226,99961.9279079932,0.33494994835837255,708684
3503,NM,NLM,5894.709443569895,13721.819877663454,0.04597873365984518,708684
3503,NM,OD,647372.8505860622,1506967.1770033448,5.0495082345712845,708684
3601,NY,FIC,131169.9915354201,309204.60868169257,0.9313069399014826,782097
3601,NY,NCATS,826354.4890352429,1947950.2394075077,5.867116872150224,782097
3601,NY,NCCIH,344293.3108508397,811596.2897246312,2.444482507040962,782097
3601,NY,NCI,12721082.511697082,29987173.849703807,90.31968583304928,782097
3601,NY,NEI,1506024.7614061313,3550124.4725610623,10.692775805983532,782097
3601,NY,NHGRI,749367.1898481247,1766469.4949173687,5.320507047921685,782097
3601,NY,NHLBI,5369125.064828429,12656539.771027172,38.120787960281845,782097
3601,NY,NIA,9120520.705211818,21499635.72168697,64.7556970070039,782097
3601,NY,NIAAA,1184321.116441406,2791778.38678022,8.408679926733983,782097
3601,NY,NIAID,10118254.671868943,23851575.65182978,71.83960817026949,782097
3601,NY,NIAMS,1178565.7546854767,2778211.378360591,8.367816858266885,782097
3601,NY,NIBIB,1539459.2387588923,3628938.951126808,10.930160595188134,782097
3601,NY,NICHD,2110199.581996176,4974334.665678525,14.98241703217285,782097
3601,NY,NIDA,4475712.155559577,10550513.9508833,31.777556304472995,782097
3601,NY,NIDCD,1316541.807422342,3103459.789941274,9.347446832698628,782097
3601,NY,NIDCR,314529.6600223074,741434.9830137915,2.2331605861583825,782097
3601,NY,NIDDK,3865417.453917792,9111877.474714115,27.444463922816322,782097
3601,NY,NIEHS,1433513.8434915133,3379195.819318865,10.177948288789745,782097
3601,NY,NIGMS,14732841.03023199,34729455.20692777,104.60317131464713,782097
3601,NY,NIMH,9519314.747960938,22439705.58438521,67.58713471052266,782097
3601,NY,NIMHD,569231.2245862506,1341838.2969100387,4.041541694562379,782097
3601,NY,NINDS,4563923.491028636,10758452.909678113,32.403856786303315,782097
3601,NY,NINR,208094.13558180237,490536.4787200694,1.4774683626307967,782097
3601,NY,NLM,244566.14727265865,576511.281117309,1.7364196456358765,782097
3601,NY,OD,3418109.7064863015,8057447.148190114,24.26857891605274,782097
3602,NY,FIC,193382.55835318845,455857.14828163054,1.373016164307638,777625
3602,NY,NCATS,866363.5131224486,2042262.7760769965,6.1511809431693845,777625
3602,NY,NCCIH,171599.6367093419,404508.667703199,1.2183574206363275,777625
3602,NY,NCI,9826174.508460823,23163060.45431294,69.76583901007184,777625
3602,NY,NEI,903267.5752642568,2129256.043056368,6.413199784376223,777625
3602,NY,NHGRI,746258.0174905108,1759140.3000999675,5.298431924182626,777625
3602,NY,NHLBI,4647911.252179979,10956435.714410093,33.00016989047785,777625
3602,NY,NIA,6660636.320197049,15700995.500952415,47.29051787339905,777625
3602,NY,NIAAA,851268.1829225824,2006678.8318170763,6.044004098750334,777625
3602,NY,NIAID,6962771.577785373,16413213.387055682,49.435678202276144,777625
3602,NY,NIAMS,950138.5192348576,2239744.057268503,6.745983486567489,777625
3602,NY,NIBIB,762287.5091120072,1796926.3258988096,5.412241314695251,777625
3602,NY,NICHD,1469563.037221521,3464173.9207130973,10.433897564272797,777625
3602,NY,NIDA,2955096.9186358606,6965995.618720007,20.98118812231461,777625
3602,NY,NIDCD,726960.2251162062,1713649.9690442844,5.161417598325064,777625
3602,NY,NIDCR,302756.48385001154,713682.2913448866,2.149571035335082,777625
3602,NY,NIDDK,2915037.9373073713,6871565.318764411,20.696769354882335,777625
3602,NY,NIEHS,1056478.240366332,2490416.7261837786,7.500995506600957,777625
3602,NY,NIGMS,7538951.415001846,17771431.520726085,53.5265550465131,777625
3602,NY,NIMH,6429495.984353209,15156132.638200378,45.649421488907784,777625
3602,NY,NIMHD,491424.78405762394,1158426.605600499,3.48911596680913,777625
3602,NY,NINDS,3512933.7066908837,8280974.019951581,24.941829317505274,777625
3602,NY,NINR,225258.46200455766,530997.6297250212,1.5993350802323594,777625
3602,NY,NLM,132967.2263263053,313441.19720106234,0.9440673069167677,777625
3602,NY,OD,3780892.6898734015,8912628.802938446,26.84433809810115,777625
3603,NY,FIC,144394.91901458066,340379.4870069183,1.0252039250035228,775796
3603,NY,NCATS,1906068.7189466797,4493140.736409789,13.533087904521425,775796
3603,NY,NCCIH,270591.9308330918,637861.3820606725,1.9212027089149517,775796
3603,NY,NCI,20594524.477119386,48547093.793275855,146.22112378754764,775796
3603,NY,NEI,1368571.455851346,3226108.323298784,9.716857336544557,775796
3603,NY,NHGRI,1720231.6732764181,4055070.4864050946,12.213644880262569,775796
3603,NY,NHLBI,9151707.611887611,21573152.04323127,64.97712404440205,775796
3603,NY,NIA,11185821.055950982,26368130.255271073,79.41932949725198,775796
3603,NY,NIAAA,1071306.3514602096,2525370.759759614,7.606275095367487,775796
3603,NY,NIAID,12675993.483700233,29880886.313245144,89.99955373427164,775796
3603,NY,NIAMS,1634623.8735749754,3853268.7945933095,11.605829502382326,775796
3603,NY,NIBIB,660341.334466891,1556610.4833135286,4.688423474714926,775796
3603,NY,NICHD,2564360.8146078363,6044920.586774383,18.206961783715638,775796
3603,NY,NIDA,4633323.491850534,10922048.255270932,32.896596792138794,775796
3603,NY,NIDCD,907693.1590669203,2139688.3903628862,6.444621429375134,775796
3603,NY,NIDCR,540481.4874573614,1274067.070316346,3.837418560947266,775796
3603,NY,NIDDK,5661434.310705541,13345594.980435083,40.196183606009335,775796
3603,NY,NIEHS,1529067.2107732256,3604442.014677364,10.856377196489902,775796
3603,NY,NIGMS,9652024.551471451,22752539.963516902,68.5293743154473,775796
3603,NY,NIMH,11950525.224742455,28170753.32858718,84.84872909567143,775796
3603,NY,NIMHD,813349.2924342722,1917293.3286403392,5.774779976283333,775796
3603,NY,NINDS,6994605.993633677,16488256.070063915,49.661702554799106,775796
3603,NY,NINR,506101.50715584186,1193023.7750383625,3.593320700806477,775796
3603,NY,NLM,183498.73929213427,432558.2033836379,1.3028410489741533,775796
3603,NY,OD,6735412.346425496,15877263.652364895,47.82142765962102,775796
3604,NY,FIC,131107.36772066148,309056.98671488505,0.9308623108166965,777491
3604,NY,NCATS,1558023.892840633,3672701.0687686736,11.061969639168494,777491
3604,NY,NCCIH,204835.5115935572,482854.9843223661,1.454332132314256,777491
3604,NY,NCI,15127455.856200868,35659673.47877048,107.40493657902616,777491
3604,NY,NEI,1145952.3812525831,2701332.472964118,8.13626190689334,777491
3604,NY,NHGRI,1226931.6238773293,2892223.3523034146,8.711214529529038,777491
3604,NY,NHLBI,7625168.550806819,17974669.58932834,54.13869671072842,777491
3604,NY,NIA,9363002.602001846,22071233.8374733,66.4773184742131,777491
3604,NY,NIAAA,1077857.9726149642,2540814.775815981,7.652791605566246,777491
3604,NY,NIAID,10253897.4268337,24171323.823484264,72.80267173051926,777491
3604,NY,NIAMS,1355617.5352390462,3195572.284476686,9.624884500197227,777491
3604,NY,NIBIB,602983.6220920217,1421402.202805563,4.281183716853354,777491
3604,NY,NICHD,2128300.956526536,5017004.702954157,15.110936791338405,777491
3604,NY,NIDA,3500357.321363687,8251327.938113755,24.852536981682178,777491
3604,NY,NIDCD,625379.9040246421,1474196.5463123305,4.440197318574959,777491
3604,NY,NIDCR,453477.2255125234,1068973.5237407277,3.2196883011389157,777491
3604,NY,NIDDK,4722660.022290735,11132639.615477609,33.53088615826422,777491
3604,NY,NIEHS,1342133.2268818403,3163785.9723779517,9.529145910861066,777491
3604,NY,NIGMS,6901490.59691995,16268756.857888287,49.00058323813165,777491
3604,NY,NIMH,7823173.753244224,18441423.611494035,55.54453364803399,777491
3604,NY,NIMHD,767195.1607107628,1808495.0427552832,5.447085641046416,777491
3604,NY,NINDS,5181346.273714339,12213892.28019864,36.78755854337181,777491
3604,NY,NINR,442626.65036362974,1043395.662496611,3.1426492175817713,777491
3604,NY,NLM,142778.75542252057,336569.73429443454,1.013729163499896,777491
3604,NY,OD,5047798.434122094,11899082.414023912,35.83936888226687,777491
3605,NY,FIC,162564.06858646873,383209.2891414847,1.1542048869639279,766680
3605,NY,NCATS,2546655.004433298,6003183.006079853,18.081250531476414,766680
3605,NY,NCCIH,248388.65441808553,585522.0069109867,1.7635594463684072,766680
3605,NY,NCI,18808732.545555282,44337479.31573663,133.5420010734425,766680
3605,NY,NEI,1584317.1901412169,3734681.774931814,11.24865205000264,766680
3605,NY,NHGRI,1332522.455383662,3141130.6774782725,9.460909433224,766680
3605,NY,NHLBI,10058213.129858853,23710040.82908138,71.41331322199785,766680
3605,NY,NIA,12540667.994122231,29561886.02545199,89.03874275826784,766680
3605,NY,NIAAA,1234237.995341967,2909446.5273845564,8.763089766927965,766680
3605,NY,NIAID,13561526.12275325,31968336.117336325,96.28683547154807,766680
3605,NY,NIAMS,2039845.1543645244,4808489.467320065,14.482900595988124,766680
3605,NY,NIBIB,786997.2480918391,1855174.1391558726,5.587680461452058,766680
3605,NY,NICHD,2790642.1075120033,6578329.316968034,19.813558963335222,766680
3605,NY,NIDA,5404701.063700788,12740402.418886056,38.37337755227559,766680
3605,NY,NIDCD,876336.982662164,2065773.0523995634,6.221992576901364,766680
3605,NY,NIDCR,634394.1612587476,1495445.6891078842,4.504198544937108,766680
3605,NY,NIDDK,5938486.245449225,13998684.410907406,42.163252342689496,766680
3605,NY,NIEHS,1906980.5040128133,4495290.070577425,13.539561578490975,766680
3605,NY,NIGMS,8385760.006683325,19767597.840127446,59.53889604745161,766680
3605,NY,NIMH,8186098.717904344,19296939.95608606,58.12130089712084,766680
3605,NY,NIMHD,1059386.3919141728,2497272.058343302,7.521643382590627,766680
3605,NY,NINDS,6838179.430253209,16119514.609068861,48.55107395479778,766680
3605,NY,NINR,483611.20820081583,1140007.8069337576,3.4336395782257925,766680
3605,NY,NLM,169251.06111615562,398972.413650347,1.2016825339247048,766680
3605,NY,OD,9301517.76375062,21926296.75903952,66.0407761226294,766680
3606,NY,FIC,192401.71057300377,453545.0138483031,1.3660521450683267,726418
3606,NY,NCATS,2962610.920331856,6983708.236726973,21.034537534356176,726418
3606,NY,NCCIH,258812.9356247245,610094.9732850551,1.8375718429355439,726418
3606,NY,NCI,23110341.7623492,54477583.61101793,164.08342651267932,726418
3606,NY,NEI,2080771.0713545834,4904963.378766751,14.773474606617542,726418
3606,NY,NHGRI,1678973.2036406673,3957812.6547227395,11.920709745848738,726418
3606,NY,NHLBI,11619664.636574328,27390821.748999514,82.49961891967773,726418
3606,NY,NIA,15010974.839361032,35385094.919991806,106.57792135946333,726418
3606,NY,NIAAA,1114539.899961112,2627284.4085268527,7.9132332897238955,726418
3606,NY,NIAID,16408486.452246968,38679423.34322595,116.50025381095347,726418
3606,NY,NIAMS,2342711.339094144,5522430.354530928,16.63325050756842,726418
3606,NY,NIBIB,909287.0316322882,2143445.596848106,6.4559379245892465,726418
3606,NY,NICHD,3524519.593896593,8308285.218784007,25.02408911666581,726418
3606,NY,NIDA,6931905.682050651,16340453.778699014,49.21653034255962,726418
3606,NY,NIDCD,1121702.6570708263,2644169.044130364,7.964088865202866,726418
3606,NY,NIDCR,851958.3202136451,2008305.679760892,6.04890407351688,726418
3606,NY,NIDDK,7235419.0205741655,17055920.189646333,51.371475046076576,726418
3606,NY,NIEHS,2252655.8065845254,5310144.103969275,15.993856226750129,726418
3606,NY,NIGMS,10209106.34770476,24065738.636412304,72.4846550687038,726418
3606,NY,NIMH,9720666.023588268,22914347.243343435,69.0167287674767,726418
3606,NY,NIMHD,1185566.690000247,2794714.554422967,8.417523499001753,726418
3606,NY,NINDS,8331021.6267798375,19638564.063881774,59.150253550136846,726418
3606,NY,NINR,631741.508938318,1489192.640578217,4.485364713462058,726418
3606,NY,NLM,228783.67794925868,539307.5564387499,1.6243641134397366,726418
3606,NY,OD,8970205.139481917,21145299.603065427,63.688456490321606,726418
3607,NY,FIC,232682.77985938452,548498.8376625879,1.65204773700163,777946
3607,NY,NCATS,4008749.494953876,9449751.459009852,28.46212141417252,777946
3607,NY,NCCIH,424489.2461898702,1000640.693205219,3.013873647948078,777946
3607,NY,NCI,24745977.121529978,58333236.762027435,175.69643756286283,777946
3607,NY,NEI,2685686.4335175334,6330919.236914624,19.068373677974485,777946
3607,NY,NHGRI,2191163.979865418,5165190.551748684,15.557264257044466,777946
3607,NY,NHLBI,15346924.054488081,36177021.82632411,108.96316078686537,777946
3607,NY,NIA,17648686.44972473,41602923.988597244,125.30567379304559,777946
3607,NY,NIAAA,1599447.886019639,3770349.086055379,11.356079990739437,777946
3607,NY,NIAID,17341351.991920542,40878450.123444304,123.12359914263584,777946
3607,NY,NIAMS,3225324.7688430864,7602998.760217181,22.899805858785914,777946
3607,NY,NIBIB,1307878.5471737897,3083038.045884533,9.285937684933907,777946
3607,NY,NICHD,4089964.1241359143,9641197.210751629,29.03874528136499,777946
3607,NY,NIDA,9435378.774827378,22241844.85859511,66.99118930127437,777946
3607,NY,NIDCD,1519923.3850274354,3582887.4424121277,10.791456033694791,777946
3607,NY,NIDCR,1141313.3435084363,2690396.9546070006,8.103324738909897,777946
3607,NY,NIDDK,7648624.897917827,18029962.80498432,54.30523677521657,777946
3607,NY,NIEHS,2837994.7417619606,6689952.810816866,20.14976266650992,777946
3607,NY,NIGMS,10203356.585884485,24052184.828618005,72.44383175977984,777946
3607,NY,NIMH,10850114.072927723,25576774.358222097,77.03580991778684,777946
3607,NY,NIMHD,1660333.0060526645,3913872.4597628927,11.788364342973917,777946
3607,NY,NINDS,10295679.232313404,24269815.30512683,73.09932254942517,777946
3607,NY,NINR,763304.8386244649,1799324.4580486838,5.419464354233701,777946
3607,NY,NLM,278171.61394223163,655728.8296548881,1.9750184589898445,777946
3607,NY,OD,18984901.23278496,44752758.5222014,134.79279875277322,777946
3608,NY,FIC,225258.54035484104,530997.8144187033,1.5993356365193714,739447
3608,NY,NCATS,4170775.693494287,9831692.836983804,29.612507423809436,739447
3608,NY,NCCIH,444388.9875606185,1047549.9875596949,3.155161811680391,739447
3608,NY,NCI,23540720.681415286,55492107.921776496,167.13911683804852,739447
3608,NY,NEI,2425493.2739105565,5717570.687020089,17.22100224476495,739447
3608,NY,NHGRI,1801634.051860753,4246958.816359981,12.791601768211345,739447
3608,NY,NHLBI,15817026.9361679,37285186.70358335,112.30089124679208,739447
3608,NY,NIA,16153482.13291731,38078306.35108849,114.6897231437129,739447
3608,NY,NIAAA,2185231.498479716,5151206.022483222,15.515143639205982,739447
3608,NY,NIAID,16415083.149869997,38694973.617211975,116.54709036407698,739447
3608,NY,NIAMS,3289535.8044032333,7754362.253429424,23.355704211262957,739447
3608,NY,NIBIB,1417698.528327038,3341914.667743211,10.06565955112197,739447
3608,NY,NICHD,3668645.256075367,8648029.991603816,26.047381318135105,739447
3608,NY,NIDA,8947868.1341136,21092644.99111353,63.52986375220656,739447
3608,NY,NIDCD,1345578.910265341,3171908.418447857,9.55361026288392,739447
3608,NY,NIDCR,829830.0890330416,1956143.2073620968,5.891793632134595,739447
3608,NY,NIDDK,6817472.882238743,16070703.444251237,48.40405746389507,739447
3608,NY,NIEHS,2586078.9976958726,6096116.460345818,18.361160883640693,739447
3608,NY,NIGMS,9502200.4368935,22399362.33365751,67.46562310194385,739447
3608,NY,NIMH,9671294.943939626,22797965.705277782,68.66619410197134,739447
3608,NY,NIMHD,1799029.2262406652,4240818.508831441,12.773107506308722,739447
3608,NY,NINDS,9973000.744416313,23509171.240029987,70.80830528535583,739447
3608,NY,NINR,582723.7639163319,1373644.0117297547,4.137338723805956,739447
3608,NY,NLM,246970.01057693566,582177.8638747116,1.753487075096243,739447
3608,NY,OD,22724402.90110541,53567817.031260855,161.34326059784843,739447
3609,NY,FIC,258248.00473346576,608763.2720848101,1.8335608336076068,711601
3609,NY,NCATS,5141482.911414673,12119923.109382031,36.50452867104418,711601
3609,NY,NCCIH,599752.0331684992,1413784.4376687251,4.258239435496344,711601
3609,NY,NCI,26836353.231435962,63260841.92152386,190.5381079431953,711601
3609,NY,NEI,3152033.402142385,7430230.369404887,22.379437155210933,711601
3609,NY,NHGRI,2104025.5940417834,4959780.837420269,14.938581717696662,711601
3609,NY,NHLBI,19581858.86252169,46159955.76405266,139.031197923904,711601
3609,NY,NIA,18863717.01459658,44467093.193381004,133.9323908036357,711601
3609,NY,NIAAA,2789338.0939008924,6575255.38966485,19.804300466696336,711601
3609,NY,NIAID,17941244.92407245,42292566.69969532,127.38283896091438,711601
3609,NY,NIAMS,4184356.5316737215,9863706.697057186,29.70893137488342,711601
3609,NY,NIBIB,1887709.7784777638,4449863.543684128,13.402739427192122,711601
3609,NY,NICHD,4258031.739657295,10037379.909866318,30.232025351566794,711601
3609,NY,NIDA,11508667.06237896,27129169.208719917,81.71153614289061,711601
3609,NY,NIDCD,1825951.5074773468,4304281.907259418,12.964255703089162,711601
3609,NY,NIDCR,939222.175019168,2214011.1598127955,6.668477442636092,711601
3609,NY,NIDDK,7198236.483334917,16968270.47844124,51.107479031677904,711601
3609,NY,NIEHS,3097568.65529201,7301841.6233228985,21.99273745257327,711601
3609,NY,NIGMS,11553945.163159553,27235902.442974437,82.03301065843283,711601
3609,NY,NIMH,10992780.953418296,25913080.37179696,78.0487447692699,711601
3609,NY,NIMHD,2351325.4833769044,5542736.318424807,16.69441093197602,711601
3609,NY,NINDS,12119136.747503586,28568218.170235056,86.04587090727546,711601
3609,NY,NINR,710834.2477826917,1675636.4992509838,5.046923159257111,711601
3609,NY,NLM,300891.03722828306,709284.908331163,2.13632636432081,711601
3609,NY,OD,32790272.539515223,77295906.40713754,232.81093503055808,711601
3610,NY,FIC,326549.05929436773,769768.0918674493,2.318498320990011,757254
3610,NY,NCATS,6714297.984284445,15827491.154806836,47.671515688419554,757254
3610,NY,NCCIH,897477.4803727143,2115607.1588549395,6.372090110646272,757254
3610,NY,NCI,32537834.943031523,76700839.90355991,231.0186280955238,757254
3610,NY,NEI,4522197.301960393,10660092.531579433,32.10760084391879,757254
3610,NY,NHGRI,3088925.618532688,7281467.551725387,21.931371891582085,757254
3610,NY,NHLBI,25827755.287492108,60883292.53752389,183.37706254119396,757254
3610,NY,NIA,24655787.391747683,58120634.17070294,175.05609048140855,757254
3610,NY,NIAAA,2799904.6566004837,6600163.753585537,19.879323061863435,757254
3610,NY,NIAID,22144690.97751361,52201272.775336966,157.22730594034664,757254
3610,NY,NIAMS,5471261.798414879,12897304.814700263,38.84595876874564,757254
3610,NY,NIBIB,2387722.9006984443,5628535.280887132,16.952832594958956,757254
3610,NY,NICHD,5851253.836283998,13793053.057085048,41.54390223761638,757254
3610,NY,NIDA,15723307.916562626,37064264.58226679,111.63548620759464,757254
3610,NY,NIDCD,2869657.655873179,6764591.215934379,20.37456935669957,757254
3610,NY,NIDCR,1755808.7034473866,4138935.565325227,12.466241794476444,757254
3610,NY,NIDDK,8922270.146905392,21032303.326643605,63.348118043028286,757254
3610,NY,NIEHS,4188555.079686692,9873603.857072106,29.73874106577551,757254
3610,NY,NIGMS,13849644.112303097,32647511.35528593,98.33247319735199,757254
3610,NY,NIMH,14686626.980739329,34620515.67798745,104.27505156324924,757254
3610,NY,NIMHD,2939004.832792827,6928062.040713915,20.86693431282907,757254
3610,NY,NINDS,16257270.543188019,38322964.86183318,115.42662085663493,757254
3610,NY,NINR,1130752.0484502278,2665501.008000467,8.028339543996617,757254
3610,NY,NLM,412460.8613876916,972286.4029266675,2.92847211585261,757254
3610,NY,OD,45944162.64144758,108303329.62948103,326.20355475427783,757254
3611,NY,FIC,194745.28740852894,459069.48442165344,1.3826915406005553,759734
3611,NY,NCATS,2728342.6015595878,6431471.837344902,19.37123247107307,759734
3611,NY,NCCIH,294019.0201278571,693085.628804509,2.0875350429077852,759734
3611,NY,NCI,16785211.12206434,39567469.478992954,119.17499896665682,759734
3611,NY,NEI,1976073.795073774,4658162.414891526,14.030123945023794,759734
3611,NY,NHGRI,1453728.8413120268,3426848.261904449,10.32147477331539,759734
3611,NY,NHLBI,11008007.400230343,25948973.39483539,78.15685254163543,759734
3611,NY,NIA,12800137.440397266,30173528.57921905,90.88097582682059,759734
3611,NY,NIAAA,1546533.379824982,3645614.6937604323,10.980386996757373,759734
3611,NY,NIAID,12307421.289837407,29012057.859112523,87.38269115784558,759734
3611,NY,NIAMS,2198559.2181876143,5182623.211038786,15.60977044913206,759734
3611,NY,NIBIB,980781.3429574764,2311977.822073587,6.963547534998082,759734
3611,NY,NICHD,3239955.4003731874,7637487.2788491985,23.00368334264963,759734
3611,NY,NIDA,6443346.105249748,15188781.273470374,45.74775734727321,759734
3611,NY,NIDCD,1017608.9528552665,2398790.869584178,7.225023565272392,759734
3611,NY,NIDCR,757233.8668691153,1785013.4679818468,5.376360454770718,759734
3611,NY,NIDDK,5496319.708300798,12956373.364830988,39.02386992893567,759734
3611,NY,NIEHS,2242359.23243146,5285872.179083919,15.920750550263367,759734
3611,NY,NIGMS,8339730.171988678,19659092.557342563,59.21208422111961,759734
3611,NY,NIMH,8167871.093979869,19253972.313435547,57.99188476725707,759734
3611,NY,NIMHD,1279786.652268897,3016817.538667003,9.086485231109169,759734
3611,NY,NINDS,7515079.633326498,17715159.0088119,53.35706539661813,759734
3611,NY,NINR,531078.183822803,1251900.8355960087,3.770655105141901,759734
3611,NY,NLM,205369.14313904752,484112.9041504617,1.4581209162872373,759734
3611,NY,OD,13106052.263770605,30894655.966236833,93.05297107277129,759734
3612,NY,FIC,276626.28030946327,652086.0431027996,1.964046590197189,752016
3612,NY,NCATS,4134276.4027678613,9745653.73021771,29.353362459651812,752016
3612,NY,NCCIH,346628.1150049622,817100.0806174506,2.4610596165352314,752016
3612,NY,NCI,42865572.818030484,101046226.45749465,304.3455670080164,752016
3612,NY,NEI,2792186.501052017,6581969.887456762,19.82452415746932,752016
3612,NY,NHGRI,2740215.2972112955,6459459.124452348,19.455528610200197,752016
3612,NY,NHLBI,14056746.719937963,33135710.52341201,99.80290171155954,752016
3612,NY,NIA,17900024.291290663,42195398.06013296,127.0901724681637,752016
3612,NY,NIAAA,1419440.4286280277,3346020.817287214,10.078027043258997,752016
3612,NY,NIAID,26489736.838777978,62443769.47377935,188.07713155532363,752016
3612,NY,NIAMS,3397606.6478890893,8009115.665233382,24.123007200012534,752016
3612,NY,NIBIB,1359444.473103043,3204593.454721762,9.652055759031605,752016
3612,NY,NICHD,4873965.875806475,11489310.121284194,34.605157718225975,752016
3612,NY,NIDA,9555516.261966322,22525042.747563243,67.84416545996088,752016
3612,NY,NIDCD,1294430.573808633,3051337.385594315,9.190457074041294,752016
3612,NY,NIDCR,1216885.6593961006,2868542.184988483,8.639888181712314,752016
3612,NY,NIDDK,8600917.087428734,20274783.66958612,61.066511320744006,752016
3612,NY,NIEHS,2146296.5569588398,5059425.400893747,15.238705554407762,752016
3612,NY,NIGMS,14465032.549481358,34098155.20055568,102.70173110131765,752016
3612,NY,NIMH,13525152.487864884,31882593.216766335,96.02858266384067,752016
3612,NY,NIMHD,1433909.9340517772,3380129.516312021,10.180760531767618,752016
3612,NY,NINDS,11849128.21283509,27931732.017223872,84.12881031112914,752016
3612,NY,NINR,878102.5070753474,2069934.8906287663,6.234527800234966,752016
3612,NY,NLM,290557.4002649934,684925.6159648915,2.0629575418814534,752016
3612,NY,OD,11554782.105170688,27237875.350984972,82.03895294671187,752016
3613,NY,FIC,555069.6270567153,1308455.423501488,3.9409943521026785,747542
3613,NY,NCATS,7983060.070103274,18818320.68573536,56.67972649773324,747542
3613,NY,NCCIH,546775.9330682361,1288904.8511928748,3.8821091247844763,747542
3613,NY,NCI,54673463.46155928,128880749.9109984,388.1815905770709,747542
3613,NY,NEI,6777883.925234358,15977381.123990573,48.12297586916394,747542
3613,NY,NHGRI,4729638.290823124,11149089.359550746,33.58043186484418,747542
3613,NY,NHLBI,33631456.275085144,79278813.3566746,238.78333955310453,747542
3613,NY,NIA,52633728.54868955,124072520.31392656,373.6994726956958,747542
3613,NY,NIAAA,2723615.6676448598,6420329.122961383,19.337671240278503,747542
3613,NY,NIAID,37097875.36693646,87450139.33052133,263.39491510524886,747542
3613,NY,NIAMS,5746614.992327275,13546389.834652757,40.80096644552365,747542
3613,NY,NIBIB,2537839.434820156,5982402.225959106,18.018659987223106,747542
3613,NY,NICHD,10138212.4696662,23898621.80153074,71.98130853463002,747542
3613,NY,NIDA,16424177.093294747,38716410.602799214,116.6116573623927,747542
3613,NY,NIDCD,2760394.7425100775,6507027.759732306,19.59880267182155,747542
3613,NY,NIDCR,2727143.7288729995,6428645.756809434,19.362720474998298,747542
3613,NY,NIDDK,22092273.13564831,52077709.16073139,156.85513926310298,747542
3613,NY,NIEHS,8634803.398321668,20354663.247046385,61.307104128083836,747542
3613,NY,NIGMS,22782914.964432098,53705746.44203772,161.7586962474679,747542
3613,NY,NIMH,28721462.56051663,67704575.47366942,203.92238417966806,747542
3613,NY,NIMHD,4272068.050523832,10070467.447328348,30.33168315871921,747542
3613,NY,NINDS,25119610.53135448,59213995.927465014,178.3492347726168,747542
3613,NY,NINR,2467611.719410728,5816855.723991713,17.52004320781617,747542
3613,NY,NLM,970605.8267803951,2287991.2649286245,6.8913013701408055,747542
3613,NY,OD,21761780.950497713,51298646.0108016,154.50864474853375,747542
3614,NY,FIC,312842.41949081054,737457.6819391588,2.2211811783847546,737491
3614,NY,NCATS,4932024.7592717605,11626171.259508267,35.0173757908295,737491
3614,NY,NCCIH,349266.72704633785,823320.0322555206,2.4797937620289985,737491
3614,NY,NCI,34335407.629208334,80938224.93728626,243.78139416737918,737491
3614,NY,NEI,3699215.1105449977,8720091.74733082,26.264427284869484,737491
3614,NY,NHGRI,2686383.027922174,6332561.306093523,19.073319498247436,737491
3614,NY,NHLBI,19928105.766547482,46976157.22303981,141.4895509424871,737491
3614,NY,NIA,29572170.136689402,69709932.79750536,209.96240797049475,737491
3614,NY,NIAAA,1488607.839227615,3509067.882226577,10.569115658516065,737491
3614,NY,NIAID,24629459.90108231,58058572.86114984,174.8691652976844,737491
3614,NY,NIAMS,3503453.1491043726,8258625.675911093,24.874517358641043,737491
3614,NY,NIBIB,1340495.5007799831,3159925.3907576823,9.517518055537879,737491
3614,NY,NICHD,5935023.538621756,13990521.835786114,42.13866712421447,737491
3614,NY,NIDA,9854067.049485747,23228811.028295558,69.9638760513488,737491
3614,NY,NIDCD,1568432.3670772002,3697236.7736629,11.13586980624812,737491
3614,NY,NIDCR,1595817.5565059306,3761791.377058587,11.330304651192106,737491
3614,NY,NIDDK,13587108.455469023,32028640.879759137,96.46847003383006,737491
3614,NY,NIEHS,4628706.941783074,10911165.746700495,32.863819286659826,737491
3614,NY,NIGMS,14330273.751960542,33780490.76552682,101.74494363891985,737491
3614,NY,NIMH,15884206.571035981,37443548.02134829,112.77786665435546,737491
3614,NY,NIMHD,2211405.590482881,5212905.728191077,15.700979692428453,737491
3614,NY,NINDS,14304373.9734541,33719437.69397986,101.5610552115241,737491
3614,NY,NINR,1253953.2302676365,2955920.8880893304,8.90306793490022,737491
3614,NY,NLM,476195.31604826875,1122526.460749217,3.380986743942708,737491
3614,NY,OD,12048076.772689018,28400709.798478123,85.54134508609202,737491
3615,NY,FIC,348252.8103540482,820929.9450838629,2.472594953513742,754448
3615,NY,NCATS,5631889.531968969,13275949.616881317,39.986415676979675,754448
3615,NY,NCCIH,355924.56596068817,839014.433483118,2.527064418320886,754448
3615,NY,NCI,36557511.18233324,86176348.77606572,259.558329394566,754448
3615,NY,NEI,4446602.554749026,10481894.424251124,31.570878138718083,754448
3615,NY,NHGRI,2815690.315398559,6637374.99675409,19.991401239329768,754448
3615,NY,NHLBI,23229389.005751483,54758211.488476455,164.92866194083553,754448
3615,NY,NIA,35615943.38979111,83956808.33520462,252.87319806751685,754448
3615,NY,NIAAA,1753734.798133453,4134046.7864701594,12.451517066747515,754448
3615,NY,NIAID,26408509.452316217,62252293.64953671,187.50041711144513,754448
3615,NY,NIAMS,3751442.899952228,8843207.354772266,26.635244589660818,754448
3615,NY,NIBIB,1577802.3295505445,3719324.413877089,11.202396539808866,754448
3615,NY,NICHD,6754346.591971984,15921897.001169404,47.95586080300109,754448
3615,NY,NIDA,10969038.141078636,25857111.876925897,77.88017080165831,754448
3615,NY,NIDCD,1709195.5553331114,4029055.2485440504,12.135288442865091,754448
3615,NY,NIDCR,1654479.8100998404,3900074.8285902054,11.746806651708866,754448
3615,NY,NIDDK,15580005.423915714,36726460.25184542,110.61803850980156,754448
3615,NY,NIEHS,5373775.604394797,12667502.40241828,38.15380679120306,754448
3615,NY,NIGMS,15843431.532980336,37347429.77403886,112.48836388416038,754448
3615,NY,NIMH,18000883.29691413,42433151.13917778,127.80627140809032,754448
3615,NY,NIMHD,2771405.2497732043,6532982.626007971,19.67697727338975,754448
3615,NY,NINDS,16826096.14623401,39663846.9945462,119.46528263826146,754448
3615,NY,NINR,1463680.4015576516,3450306.8918509926,10.392130851059326,754448
3615,NY,NLM,589540.7445609542,1389713.5548313253,4.185739286382774,754448
3615,NY,OD,14206911.826225745,33489691.966757763,100.86907396620278,754448
3616,NY,FIC,181999.3805370219,429023.7925651177,1.2921956018128555,773517
3616,NY,NCATS,2584223.3800449185,6091742.246984135,18.347985998318922,773517
3616,NY,NCCIH,211549.73523871286,498682.3002389118,1.5020031201948614,773517
3616,NY,NCI,21497371.988159627,50675359.62666241,152.63134111593334,773517
3616,NY,NEI,2098290.271833446,4946261.067857628,14.897860930017465,773517
3616,NY,NHGRI,1354281.0227741695,3192421.74822321,9.615395261696603,773517
3616,NY,NHLBI,10945312.759281177,25801184.470751397,77.71172059089635,773517
3616,NY,NIA,18234730.693435647,42984395.30627938,129.4665879233931,773517
3616,NY,NIAAA,1130268.2408321523,2664360.5372001478,8.02490450990828,773517
3616,NY,NIAID,14563425.449333254,34330094.97381966,103.4003206902661,773517
3616,NY,NIAMS,1679073.099216335,3958048.1367260683,11.921419004435979,773517
3616,NY,NIBIB,849845.9897502454,2003326.32200767,6.033906527226742,773517
3616,NY,NICHD,3528654.38644626,8318032.089217817,25.053446143768443,773517
3616,NY,NIDA,5881636.174081341,13864672.783209113,41.759616835977525,773517
3616,NY,NIDCD,961660.9336822048,2266905.6329349787,6.827792629143654,773517
3616,NY,NIDCR,724456.5098016036,1707748.006979333,5.143641219591386,773517
3616,NY,NIDDK,7305604.0268600555,17221366.01418228,51.86978859070639,773517
3616,NY,NIEHS,2032025.8581888091,4790057.184250766,14.427383593140544,773517
3616,NY,NIGMS,8712135.297631452,20536956.311068095,61.856160613183306,773517
3616,NY,NIMH,10440595.21580439,24611423.087841015,74.12822603221117,773517
3616,NY,NIMHD,1161233.1324283213,2737353.506680359,8.244755240241082,773517
3616,NY,NINDS,8985878.723356713,21182246.654078517,63.79973893583266,773517
3616,NY,NINR,772400.8958949836,1820766.4265656788,5.484046360854383,773517
3616,NY,NLM,221480.553753118,522092.03608391545,1.5725119316471379,773517
3616,NY,OD,6527281.855424137,15386641.473682921,46.34370117351137,773517
3617,NY,FIC,120275.161451681,283522.4260935629,0.853953646306935,783152
3617,NY,NCATS,1598936.0012982693,3769142.429615834,11.352445609217712,783152
3617,NY,NCCIH,135389.9851707263,319152.3220677359,0.9612688947121566,783152
3617,NY,NCI,13244468.175842425,31220941.250138294,94.03572404848121,783152
3617,NY,NEI,1287016.561821927,3033860.471490133,9.137817588935683,783152
3617,NY,NHGRI,1040053.6513911154,2451699.3446593,7.384380924876919,783152
3617,NY,NHLBI,6684956.727090819,15758325.548843263,47.46319276234481,783152
3617,NY,NIA,11559914.575804925,27249974.02961911,82.07539348821496,783152
3617,NY,NIAAA,962552.1516141121,2269006.484575356,6.834120276460196,783152
3617,NY,NIAID,9239185.341183808,21779361.685686644,65.59821592240503,783152
3617,NY,NIAMS,1073324.7456745228,2530128.683320458,7.620605694289112,783152
3617,NY,NIBIB,728480.2277880986,1717233.0433881653,5.1722096172955,783152
3617,NY,NICHD,2158186.593824482,5087453.566125876,15.323124816153822,783152
3617,NY,NIDA,3353652.2672683094,7905502.812166875,23.810931097604996,783152
3617,NY,NIDCD,794319.0620927011,1872433.7166436496,5.639665340858177,783152
3617,NY,NIDCR,495108.903307994,1167111.1121542696,3.5152732134867573,783152
3617,NY,NIDDK,4125410.8029453233,9724755.014804466,29.290416700911795,783152
3617,NY,NIEHS,1192776.3803003961,2811709.8247731356,8.468712300132813,783152
3617,NY,NIGMS,5993858.772579456,14129213.050747989,42.556397285314134,783152
3617,NY,NIMH,7116310.938097352,16775148.897356322,50.525807660491196,783152
3617,NY,NIMHD,688121.502827472,1622096.1632811567,4.885662670075051,783152
3617,NY,NINDS,5489922.288069861,12941292.843776407,38.978448245296015,783152
3617,NY,NINR,404257.8839871983,952949.6751625326,2.8702309763091076,783152
3617,NY,NLM,153703.83193269194,362323.21622732695,1.0912972067221127,783152
3617,NY,OD,3999136.7501012157,9427091.512357945,28.39387092571863,783152
3618,NY,FIC,82434.54196331199,194321.42970549455,0.5852852479395151,791202
3618,NY,NCATS,1089861.0255841578,2569109.3518305183,7.73801328164752,791202
3618,NY,NCCIH,100559.54582781771,237047.16797593812,0.7139727753775057,791202
3618,NY,NCI,7299272.195842345,17206440.105373777,51.824832590480646,791202
3618,NY,NEI,770637.7465140556,1816610.186956332,5.471528000249795,791202
3618,NY,NHGRI,644247.3364827983,1518672.3978524834,4.574156089027868,791202
3618,NY,NHLBI,4340688.805578324,10232225.891204871,30.8188905196061,791202
3618,NY,NIA,6138314.919308023,14469736.86871904,43.582035927086956,791202
3618,NY,NIAAA,715828.9710313289,1687410.468506377,5.082385694322435,791202
3618,NY,NIAID,5575090.136253644,13142057.445966817,39.58313996740087,791202
3618,NY,NIAMS,778866.6639745142,1836008.062746756,5.529953314219051,791202
3618,NY,NIBIB,523643.2739138434,1234374.6592040348,3.717867244788288,791202
3618,NY,NICHD,1361984.4815095868,3210580.9698248757,9.670089818718067,791202
3618,NY,NIDA,2296441.4641919793,5413359.229379476,16.304734395763052,791202
3618,NY,NIDCD,475046.18986738723,1119817.6467367574,3.372827948058449,791202
3618,NY,NIDCR,323122.3749030958,761690.4317725123,2.2941688618119804,791202
3618,NY,NIDDK,2608501.3489869297,6148972.2566717835,18.520359577807202,791202
3618,NY,NIEHS,875227.242393842,2063157.0820744287,6.214113420996278,791202
3618,NY,NIGMS,4002677.2614386403,9435437.494619641,28.419008556214344,791202
3618,NY,NIMH,4131360.0474157985,9738779.059381371,29.332656336652168,791202
3618,NY,NIMHD,471062.98133166134,1110428.1025112085,3.3445471674547953,791202
3618,NY,NINDS,3123030.866111545,7361863.224608883,22.173519149391968,791202
3618,NY,NINR,224306.5483360207,528753.7011409499,1.592576493185747,791202
3618,NY,NLM,101092.91738025508,238304.4749271916,0.717759713399811,791202
3618,NY,OD,3034302.5640875655,7152705.630061756,21.543548205021715,791202
3619,NY,FIC,179254.62570460746,422553.6324778182,1.272707842502713,776282
3619,NY,NCATS,506985.3212574558,1195107.1737657543,3.599595780927936,776282
3619,NY,NCCIH,280076.9385681999,660220.2163546047,1.9885462638342195,776282
3619,NY,NCI,7032660.838588253,16577962.056203622,49.931891953976596,776282
3619,NY,NEI,1375636.5572160082,3242762.7568104835,9.767019556233658,776282
3619,NY,NHGRI,1544760.6862897163,3641435.955891593,10.967800872656985,776282
3619,NY,NHLBI,5012792.956722164,11816564.645939445,35.59082999272736,776282
3619,NY,NIA,7257843.436699569,17108780.85336833,51.53068840056694,776282
3619,NY,NIAAA,3541723.218406222,8348839.00644641,25.146234850684174,776282
3619,NY,NIAID,19223790.701621797,45315888.273642495,136.48891398151474,776282
3619,NY,NIAMS,2826297.7249770695,6662379.648271234,20.066713847337194,776282
3619,NY,NIBIB,3098399.8326325146,7303800.942381377,21.998638811690853,776282
3619,NY,NICHD,6165272.305433908,14533283.019256717,43.77343336858074,776282
3619,NY,NIDA,1064027.047519425,2508211.3904546485,7.554592037387917,776282
3619,NY,NIDCD,1517973.7249179475,3578291.54449249,10.777613446917428,776282
3619,NY,NIDCR,728795.9988132444,1717977.4046183545,5.1744515915740354,776282
3619,NY,NIDDK,2992978.360031938,7055292.843840356,21.25014635622676,776282
3619,NY,NIEHS,1422063.850147137,3352204.9605865167,10.096653336044673,776282
3619,NY,NIGMS,35501582.40742284,83687227.29469593,252.06123509270216,776282
3619,NY,NIMH,4363056.326696411,10284952.437372483,30.977699919544516,776282
3619,NY,NIMHD,646235.2057197478,1523358.365445577,4.5882699606102095,776282
3619,NY,NINDS,5846642.553051554,13782182.963927932,41.51116212666603,776282
3619,NY,NINR,200876.13183863315,473521.61124356306,1.4262205360542954,776282
3619,NY,NLM,142015.2719994996,334769.9888626723,1.008308431196447,776282
3619,NY,OD,5361893.555603735,12639493.067327447,38.06944424478652,776282
3620,NY,FIC,107023.84473082302,252285.34089421201,0.7598692975888435,790733
3620,NY,NCATS,259576.01203373217,611893.7592701693,1.8429896854394983,790733
3620,NY,NCCIH,36195.468902123146,85322.91316729417,0.25698782920507435,790733
3620,NY,NCI,5470782.08972455,12896174.006226936,38.8425528370443,790733
3620,NY,NEI,819583.6438211187,1931989.4505077673,5.819043871129943,790733
3620,NY,NHGRI,196168.31065994914,462423.95096121647,1.3927950056856389,790733
3620,NY,NHLBI,6522853.044258051,15376201.518571962,46.312256614232155,790733
3620,NY,NIA,6879208.327451224,16216231.27386584,48.842379124903694,790733
3620,NY,NIAAA,346354.41786117264,816454.8993739961,2.4591163668143254,790733
3620,NY,NIAID,6348216.5243528895,14964534.06196298,45.07233732290551,790733
3620,NY,NIAMS,1082111.6194164618,2550841.8191917674,7.682992497856879,790733
3620,NY,NIBIB,3860239.8950093887,9099672.510320509,27.40770325456666,790733
3620,NY,NICHD,1143886.6188125855,2696462.889156023,8.121594993569357,790733
3620,NY,NIDA,1138183.6845825356,2683019.467178948,8.081104160536002,790733
3620,NY,NIDCD,437465.38474677893,1031229.1059795307,3.1060042317021304,790733
3620,NY,NIDCR,1406594.7464321435,3315739.9268935053,9.986822699668219,790733
3620,NY,NIDDK,979070.5742378128,2307945.0584336994,6.95140107708847,790733
3620,NY,NIEHS,1232816.7919018029,2906096.350652599,8.752999222502801,790733
3620,NY,NIGMS,8782593.448164487,20703046.013514407,62.356413481967856,790733
3620,NY,NIMH,2468322.170885475,5818530.458187126,17.525087413286872,790733
3620,NY,NIMHD,412794.78934605705,973073.565161609,2.930843004357005,790733
3620,NY,NINDS,5317564.677337423,12534997.417848563,37.7547092090957,790733
3620,NY,NINR,67758.62984502791,159726.17197571442,0.48108627189969816,790733
3620,NY,NLM,36952.93886401054,87108.48317772055,0.2623658659344748,790733
3620,NY,OD,3277307.8982007257,7725537.6350233015,23.26888607722515,790733
3621,NY,FIC,26355.471257729674,62127.267688870335,0.18712384592988068,767674
3621,NY,NCATS,122346.9870490366,288406.3024709893,0.8686636080481599,767674
3621,NY,NCCIH,33232.421808446234,78338.17674716262,0.23595019483996826,767674
3621,NY,NCI,1226103.3632309565,2890270.9087143717,8.705333878939792,767674
3621,NY,NEI,421777.2711898601,994247.8044139881,2.9946186254480067,767674
3621,NY,NHGRI,73657.32616779221,173631.0603336584,0.5229670157913247,767674
3621,NY,NHLBI,1571200.6498951546,3703762.395837807,11.155524614255597,767674
3621,NY,NIA,1558122.468159541,3672933.438555024,11.06266952393274,767674
3621,NY,NIAAA,270694.92621522857,638104.1711807818,1.9219339761281227,767674
3621,NY,NIAID,1601532.2227398804,3775262.4546726905,11.37087878145315,767674
3621,NY,NIAMS,392931.5683636692,926250.359646964,2.789814135382051,767674
3621,NY,NIBIB,555802.4047870372,1310182.7869685632,3.946197073987964,767674
3621,NY,NICHD,452167.74792619987,1065886.7163092638,3.210391010276019,767674
3621,NY,NIDA,384530.5794838965,906446.8630643791,2.730167114335665,767674
3621,NY,NIDCD,283514.44768388476,668323.3933733214,2.012952578555582,767674
3621,NY,NIDCR,328670.58146279905,774769.1170578962,2.333561128385873,767674
3621,NY,NIDDK,386887.4890213684,912002.7625708249,2.7469011720517154,767674
3621,NY,NIEHS,208563.20338636436,491642.203629075,1.480798744043187,767674
3621,NY,NIGMS,3145556.497539045,7414962.481301047,22.333451132527216,767674
3621,NY,NIMH,878034.397165043,2069774.3363898243,6.234044219871805,767674
3621,NY,NIMHD,94358.49383184384,222429.54215020058,0.6699453062060912,767674
3621,NY,NINDS,1048534.389902637,2471690.8335821205,7.444594168308722,767674
3621,NY,NINR,69220.70253989875,163172.68905016012,0.4914669880332811,767674
3621,NY,NLM,17386.978995602596,40986.00582009172,0.12344755086877843,767674
3621,NY,OD,597900.0140378637,1409418.7070328079,4.2450900996688326,767674
3622,NY,FIC,45504.02951688423,107265.81190949465,0.323078609569878,765288
3622,NY,NCATS,271051.64194379264,638945.0506073195,1.9244666578009277,765288
3622,NY,NCCIH,261748.74855229334,617015.5111062874,1.8584161147212828,765288
3622,NY,NCI,2260558.4132835227,5328772.773402931,16.04996473431301,765288
3622,NY,NEI,2913215.9881933196,6867270.471625566,20.68383351617257,765288
3622,NY,NHGRI,320393.1368758419,755256.849164646,2.2747912718184775,765288
3622,NY,NHLBI,2408889.442262911,5678430.780040368,17.103115040066665,765288
3622,NY,NIA,5128677.279582751,12089736.628974719,36.41360868503753,765288
3622,NY,NIAAA,1596975.8450484658,3764521.7893376662,11.338528499844106,765288
3622,NY,NIAID,4662439.6072896,10990683.138717093,33.10332121175616,765288
3622,NY,NIAMS,1892532.6498455405,4461232.40966132,13.436981813903337,765288
3622,NY,NIBIB,910997.3931022714,2147477.4004858118,6.468081491026126,765288
3622,NY,NICHD,2114229.49699418,4983834.310188618,15.011029428658679,765288
3622,NY,NIDA,733882.5969119037,1729967.9487680222,5.210566438074516,765288
3622,NY,NIDCD,785382.0418896427,1851366.6432809068,5.5762124974164635,765288
3622,NY,NIDCR,288837.09665839403,680870.3759113871,2.0507433862745974,765288
3622,NY,NIDDK,1554109.2826894538,3663473.2302534147,11.034175907095122,765288
3622,NY,NIEHS,279739.5169824361,659424.8186560489,1.9861505705752964,765288
3622,NY,NIGMS,11581180.823779179,27300104.564858425,82.22638384883217,765288
3622,NY,NIMH,2492547.194163091,5875635.660033826,17.697085078557947,765288
3622,NY,NIMHD,189452.22379606683,446592.2429134331,1.3451107889520744,765288
3622,NY,NINDS,3002128.6768373176,7076862.7173609845,21.315113605544955,765288
3622,NY,NINR,555782.1997801125,1310135.1580773324,3.9460536184387984,765288
3622,NY,NLM,32123.979328011854,75725.26567354768,0.22808025322888414,765288
3622,NY,OD,1350373.9695103779,3183211.72341961,9.587655183523683,765288
3623,NY,FIC,126484.61120430645,298159.84779661096,0.8980407395505757,773707
3623,NY,NCATS,1264077.9026321042,2979787.5920498944,8.97495310868794,773707
3623,NY,NCCIH,115590.3886702391,272479.097374149,0.8206917595586976,773707
3623,NY,NCI,11584962.043794433,27309017.965259463,82.25323051094047,773707
3623,NY,NEI,1154719.3231617846,2721998.623892684,8.19850719444867,773707
3623,NY,NHGRI,330303.4530148679,778618.2551372304,2.345154516405562,773707
3623,NY,NHLBI,2426629.499943908,5720249.091752023,17.229069449601745,773707
3623,NY,NIA,2833814.172390827,6680098.031523701,20.12008062397487,773707
3623,NY,NIAAA,1148164.5607646368,2706547.2030433947,8.15196838142892,773707
3623,NY,NIAID,5116978.580052216,12062159.499723727,36.330547918370726,773707
3623,NY,NIAMS,907022.3003037076,2138106.987338218,6.439858332156324,773707
3623,NY,NIBIB,1035780.2456727637,2441625.723952202,7.354039744276622,773707
3623,NY,NICHD,1414326.2358819428,3333965.224782667,10.041716274761793,773707
3623,NY,NIDA,1032018.7801940498,2432758.8905568416,7.327333339377754,773707
3623,NY,NIDCD,664651.0379096942,1566769.6679789196,4.719022369158829,773707
3623,NY,NIDCR,1597123.020654833,3764868.7236878294,11.339573446649313,773707
3623,NY,NIDDK,1340667.6191580647,3160331.122244882,9.51874009602226,773707
3623,NY,NIEHS,640712.8901271191,1510340.7124607137,4.549061519902546,773707
3623,NY,NIGMS,7063131.185932694,16649789.245614465,50.14823142012212,773707
3623,NY,NIMH,1450321.125578947,3418815.3162786127,10.297279991610523,773707
3623,NY,NIMHD,465280.3116774579,1096796.721685201,3.303490212909951,773707
3623,NY,NINDS,2687132.569928573,6334328.187680281,19.078641246492868,773707
3623,NY,NINR,182461.23179530492,430112.5060423004,1.2954747457466649,773707
3623,NY,NLM,120203.94391667479,283354.54630806396,0.853448001808391,773707
3623,NY,OD,2874752.0181353833,6776600.062403979,20.41073932876122,773707
3624,NY,FIC,109605.181749173,258370.2791738561,0.7781967904191283,772889
3624,NY,NCATS,1925354.4392088426,4538602.61009754,13.670016518382782,772889
3624,NY,NCCIH,179531.7688428329,423206.93690058077,1.2746755587841136,772889
3624,NY,NCI,6158922.377961048,14518314.452007305,43.72834888352344,772889
3624,NY,NEI,2979378.857444788,7023234.986501927,21.153589887857994,772889
3624,NY,NHGRI,218481.59142009527,515022.6373305959,1.5512192990826763,772889
3624,NY,NHLBI,4697570.501773444,11073496.550186906,33.35275056259145,772889
3624,NY,NIA,5133934.0606192,12102128.34223378,36.450931830396314,772889
3624,NY,NIAAA,945984.4934052663,2229951.848577649,6.716489903177391,772889
3624,NY,NIAID,6520116.22964365,15369750.075814558,46.292825230469916,772889
3624,NY,NIAMS,2287939.0637375503,5393316.677157028,16.244367352536607,772889
3624,NY,NIBIB,897650.1643090856,2116014.2235222943,6.373316166594507,772889
3624,NY,NICHD,1894280.1214555707,4465351.692349661,13.449388862334551,772889
3624,NY,NIDA,1199271.707691251,2827021.1405751687,8.514829124607882,772889
3624,NY,NIDCD,1573625.2623911917,3709477.8902833443,11.172739362977461,772889
3624,NY,NIDCR,1685906.8313158487,3974157.167724177,11.969938502342526,772889
3624,NY,NIDDK,1532436.5626344152,3612384.525853548,10.880299594704347,772889
3624,NY,NIEHS,1711192.7213337498,4033763.1312272097,12.149468321469623,772889
3624,NY,NIGMS,7559228.966235504,17819231.419322047,53.67052566027208,772889
3624,NY,NIMH,2849002.7191524515,6715901.713470295,20.227919305982404,772889
3624,NY,NIMHD,336892.9653715227,794151.5914269749,2.391940054137811,772889
3624,NY,NINDS,4123559.6725424645,9720391.379150193,29.277273675051497,772889
3624,NY,NINR,513258.5419310821,1209894.921488058,3.6441356477106828,772889
3624,NY,NLM,65130.11286531194,153530.01724083518,0.46242380134371475,772889
3624,NY,OD,2559514.850309033,6033497.2842555875,18.172555437194134,772889
3625,NY,FIC,216435.3922082395,510199.1695604101,1.5366912846785004,768525
3625,NY,NCATS,6330532.0957752345,14922846.88371355,44.94677788000416,768525
3625,NY,NCCIH,528261.0722949713,1245260.1104013238,3.7506536132942965,768525
3625,NY,NCI,15072602.892478034,35530369.59619479,107.01548053659404,768525
3625,NY,NEI,9882880.435724897,23296732.293766294,70.16845109364677,768525
3625,NY,NHGRI,215239.39521051684,507379.86783341825,1.5281997059946695,768525
3625,NY,NHLBI,16478284.612910591,38843957.26369105,116.99582075166519,768525
3625,NY,NIA,14458359.775836723,34082425.59396305,102.65435440844072,768525
3625,NY,NIAAA,1769823.7219231888,4171972.9106261674,12.56574842565464,768525
3625,NY,NIAID,17904912.69664463,42206921.40817055,127.12488014617688,768525
3625,NY,NIAMS,8210983.360585051,19355600.066620518,58.29798186015386,768525
3625,NY,NIBIB,1695172.2158750864,3995998.2883447483,12.035722732713113,768525
3625,NY,NICHD,5020794.980815031,11835427.670167271,35.64764436378672,768525
3625,NY,NIDA,3264433.395040838,7695188.8055011975,23.17747710478995,768525
3625,NY,NIDCD,5870718.116346065,13838935.846505197,41.68209862605706,768525
3625,NY,NIDCR,4653828.716934862,10970384.845247896,33.04218389023752,768525
3625,NY,NIDDK,3560208.646387046,8392414.365857644,25.277481389348026,768525
3625,NY,NIEHS,6749932.975466312,15911492.864151992,47.92452412581081,768525
3625,NY,NIGMS,15975198.265554804,37658041.06939716,113.4239076854391,768525
3625,NY,NIMH,8622540.6439073,20325756.48159134,61.220038571741824,768525
3625,NY,NIMHD,691599.1377074744,1630293.9280261407,4.910353877723068,768525
3625,NY,NINDS,12065792.071947344,28442469.74761535,85.66712371082613,768525
3625,NY,NINR,1843149.794706782,4344823.113449379,13.086363542418152,768525
3625,NY,NLM,30719.88152474616,72415.41174485884,0.21811115882569773,768525
3625,NY,OD,7415849.102719036,17481244.70397281,52.65252862930515,768525
3626,NY,FIC,262023.88061851697,617664.0748660059,1.8603695523914705,760693
3626,NY,NCATS,2856134.704224214,6732713.810714675,20.278556399991917,760693
3626,NY,NCCIH,168990.94555427914,398359.2480201554,1.1998357134353819,760693
3626,NY,NCI,26391758.872898657,62212807.81673782,187.38148799758045,760693
3626,NY,NEI,2005325.5210503621,4727116.970563756,14.237811199457571,760693
3626,NY,NHGRI,236069.9189431316,556483.2783313796,1.6760964244962344,760693
3626,NY,NHLBI,3966088.4248692472,9349187.303084768,28.159227816571654,760693
3626,NY,NIA,4237956.719461266,9990057.433960585,30.089492708174987,760693
3626,NY,NIAAA,1842660.4937728327,4343669.693356578,13.082889505787112,760693
3626,NY,NIAID,6331776.469083971,14925780.222028801,44.955612930496194,760693
3626,NY,NIAMS,614113.9048522738,1447639.4136577952,4.360208724451144,760693
3626,NY,NIBIB,1668052.483980579,3932069.443112421,11.84317263626211,760693
3626,NY,NICHD,1475668.29735433,3478565.7381415176,10.477244911215744,760693
3626,NY,NIDA,2254492.597020762,5314473.936283959,16.00689743884741,760693
3626,NY,NIDCD,1032348.8846929772,2433537.0398211675,7.3296770813201375,760693
3626,NY,NIDCR,3772425.530870483,8892669.324741513,26.784221269180428,760693
3626,NY,NIDDK,2058153.047990128,4851646.328260794,14.612886640729908,760693
3626,NY,NIEHS,1091445.296919827,2572843.925513546,7.74926160813077,760693
3626,NY,NIGMS,6237824.044776981,14704307.900101459,44.288550717916564,760693
3626,NY,NIMH,1815110.4468060515,4278726.474318362,12.887284172322966,760693
3626,NY,NIMHD,928347.5624511945,2188376.6356027573,6.591267693403481,760693
3626,NY,NINDS,4425246.816072478,10431552.934225127,31.419252394114594,760693
3626,NY,NINR,280742.91833395784,661790.1182083033,1.9932747201711007,760693
3626,NY,NLM,255125.1262758202,601401.7681298751,1.8113883965583233,760693
3626,NY,OD,5354036.297680942,12620971.297729922,38.01365771353469,760693
3701,NC,FIC,48584.016492632494,121542.28127817744,0.4712649599785351,753478
3701,NC,NCATS,1180812.982778298,2954031.2648199317,11.453885932949488,753478
3701,NC,NCCIH,140661.18626379248,351891.0682979151,1.3644135067587868,753478
3701,NC,NCI,2462090.9378477214,6159395.021317737,23.882282097122893,753478
3701,NC,NEI,509913.3953486918,1275646.6385272928,4.94615993488231,753478
3701,NC,NHGRI,426308.2622965026,1066492.2842496966,4.135190144276074,753478
3701,NC,NHLBI,6205507.727357232,15524273.621690612,60.19342495536514,753478
3701,NC,NIA,2698082.7041283236,6749773.909423057,26.171402230044734,753478
3701,NC,NIAAA,483161.3066816992,1208721.1325630948,4.686664674812481,753478
3701,NC,NIAID,6185206.400191583,15473485.938933633,59.996502081858345,753478
3701,NC,NIAMS,535803.2443574222,1340415.0857993672,5.197291470266995,753478
3701,NC,NIBIB,288756.67356639047,722380.4735221765,2.800939733593987,753478
3701,NC,NICHD,1462792.8295348648,3659458.1999203106,14.189090446488185,753478
3701,NC,NIDA,1027653.0214449464,2570872.1016874244,9.968234308015978,753478
3701,NC,NIDCD,263003.54039755097,657954.0472740273,2.551134341856244,753478
3701,NC,NIDCR,229958.63924981572,575285.8580205376,2.2305988007232123,753478
3701,NC,NIDDK,1548350.7501910345,3873497.8287670757,15.019002276853033,753478
3701,NC,NIEHS,1036012.0553591996,2591783.836133547,10.049316936984235,753478
3701,NC,NIGMS,2340373.557490514,5854895.534700323,22.701623507657985,753478
3701,NC,NIMH,866226.7335643381,2167033.1294556363,8.402399315574078,753478
3701,NC,NIMHD,425562.1669256593,1064625.7828780545,4.127953019178895,753478
3701,NC,NINDS,1490914.6777755988,3729810.4234639495,14.461872374423306,753478
3701,NC,NINR,146586.73182896763,366714.96261135436,1.4218912987409857,753478
3701,NC,NLM,38713.99642877922,96850.52375327155,0.3755257653591584,753478
3701,NC,OD,4368280.418562229,10928095.403873367,42.37232006005361,753478
3702,NC,FIC,393301.84104667505,983920.3598773899,3.8150278581527473,790747
3702,NC,NCATS,7613070.674378764,19045563.62556616,73.846785541474,790747
3702,NC,NCCIH,839657.9611738945,2100566.224489373,8.144682223386775,790747
3702,NC,NCI,15775434.01700707,39465288.73073231,153.02170996496855,790747
3702,NC,NEI,2714692.0010448075,6791325.26691451,26.33251241013463,790747
3702,NC,NHGRI,3238384.6421483546,8101443.344491963,31.412331028839034,790747
3702,NC,NHLBI,78554801.4320555,196519976.33530623,761.9815738909383,790747
3702,NC,NIA,13824718.412120989,34585197.66665266,134.09976859757356,790747
3702,NC,NIAAA,3076292.1764077772,7695937.799945185,29.840034111155436,790747
3702,NC,NIAID,57386677.89022003,143563835.37806094,556.6507755351342,790747
3702,NC,NIAMS,2783296.3561820514,6962952.284006919,26.997974654965894,790747
3702,NC,NIBIB,1848475.072988337,4624316.667826706,17.930208207986865,790747
3702,NC,NICHD,12701128.618819883,31774321.23943505,123.20094760255284,790747
3702,NC,NIDA,9685728.181635218,24230715.86135324,93.9515633618616,790747
3702,NC,NIDCD,1330354.8833408921,3328139.1515939347,12.904442368406652,790747
3702,NC,NIDCR,1209731.470348964,3026376.4351906516,11.734395262384949,790747
3702,NC,NIDDK,8253081.250914142,20646673.437598012,80.05488813386717,790747
3702,NC,NIEHS,8163802.204969103,20423324.696636163,79.18888138820029,790747
3702,NC,NIGMS,14325302.55567521,35837505.3837079,138.9554347900495,790747
3702,NC,NIMH,7217216.366926607,18055257.77901631,70.00699875918808,790747
3702,NC,NIMHD,2544809.8533481187,6366332.331581077,24.684655577476747,790747
3702,NC,NINDS,12149717.47250773,30394859.978648655,117.85225948332497,790747
3702,NC,NINR,729229.7404250135,1824308.7464905235,7.073528482122629,790747
3702,NC,NLM,172181.1926271153,430744.439341906,1.670157568483018,790747
3702,NC,OD,51009969.56252118,127611270.45762871,494.79670475645537,790747
3703,NC,FIC,40831.35306067278,102147.49946459109,0.3960641246885259,775182
3703,NC,NCATS,951730.6838887332,2380937.7411152935,9.23178763372071,775182
3703,NC,NCCIH,138722.37344050256,347040.7543361253,1.3456070223728747,775182
3703,NC,NCI,2120658.721236138,5305236.524250504,20.570389595990537,775182
3703,NC,NEI,497972.70191129873,1245774.6924595113,4.830335208539597,775182
3703,NC,NHGRI,331522.4770713233,829367.3736166147,3.2157680275918357,775182
3703,NC,NHLBI,5226574.225351207,13075282.788018174,50.6977699859067,775182
3703,NC,NIA,2627366.771618116,6572864.37454943,25.485457684695724,775182
3703,NC,NIAAA,520402.60708355746,1301887.4233594553,5.047905288710506,775182
3703,NC,NIAID,5330263.0158248125,13334680.282234158,51.70355125350067,775182
3703,NC,NIAMS,629571.159314631,1574993.5977740933,6.10684024535192,775182
3703,NC,NIBIB,204025.71635453406,510409.65311924904,1.97904944863898,775182
3703,NC,NICHD,1331444.275358342,3330864.4756936245,12.915009470975917,775182
3703,NC,NIDA,899389.3025871037,2249995.687577672,8.724076235094904,775182
3703,NC,NIDCD,302828.5614564427,757584.0132770066,2.937437046127494,775182
3703,NC,NIDCR,292316.0483761904,731284.9356382876,2.8354656692490465,775182
3703,NC,NIDDK,1954779.3929958763,4890257.413285679,18.961360112059996,775182
3703,NC,NIEHS,712466.2973547516,1782371.7626854598,6.91092308434109,775182
3703,NC,NIGMS,1893398.6355902455,4736701.618185987,18.36596676522538,775182
3703,NC,NIMH,690956.2002481605,1728560.108944426,6.702275142407156,775182
3703,NC,NIMHD,208659.7545969349,522002.5929412813,2.0239996195902683,775182
3703,NC,NINDS,1185485.2095537505,2965719.740617802,11.499206532671378,775182
3703,NC,NINR,169797.17265259725,424780.35388265614,1.647032574730193,775182
3703,NC,NLM,61580.03529079641,154054.3271380016,0.5973263423207251,775182
3703,NC,OD,3204827.669219914,8017494.108982972,31.086828391433162,775182
3704,NC,FIC,2701065.1195749007,6757234.996489649,26.200331659876532,804357
3704,NC,NCATS,42337868.33785888,105916337.79432018,410.67732287723106,804357
3704,NC,NCCIH,3816840.4844526034,9548562.12486307,37.02335269919025,804357
3704,NC,NCI,88320397.36362633,220950496.76673245,856.7078544271753,804357
3704,NC,NEI,12636131.667461459,31611718.8381818,122.57047717437614,804357
3704,NC,NHGRI,17712263.2887547,44310640.45603185,171.80895390092059,804357
3704,NC,NHLBI,146545656.29671052,366612204.2505671,1421.4928660780918,804357
3704,NC,NIA,66431272.32394387,166190631.59770662,644.3833415422554,804357
3704,NC,NIAAA,14485317.48493342,36237813.57032228,140.50757960385414,804357
3704,NC,NIAID,226412888.79324394,566415479.8499674,2196.205021294466,804357
3704,NC,NIAMS,12139297.366434278,30368792.074947856,117.75118445441248,804357
3704,NC,NIBIB,7631101.249041182,19090670.58327434,74.02168211569945,804357
3704,NC,NICHD,45990673.033659965,115054532.77782117,446.1095284265016,804357
3704,NC,NIDA,28160830.163211495,70449744.33604257,273.16005258315147,804357
3704,NC,NIDCD,5165879.1261383435,12923442.299040582,50.109027523541926,804357
3704,NC,NIDCR,7692238.305210147,19243616.712759845,74.61471156053841,804357
3704,NC,NIDDK,44523043.28565494,111382974.0940862,431.8735198708529,804357
3704,NC,NIEHS,20261015.477908198,50686835.300470896,196.5318501357095,804357
3704,NC,NIGMS,61259805.546143726,153253210.71107715,594.2201137975941,804357
3704,NC,NIMH,39067250.57033721,97734257.0741351,378.95233053227093,804357
3704,NC,NIMHD,12193213.673959175,30503674.109982267,118.27417263740398,804357
3704,NC,NINDS,45661409.78887409,114230817.30920817,442.91567495207863,804357
3704,NC,NINR,4402412.421577585,11013483.187975349,42.70340048930257,804357
3704,NC,NLM,817659.8786133995,2045533.7810817,7.931300822549973,804357
3704,NC,OD,108095458.69469704,270421624.1067021,1048.525949338561,804357
3705,NC,FIC,48176.19486694526,120522.03687849677,0.46730909020936895,755224
3705,NC,NCATS,1755836.1688158847,4392562.593934158,17.03161083751408,755224
3705,NC,NCCIH,235162.9541663986,588305.4548574408,2.281080655414066,755224
3705,NC,NCI,5212952.268601504,13041204.837730085,50.56563700543458,755224
3705,NC,NEI,1205322.1802825215,3015345.746248458,11.691625148740457,755224
3705,NC,NHGRI,510333.4918203074,1276697.5908199016,4.950234870656981,755224
3705,NC,NHLBI,6387643.695974366,15979921.851842476,61.96014385095134,755224
3705,NC,NIA,7575103.781188489,18950582.124559738,73.47850667752833,755224
3705,NC,NIAAA,1652403.6799972595,4133806.287707363,16.028315695973415,755224
3705,NC,NIAID,6118868.542823219,15307529.002851991,59.353024865385215,755224
3705,NC,NIAMS,436082.4312102656,1090944.2516484223,4.229999582739576,755224
3705,NC,NIBIB,428207.52558356576,1071243.6574238876,4.153612998160587,755224
3705,NC,NICHD,2101651.6673322413,5257686.71551439,20.38602117312274,755224
3705,NC,NIDA,2420928.5135492724,6056419.283341598,23.48300658142794,755224
3705,NC,NIDCD,196205.82143478113,490846.67878083605,1.9031964679173767,755224
3705,NC,NIDCR,406196.7458715568,1016179.4496444694,3.9401084349541002,755224
3705,NC,NIDDK,2448886.458233848,6126361.470548943,23.754198644868325,755224
3705,NC,NIEHS,635350.4738093326,1589451.6668803515,6.162899595950525,755224
3705,NC,NIGMS,3645281.553627907,9119374.393353866,35.35923107019069,755224
3705,NC,NIMH,1356848.1053914346,3394417.0528234583,13.161426622296913,755224
3705,NC,NIMHD,416422.1820813118,1041760.3491608067,4.039295166188724,755224
3705,NC,NINDS,2198134.1640028083,5499056.276850126,21.321901390827236,755224
3705,NC,NINR,304746.11723284016,762381.1486389386,2.9560373371585493,755224
3705,NC,NLM,25980.56241700046,64995.38434684932,0.25201145544490444,755224
3705,NC,OD,5855268.050458019,14648081.565175122,56.796100089442774,755224
3706,NC,FIC,44064.34276528636,110235.44633302638,0.42742412482327763,794243
3706,NC,NCATS,2302020.9452405157,5758949.083123001,22.329603168833,794243
3706,NC,NCCIH,282599.53516429773,706977.2050902776,2.7412154910936875,794243
3706,NC,NCI,8201719.376703739,20518181.809838053,79.55667795402626,794243
3706,NC,NEI,1074824.3362173312,2688880.2373300605,10.42579606130811,794243
3706,NC,NHGRI,401676.7582683709,1004871.8294784091,3.896264555203197,794243
3706,NC,NHLBI,7669100.344663791,19185732.6448719,74.39027334323876,794243
3706,NC,NIA,12567749.722275369,31440648.222449217,121.90717230607106,794243
3706,NC,NIAAA,2242066.604077501,5608961.7431798745,21.748046059551758,794243
3706,NC,NIAID,5693845.546064565,14244252.058065675,55.230301796826275,794243
3706,NC,NIAMS,639447.5262457337,1599701.2332107108,6.202641004583616,794243
3706,NC,NIBIB,498457.6272656461,1246987.8266973107,4.835038984476767,794243
3706,NC,NICHD,2206313.3168947008,5519518.004248773,21.401239173878594,794243
3706,NC,NIDA,3632593.690381714,9087633.25800081,35.236158796702625,794243
3706,NC,NIDCD,241732.2799568312,604739.8894857476,2.344803115581262,794243
3706,NC,NIDCR,577158.8556471297,1443874.118268756,5.598440899777158,794243
3706,NC,NIDDK,3225820.40298337,8070011.478605197,31.29045790893868,794243
3706,NC,NIEHS,849413.0205108069,2124970.3855984514,8.239306298954826,794243
3706,NC,NIGMS,3342066.861473114,8360824.399712595,32.4180485562892,794243
3706,NC,NIMH,1323084.1217470933,3309949.940109658,12.833915980946802,794243
3706,NC,NIMHD,535497.8216521995,1339651.0120354667,5.194328870026334,794243
3706,NC,NINDS,2673939.8688729885,6689375.95377232,25.937216728067984,794243
3706,NC,NINR,511180.36685371574,1278816.2119415947,4.958449558481042,794243
3706,NC,NLM,42307.37368053578,105840.04953152478,0.410381524701197,794243
3706,NC,OD,7059858.923595216,17661597.805648338,68.48063155887358,794243
3707,NC,FIC,22920.553267418643,57340.18167687926,0.2223293666939608,805748
3707,NC,NCATS,671582.2396133132,1680092.4123036999,6.514347724249137,805748
3707,NC,NCCIH,71255.88055975805,178260.31898848177,0.691182041429653,805748
3707,NC,NCI,1653974.3405853782,4137735.597895676,16.043551103678166,805748
3707,NC,NEI,282750.6968737452,707355.3652411769,2.7426817596753277,805748
3707,NC,NHGRI,220542.2913254185,551729.0487926751,2.1392602258565594,805748
3707,NC,NHLBI,3585583.9273520047,8970029.275179755,34.78016409531444,805748
3707,NC,NIA,2024022.8093138433,5063483.1650935095,19.633021250344278,805748
3707,NC,NIAAA,404419.19050382735,1011732.5522883221,3.9228661478871247,805748
3707,NC,NIAID,5676184.861105059,14200070.450741403,55.05899315271907,805748
3707,NC,NIAMS,227739.34553804193,569733.867056674,2.2090716517190065,805748
3707,NC,NIBIB,146889.47689788757,367472.33775195904,1.4248279259095091,805748
3707,NC,NICHD,758636.9606974927,1897876.5759125517,7.3587785187656785,805748
3707,NC,NIDA,912646.0740751097,2283160.0565482792,8.852666918528563,805748
3707,NC,NIDCD,105150.00877500819,263053.01343031024,1.0199550851175794,805748
3707,NC,NIDCR,135407.74163938584,338748.56402769306,1.3134550939020424,805748
3707,NC,NIDDK,808656.2231404505,2023009.4015629562,7.8439653644623695,805748
3707,NC,NIEHS,432329.0930023345,1081554.5527076263,4.193592202122645,805748
3707,NC,NIGMS,1519920.4828508124,3802374.0354017606,14.743228683652879,805748
3707,NC,NIMH,454406.49219490745,1136785.4219578295,4.407742974290602,805748
3707,NC,NIMHD,180065.39933052257,450468.3020025021,1.7466343735060688,805748
3707,NC,NINDS,873911.4170837456,2186257.846415611,8.476940745712332,805748
3707,NC,NINR,95937.43613196151,240005.987344136,0.9305931304800266,805748
3707,NC,NLM,16700.791611175504,41780.249104796334,0.16199767862840236,805748
3707,NC,OD,2702176.111576428,6760014.357112662,26.21110828229135,805748
3708,NC,FIC,30946.459237463132,77418.53236390569,0.3001806546033923,788892
3708,NC,NCATS,900505.0490144527,2252786.94231324,8.73489897544019,788892
3708,NC,NCCIH,115746.11365966962,289561.2120791373,1.1227373024987952,788892
3708,NC,NCI,2316185.140820258,5794383.548354858,22.4669958659565,788892
3708,NC,NEI,409079.7363042775,1023391.8058758479,3.968073442151491,788892
3708,NC,NHGRI,295102.6674186121,738256.2002623334,2.862495873960537,788892
3708,NC,NHLBI,4440013.956830758,11107550.675683482,43.068135381258344,788892
3708,NC,NIA,2696667.44062381,6746233.354990419,26.157674174050953,788892
3708,NC,NIAAA,495640.56627221924,1239940.4056654822,4.807713492840526,788892
3708,NC,NIAID,4060743.3076539636,10158732.046622764,39.38921008424344,788892
3708,NC,NIAMS,268833.43436784577,672538.6506871061,2.6076843133681034,788892
3708,NC,NIBIB,231258.56560791863,578537.8743514933,2.2432080863968102,788892
3708,NC,NICHD,977751.295616743,2446033.3165326864,9.484187567482406,788892
3708,NC,NIDA,923688.5575294578,2310784.9572236184,8.95977900803574,788892
3708,NC,NIDCD,133539.25372363234,334074.1813764393,1.2953307611192335,788892
3708,NC,NIDCR,404739.98013861896,1012535.0693883416,3.925977807344603,788892
3708,NC,NIDDK,956443.2408254375,2392727.11058472,9.277499436006742,788892
3708,NC,NIEHS,583169.0411239099,1458909.7556344648,5.656739698901925,788892
3708,NC,NIGMS,2043874.6870348423,5113146.463438379,19.825584464237966,788892
3708,NC,NIMH,640857.3054531446,1603228.0676171095,6.2163158628955015,788892
3708,NC,NIMHD,218984.67090302875,547832.361092278,2.1241513077593783,788892
3708,NC,NINDS,1220086.1685687683,3052280.7085389234,11.834835835117051,788892
3708,NC,NINR,233681.6284696721,584599.6331182393,2.266711796155819,788892
3708,NC,NLM,35144.18730186173,87919.95818179383,0.3408986168280588,788892
3708,NC,OD,3351313.437516267,8383956.491857908,32.507740343907784,788892
3709,NC,FIC,277323.4657623477,693778.1005783597,2.690037617894772,790294
3709,NC,NCATS,3471852.3311079955,8685507.76669143,33.67696761174755,790294
3709,NC,NCCIH,292727.92184583266,732315.316506569,2.8394608419045766,790294
3709,NC,NCI,9625179.198122453,24079240.9089616,93.36423822178779,790294
3709,NC,NEI,977782.4483336927,2446111.2510584714,9.484489748836818,790294
3709,NC,NHGRI,1741516.8452071126,4356740.046038503,16.892713398508988,790294
3709,NC,NHLBI,14684184.190676438,36735316.96405565,142.43658664956143,790294
3709,NC,NIA,7594241.398445345,18998458.562687896,73.664141564919845,790294
3709,NC,NIAAA,2027244.5170343495,5071542.887904225,19.66427181523319,790294
3709,NC,NIAID,17344825.66640528,43391424.42426242,168.24480896413118,790294
3709,NC,NIAMS,1064867.4332648094,2663971.125513452,10.32921410266865,790294
3709,NC,NIBIB,781339.9915810364,1954672.5834211786,7.578997918336052,790294
3709,NC,NICHD,4887017.841329531,12225817.047720192,47.404073060896444,790294
3709,NC,NIDA,3261084.9280553185,8158232.4849126125,31.632523802136586,790294
3709,NC,NIDCD,459448.20951102185,1149398.2495583051,4.456647632256911,790294
3709,NC,NIDCR,921035.2700407808,2304147.2471794197,8.934042119395572,790294
3709,NC,NIDDK,4786381.203470213,11974055.101536881,46.427897673661064,790294
3709,NC,NIEHS,2378413.113034976,5950058.814590593,23.070607196439266,790294
3709,NC,NIGMS,8069036.397283941,20186249.76366988,78.26965305365421,790294
3709,NC,NIMH,4048606.7674346445,10128370.152082734,39.27148564411605,790294
3709,NC,NIMHD,1175092.5677834,2939720.544164647,11.398397907498978,790294
3709,NC,NINDS,4117466.984787609,10300637.257822327,39.9394297524398,790294
3709,NC,NINR,467036.97595640115,1168383.0114706627,4.53025866677709,790294
3709,NC,NLM,108525.92804742003,271498.52616065694,1.0527015020599741,790294
3709,NC,OD,9946911.381703978,24884115.97644471,96.48504040252858,790294
3710,NC,FIC,35378.34027859994,88505.73698345288,0.3431699007024194,787565
3710,NC,NCATS,2865682.2636787635,7169056.510565498,27.797117957684,787565
3710,NC,NCCIH,323668.15202714555,809718.2656859345,3.1395810746633113,787565
3710,NC,NCI,11066879.975316934,27685933.274696965,107.34873576057424,787565
3710,NC,NEI,1491481.5847762881,3731228.6505911117,14.467371372329993,787565
3710,NC,NHGRI,333569.1541096713,834487.5307019847,3.235620794863811,787565
3710,NC,NHLBI,8676301.410476027,21705440.23766005,84.16012368161745,787565
3710,NC,NIA,17137529.949513074,42872834.23454242,166.2340405102768,787565
3710,NC,NIAAA,2666186.646686135,6669979.774125674,25.862010472855506,787565
3710,NC,NIAID,5916080.177023328,14800214.820630562,57.38597771712627,787565
3710,NC,NIAMS,850197.0051141165,2126931.6741878306,8.246910949606928,787565
3710,NC,NIBIB,570562.3198392862,1427371.6125374716,5.534454502441075,787565
3710,NC,NICHD,2407697.2988845166,6023318.84969014,23.354663799179807,787565
3710,NC,NIDA,4597544.993216288,11501644.92553449,44.59618643419799,787565
3710,NC,NIDCD,252438.0055633681,631522.3254985053,2.44864865396467,787565
3710,NC,NIDCR,579392.5272538094,1449462.078307904,5.62010751436195,787565
3710,NC,NIDDK,4118733.431937358,10303805.519460846,39.95171428979236,787565
3710,NC,NIEHS,619382.0759489496,1549503.6419038072,6.00800613670481,787565
3710,NC,NIGMS,2720562.513274322,6806011.484731738,26.38945637876092,787565
3710,NC,NIMH,1196575.1089359366,2993463.261375514,11.606778556678583,787565
3710,NC,NIMHD,601695.0979933768,1505256.257582193,5.8364424505357535,787565
3710,NC,NINDS,3173671.790764261,7939551.67408157,30.784616370413328,787565
3710,NC,NINR,661583.9249577217,1655079.7011302237,6.4173640720898995,787565
3710,NC,NLM,45392.88034532098,113559.03915013492,0.4403109393496134,787565
3710,NC,OD,8342567.801049487,20870541.29028601,80.92290767018001,787565
3711,NC,FIC,20045.504114732983,50147.69208810068,0.1944413899129099,770851
3711,NC,NCATS,515853.5072710242,1290506.973390662,5.003779020528934,770851
3711,NC,NCCIH,53374.53975279573,133526.6985328667,0.5177330356021185,770851
3711,NC,NCI,1223966.7768314423,3061988.798051528,11.872477735264988,770851
3711,NC,NEI,220431.42352195314,551451.6916137864,2.1381848081629453,770851
3711,NC,NHGRI,156945.29304404042,392628.8999868391,1.5223693425271918,770851
3711,NC,NHLBI,2225770.0446723434,5568192.758849636,21.589969433321727,770851
3711,NC,NIA,1475704.4140295535,3691759.0170962308,14.314332816086667,770851
3711,NC,NIAAA,242838.4083170511,607507.082772618,2.355532560675395,770851
3711,NC,NIAID,2574713.296567316,6441141.558345703,24.974718976702963,770851
3711,NC,NIAMS,141585.02022530162,354202.21701121883,1.3733746961854254,770851
3711,NC,NIBIB,111498.42734659903,278934.80607330654,1.0815347452620103,770851
3711,NC,NICHD,464669.3221745043,1162459.869196654,4.5072924250926905,770851
3711,NC,NIDA,526982.1175325899,1318347.3368742277,5.111726540066122,770851
3711,NC,NIDCD,72952.194891571,182503.97623498953,0.7076362904482385,770851
3711,NC,NIDCR,135458.30885076005,338875.06765320594,1.3139455958523723,770851
3711,NC,NIDDK,934435.6595152282,2337670.90422386,9.064025897297713,770851
3711,NC,NIEHS,198501.1495783417,496588.8845305945,1.9254611509099142,770851
3711,NC,NIGMS,1188852.5679551493,2974143.8366792984,11.531869909164946,770851
3711,NC,NIMH,359014.349673226,898143.5916790096,3.482439191830292,770851
3711,NC,NIMHD,96767.26923608959,242081.97479509475,0.9386425115900688,770851
3711,NC,NINDS,672779.2492276931,1683086.9625641895,6.5259587175086216,770851
3711,NC,NINR,140401.16489045412,351240.57471631875,1.3618912994374048,770851
3711,NC,NLM,18223.32671864044,45589.16412760977,0.17676626917081226,770851
3711,NC,OD,1612607.7453422344,4034249.086949732,15.64229512981967,770851
3712,NC,FIC,36010.70051389528,90087.70799235569,0.3493037949847842,801527
3712,NC,NCATS,1117643.4554385159,2796000.516964706,10.841141517753602,801527
3712,NC,NCCIH,152281.5682308841,380961.69348630984,1.4771312118395754,801527
3712,NC,NCI,2742220.3110150164,6860192.640076615,26.599537016845655,801527
3712,NC,NEI,493239.09579898557,1233932.664420308,4.784419229250159,801527
3712,NC,NHGRI,384133.970264108,960985.1641109854,3.7260995115618467,801527
3712,NC,NHLBI,5146555.512595937,12875100.55535543,49.92158847218058,801527
3712,NC,NIA,2915100.240538435,7292685.104438289,28.276472333222817,801527
3712,NC,NIAAA,562944.220283552,1408313.4681959345,5.460558936750453,801527
3712,NC,NIAID,5375916.712981276,13448891.80490687,52.146392115918374,801527
3712,NC,NIAMS,287595.3469077899,719475.1910530565,2.7896748650055616,801527
3712,NC,NIBIB,278076.2956652943,695661.4496800634,2.697340067953354,801527
3712,NC,NICHD,1147304.3713200663,2870203.0148497964,11.128852401804641,801527
3712,NC,NIDA,1037568.8345604024,2595678.419357009,10.064417695235901,801527
3712,NC,NIDCD,151180.39583462098,378206.8984984835,1.4664498395958234,801527
3712,NC,NIDCR,547635.6868639515,1370016.2212994453,5.3120661625803285,801527
3712,NC,NIDDK,1103948.1033132412,2761738.953998494,10.708296602138438,801527
3712,NC,NIEHS,472358.2601103977,1181695.229399459,4.581875123070857,801527
3712,NC,NIGMS,2495198.2069937116,6242219.236139591,24.203422607839,801527
3712,NC,NIMH,756406.3217264895,1892296.2025960546,7.337141320746947,801527
3712,NC,NIMHD,246539.1665768018,616765.2428388481,2.391429915794977,801527
3712,NC,NINDS,1328227.8702410748,3322818.0183669287,12.883810341338425,801527
3712,NC,NINR,304529.77730014455,761839.9326002155,2.9539388398114017,801527
3712,NC,NLM,45424.66529191759,113638.55532023673,0.44061925333160057,801527
3712,NC,OD,3846911.554892945,9623790.703429647,37.31504208246156,801527
3713,NC,FIC,244438.20399831032,611509.280011883,2.37105057878361,835054
3713,NC,NCATS,5871531.7711461615,14688768.397125456,56.953858180117756,835054
3713,NC,NCCIH,652532.6400134986,1632436.1673090435,6.329566608130936,835054
3713,NC,NCI,10440815.260776592,26119711.724353485,101.27590802953293,835054
3713,NC,NEI,2213681.2703959215,5537950.36002211,21.472708322840436,835054
3713,NC,NHGRI,2196472.1506296946,5494898.430062927,21.305779861108036,835054
3713,NC,NHLBI,39499654.86144784,98815999.7494042,383.146652156044,835054
3713,NC,NIA,10443404.817551747,26126189.99973443,101.30102673025193,835054
3713,NC,NIAAA,1799141.708797937,4500899.748854236,17.451674575339986,835054
3713,NC,NIAID,32928423.34245813,82376797.573804155,319.40570642184383,835054
3713,NC,NIAMS,1890816.1355852396,4730240.996675681,18.340916515176822,835054
3713,NC,NIBIB,1197489.2055453507,2995750.050225787,11.6156452937899,835054
3713,NC,NICHD,7067911.585545635,17681743.091577183,68.55874237979265,835054
3713,NC,NIDA,5351755.145235931,13388446.986321896,51.91202490878852,835054
3713,NC,NIDCD,861656.6427537688,2155600.166459478,8.358069434711556,835054
3713,NC,NIDCR,774660.0975976548,1937961.5411474365,7.51420294669725,835054
3713,NC,NIDDK,5544430.98383229,13870462.732667996,53.78098054317321,835054
3713,NC,NIEHS,4229843.976891578,10581769.962969655,41.0294865758483,835054
3713,NC,NIGMS,8589730.413804412,21488866.20390166,83.32038501390278,835054
3713,NC,NIMH,4385500.374425658,10971174.442418238,42.539353631928876,835054
3713,NC,NIMHD,1424422.7546360677,3563468.0621612896,13.816900719969855,835054
3713,NC,NINDS,7993468.053124062,19997200.98580692,77.53664011530338,835054
3713,NC,NINR,527886.3801216338,1320609.524027148,5.120497887179846,835054
3713,NC,NLM,82952.10431175638,207520.67701947037,0.8046354118240368,835054
3713,NC,OD,27757459.98221996,69440636.08323401,269.24736182753355,835054
3714,NC,FIC,31021.942922283415,77607.36935011351,0.30091284634614907,792862
3714,NC,NCATS,964419.308322132,2412680.780724857,9.354867290724679,792862
3714,NC,NCCIH,105319.29840950202,263476.52407966653,1.0215971945721696,792862
3714,NC,NCI,2160149.3563559186,5404029.959377673,20.953448756652406,792862
3714,NC,NEI,410304.5578090625,1026455.9329406144,3.9799542107479056,792862
3714,NC,NHGRI,282488.2680791649,706698.8490313406,2.7401362003678993,792862
3714,NC,NHLBI,4442231.09769696,11113097.280889213,43.08964164766051,792862
3714,NC,NIA,2511014.87243642,6281787.673228608,24.35684426263327,792862
3714,NC,NIAAA,442420.2179569562,1106799.446732266,4.291476114182474,792862
3714,NC,NIAID,3665609.2945363773,9170228.155179463,35.55641015700285,792862
3714,NC,NIAMS,244370.04552089758,611338.7684438564,2.3703894415527063,792862
3714,NC,NIBIB,194167.99887733848,485748.67288605234,1.883429589110183,792862
3714,NC,NICHD,878371.993123484,2197416.837104798,8.520208333297793,792862
3714,NC,NIDA,1011564.3808328204,2530623.266291959,9.812174494078358,792862
3714,NC,NIDCD,125726.87935678638,314530.02115062496,1.2195507297608277,792862
3714,NC,NIDCR,331356.5641004783,828952.31034219,3.2141586717746393,792862
3714,NC,NIDDK,1014832.924294002,2538800.1577350353,9.843879365651818,792862
3714,NC,NIEHS,403299.2192565062,1008930.7283513073,3.9120024267881095,792862
3714,NC,NIGMS,1599122.9602096432,4000514.2979001338,15.511492714033537,792862
3714,NC,NIMH,613440.2359076896,1534638.983817865,5.950370288304588,792862
3714,NC,NIMHD,184123.88994705788,460621.3985081107,1.7860017324864612,792862
3714,NC,NINDS,1082481.2098207325,2708035.3824250973,10.500067735261103,792862
3714,NC,NINR,203404.53867455205,508855.65742777404,1.9730240251431546,792862
3714,NC,NLM,27994.112733077553,70032.66855165601,0.2715428935108522,792862
3714,NC,OD,3288453.6018471145,8226700.497406343,31.897999937917007,792862
3800,ND,FIC,31.52301735207039,116.43908801817389,2.332703284053209e-4,796568
3800,ND,NCATS,26417.06897780025,97578.83852086982,0.19548631043572184,796568
3800,ND,NCCIH,168.9543739717378,624.080271321443,0.0012502623673908597,796568
3800,ND,NCI,140441.92383632192,518761.55598871066,1.0392702363887822,796568
3800,ND,NEI,85787.71844001026,316880.95040999004,0.6348291164560759,796568
3800,ND,NHGRI,945.9884233957007,3494.2730280453634,0.007000314333128185,796568
3800,ND,NHLBI,586814.5121184379,2167563.6524183447,4.34242738967644,796568
3800,ND,NIA,2551815.3823410785,9425844.378790969,18.88343382932398,796568
3800,ND,NIAAA,228186.6448559528,842871.2431999787,1.6885811719340507,796568
3800,ND,NIAID,1220121.6704932577,4506860.907276531,9.028900361650107,796568
3800,ND,NIAMS,2424.5237142505457,8955.656973212543,0.01794147548545404,796568
3800,ND,NIBIB,1457.8423380490606,5384.948731932415,0.01078803330156305,796568
3800,ND,NICHD,121728.59603389974,449638.64180942875,0.9007916106508581,796568
3800,ND,NIDA,157265.73726059138,580905.0199290744,1.1637664557283762,796568
3800,ND,NIDCD,8106.538810651836,29943.7701522642,0.05998838719882359,796568
3800,ND,NIDCR,757.6573237573798,2798.6193968454413,0.005606664195804611,796568
3800,ND,NIDDK,746607.1043005977,2757802.318277806,5.524892571824423,796568
3800,ND,NIEHS,1929.2596311024452,7126.2604555554435,0.014276521270158094,796568
3800,ND,NIGMS,15929138.080813987,58838730.13582966,117.87562179802352,796568
3800,ND,NIMH,917582.6368523857,3389348.3045456544,6.790111512707655,796568
3800,ND,NIMHD,7438.943902575921,27477.821496596225,0.055048184879061816,796568
3800,ND,NINDS,496184.35915669013,1832795.814684042,3.671764257759507,796568
3800,ND,NINR,3325.2444315364874,12282.721058115638,0.024606808793370006,796568
3800,ND,NLM,57.77547527792482,213.40988954333955,4.275385170566437e-4,796568
3800,ND,OD,555437.9465699351,2051665.5251291383,4.110240804617519,796568
3901,OH,FIC,9739.549745192257,25400.544680841816,0.09642154247740334,809863
3901,OH,NCATS,5566787.422735331,14518066.682675568,55.111195485079776,809863
3901,OH,NCCIH,736756.3885990513,1921445.4525214243,7.2938882471306075,809863
3901,OH,NCI,8823127.423673086,23010534.184128758,87.34896149436355,809863
3901,OH,NEI,1692910.8934899503,4415076.663272024,16.759817845550508,809863
3901,OH,NHGRI,1791597.433843138,4672449.123315798,17.736814595047065,809863
3901,OH,NHLBI,30450180.61939972,79413442.46889499,301.4567881320572,809863
3901,OH,NIA,5108391.423993856,13322579.380677903,50.573075097539174,809863
3901,OH,NIAAA,467507.9453761574,1219251.0707219795,4.628328659223959,809863
3901,OH,NIAID,15798270.869518137,41201564.30222287,156.40288160822956,809863
3901,OH,NIAMS,3718810.6774857547,9698581.47905624,36.81622570710897,809863
3901,OH,NIBIB,849455.3591153002,2215362.0411702916,8.409608055241472,809863
3901,OH,NICHD,9355912.672996705,24400027.116019,92.62353546266739,809863
3901,OH,NIDA,4664889.013444879,12165934.249236258,46.1824012331043,809863
3901,OH,NIDCD,2091174.0710174346,5453738.808872187,20.702623303072603,809863
3901,OH,NIDCR,1726625.7325194085,4503004.267481641,17.093594751942145,809863
3901,OH,NIDDK,12464540.388379665,32507264.025986586,123.39894984495868,809863
3901,OH,NIEHS,3908608.9090714697,10193571.349005567,38.69522819980755,809863
3901,OH,NIGMS,6913906.322278744,18031324.963958003,68.44767259055956,809863
3901,OH,NIMH,3609342.5723087797,9413090.920517081,35.73249146585692,809863
3901,OH,NIMHD,431250.43454961566,1124692.230954228,4.269379302041195,809863
3901,OH,NINDS,18829747.20323994,49107592.0014628,186.4144973120754,809863
3901,OH,NINR,1407050.7171958555,3669559.2245407593,13.92980210023897,809863
3901,OH,NLM,253294.72293174517,660587.4086145692,2.5076177570242772,809863
3901,OH,OD,3599493.851190306,9387405.659148358,35.63498912678403,809863
3902,OH,FIC,11215.650424811263,29250.184781976022,0.11103493920563151,790454
3902,OH,NCATS,1045372.3493785419,2726309.5074403854,10.349186258847565,790454
3902,OH,NCCIH,142683.0048632185,372114.3312619746,1.412561748145863,790454
3902,OH,NCI,3341658.0391353876,8714975.183842767,33.08241458744034,790454
3902,OH,NEI,453540.3114111778,1182823.7696767498,4.4900490829706605,790454
3902,OH,NHGRI,407791.09307607095,1063510.752665045,4.0371318214531025,790454
3902,OH,NHLBI,6356509.877650811,16577646.542765783,62.92944778874303,790454
3902,OH,NIA,1787732.4845390636,4662369.415315355,17.69855159693673,790454
3902,OH,NIAAA,197182.11139680631,514246.87607039267,1.9521029028283825,790454
3902,OH,NIAID,3750159.1060598847,9780337.533648437,37.12657514999286,790454
3902,OH,NIAMS,862495.0438385309,2249369.269748801,8.538700934001456,790454
3902,OH,NIBIB,199861.33707573515,521234.2413334824,1.978627237049778,790454
3902,OH,NICHD,2007556.8984586906,5235666.94895767,19.87481329474104,790454
3902,OH,NIDA,1447722.8221482786,3775631.234657847,14.332455939267959,790454
3902,OH,NIDCD,610726.9757815416,1592763.3455326864,6.046197060237262,790454
3902,OH,NIDCR,412942.6741068044,1076945.9696485319,4.088132473657364,790454
3902,OH,NIDDK,2701692.78977066,7045959.024374098,26.746758618729533,790454
3902,OH,NIEHS,791585.8468772457,2064439.547860288,7.836699884084733,790454
3902,OH,NIGMS,2698845.535163276,7038533.443134236,26.71857079811643,790454
3902,OH,NIMH,888047.6447286395,2316009.925384993,8.791671682813531,790454
3902,OH,NIMHD,206825.32681230988,539396.1828080468,2.0475707354418677,790454
3902,OH,NINDS,3506417.320670962,9144663.988943186,34.71353147464252,790454
3902,OH,NINR,295051.27162908594,769487.6256321081,2.9210075891279508,790454
3902,OH,NLM,57841.03836871041,150848.23404654348,0.5726262798502331,790454
3902,OH,OD,1224526.185785412,3193539.0144967306,12.122809239275579,790454
3903,OH,FIC,184927.97055716542,482288.32972421526,1.8307869085159376,787191
3903,OH,NCATS,2950082.4123384636,7693754.032496045,29.20581588215079,787191
3903,OH,NCCIH,244560.59244216597,637808.9765973836,2.4211498651774432,787191
3903,OH,NCI,32305305.108076226,84251568.83982007,319.82252056995463,787191
3903,OH,NEI,3294794.8140668194,8592756.86026676,32.61846865926151,787191
3903,OH,NHGRI,674087.7603263176,1758006.9636616688,6.673468827230544,787191
3903,OH,NHLBI,21312430.93460002,55582379.9225307,210.99306625254022,787191
3903,OH,NIA,9446737.650066415,24636896.781306595,93.5227027356575,787191
3903,OH,NIAAA,1197545.8552947575,3123174.8695350974,11.8557039674181,787191
3903,OH,NIAID,16174594.803239206,42183009.352870174,160.12848855206815,787191
3903,OH,NIAMS,2188901.8888165182,5708610.9402858745,21.67012869928353,787191
3903,OH,NIBIB,950429.6939074963,2478701.021883802,9.409253969684213,787191
3903,OH,NICHD,6205512.323879362,16183848.03958931,61.43457200640569,787191
3903,OH,NIDA,8774208.125200478,22882953.66355877,86.86466043948474,787191
3903,OH,NIDCD,3515564.9018019224,9168520.691698186,34.80409252783903,787191
3903,OH,NIDCR,1961042.2434993077,5114357.689030847,19.414318210643145,787191
3903,OH,NIDDK,5411021.196573825,14111831.580346067,53.56910984608086,787191
3903,OH,NIEHS,792693.2609941418,2067327.6610166791,7.847663283842004,787191
3903,OH,NIGMS,11399805.988333743,29730458.690098662,112.85807928450406,787191
3903,OH,NIMH,4240469.766794958,11059057.615307454,41.980650691270085,787191
3903,OH,NIMHD,588566.0806922273,1534968.1886096022,5.826804198853051,787191
3903,OH,NINDS,8518065.845428517,22214939.885487355,84.32885186974232,787191
3903,OH,NINR,1108616.1826350852,2891248.1190238954,10.975300208087344,787191
3903,OH,NLM,283952.64679741446,740542.6411812681,2.811131203294403,787191
3903,OH,OD,5659164.10303222,14758983.157947667,56.02572462001898,787191
3904,OH,FIC,41744.58274197954,108869.01005297125,0.4132713691455974,810105
3904,OH,NCATS,679341.0010333123,1771707.3069822728,6.725475910229791,810105
3904,OH,NCCIH,55990.53825073399,146022.16793894282,0.5543063286822665,810105
3904,OH,NCI,7091569.4353942135,18494666.695443545,70.20653741040272,810105
3904,OH,NEI,810308.5198301293,2113267.8924271674,8.022054346318281,810105
3904,OH,NHGRI,160648.62550515454,418968.2990298185,1.59042139250103,810105
3904,OH,NHLBI,4883941.090523887,12737217.544341676,48.351016796186485,810105
3904,OH,NIA,2636851.2577955504,6876853.647514041,26.10482745217595,810105
3904,OH,NIAAA,305394.98014020745,796463.8039027761,3.023410303388054,810105
3904,OH,NIAID,3734539.5704857977,9739602.107307047,36.971941747809396,810105
3904,OH,NIAMS,522542.14740696765,1362779.1335411172,5.17316725932898,810105
3904,OH,NIBIB,239642.08035186946,624981.598599288,2.3724565954835075,810105
3904,OH,NICHD,1368898.8525687135,3570059.949166401,13.552098640430264,810105
3904,OH,NIDA,1940833.1474890423,5061652.783814713,19.21424816014152,810105
3904,OH,NIDCD,853104.8348715084,2224879.7986059445,8.445737865227933,810105
3904,OH,NIDCR,439878.94640583027,1147195.211755896,4.354801569417719,810105
3904,OH,NIDDK,1325885.2073570525,3457881.2503898996,13.12626355283482,810105
3904,OH,NIEHS,257539.04139108368,671656.5035405813,2.5496365097717284,810105
3904,OH,NIGMS,2648541.760809339,6907342.238045635,26.220563432012458,810105
3904,OH,NIMH,944556.2841619012,2463383.290512747,9.351107213202821,810105
3904,OH,NIMHD,147886.73894040316,385685.562314005,1.4640787155099912,810105
3904,OH,NINDS,2035845.8434892811,5309443.933625579,20.154873850543883,810105
3904,OH,NINR,245547.44957481773,640382.6796275368,2.4309197507906957,810105
3904,OH,NLM,65938.75171085483,171966.9032808499,0.6527936419374629,810105
3904,OH,OD,1296689.9223184297,3381740.54969072,12.837230230952454,810105
3905,OH,FIC,20778.781897756242,54190.63425061915,0.2057099407877868,796997
3905,OH,NCATS,428757.5379388827,1118190.8080545813,4.244699625594939,796997
3905,OH,NCCIH,90479.02724967619,235967.43529843102,0.8957423697717943,796997
3905,OH,NCI,3862004.271206318,10072027.415518025,38.23384228494255,796997
3905,OH,NEI,946896.1524518082,2469485.618710661,9.3742719092729,796997
3905,OH,NHGRI,200482.93457076332,522855.35476880893,1.984781052250557,796997
3905,OH,NHLBI,3986418.7218154236,10396497.734405091,39.46554534597269,796997
3905,OH,NIA,2861625.0335776457,7463059.01472344,28.33008783241869,796997
3905,OH,NIAAA,643959.0545255961,1679431.9208836458,6.375194639803401,796997
3905,OH,NIAID,2063247.2644295297,5380906.273787136,20.426147917852344,796997
3905,OH,NIAMS,464999.6560490009,1212709.5039356537,4.603496594885109,796997
3905,OH,NIBIB,352082.3651207545,918223.5401591095,3.4856154146954696,796997
3905,OH,NICHD,778848.8120334323,2031221.623919664,7.71060323913098,796997
3905,OH,NIDA,517491.7985364863,1349607.9279418208,5.123168805511214,796997
3905,OH,NIDCD,235774.24432871974,614894.3620950871,2.3341650188543253,796997
3905,OH,NIDCR,361729.03366833425,943381.8525939349,3.5811174333165092,796997
3905,OH,NIDDK,1886844.2610024016,4920850.882356204,18.679758183923777,796997
3905,OH,NIEHS,417799.01713612187,1089611.212018957,4.136210269647607,796997
3905,OH,NIGMS,1982060.6390024663,5169173.230617984,19.622400326124417,796997
3905,OH,NIMH,680465.5174199064,1774640.0225049923,6.736608622457074,796997
3905,OH,NIMHD,106172.07498364817,276894.5798352825,1.051103542338117,796997
3905,OH,NINDS,2386157.664170582,6223049.930436141,23.62296087528876,796997
3905,OH,NINR,174485.47769486622,455054.52390489227,1.7274062291791756,796997
3905,OH,NLM,53240.011524596055,138848.8510166073,0.527076114093501,796997
3905,OH,OD,617468.6959065776,1610345.6124486947,6.112940089475119,796997
3906,OH,FIC,9843.27498279469,25671.057959297228,0.09744842232966743,775304
3906,OH,NCATS,215959.40188334038,563217.6620375564,2.1379980786450696,775304
3906,OH,NCCIH,18385.24683131589,47948.34420735599,0.18201394363002732,775304
3906,OH,NCI,1314905.2572146028,3429245.767078735,13.017562046424567,775304
3906,OH,NEI,241112.84973509883,628817.3347894925,2.3870172123774784,775304
3906,OH,NHGRI,47375.81416880683,123555.14536799383,0.4690205602711876,775304
3906,OH,NHLBI,1276312.7489885679,3328597.302294719,12.635496214986821,775304
3906,OH,NIA,1267284.8146935639,3305052.6360180103,12.546119665466282,775304
3906,OH,NIAAA,161339.9726218417,420771.3180385824,1.5972657289562329,775304
3906,OH,NIAID,894186.002768875,2332018.6364391125,8.852441427411863,775304
3906,OH,NIAMS,205316.4477236755,535461.0572928488,2.032632832464387,775304
3906,OH,NIBIB,93783.29347338325,244584.89339952017,0.9284546053864942,775304
3906,OH,NICHD,401563.5724347463,1047269.5073878785,3.9754793671039885,775304
3906,OH,NIDA,352051.6301596396,918143.384014987,3.485311138580432,775304
3906,OH,NIDCD,434058.46859715745,1132015.5257836545,4.297178839111859,775304
3906,OH,NIDCR,118319.25549554815,308574.1758547057,1.1713606294059267,775304
3906,OH,NIDDK,753132.7722310292,1964154.7229740955,7.456014445087189,775304
3906,OH,NIEHS,333938.1315582927,870903.753581661,3.305987502427098,775304
3906,OH,NIGMS,860181.752260142,2243336.2530659004,8.515799347375406,775304
3906,OH,NIMH,477247.58318643074,1244651.8450747347,4.724751073545664,775304
3906,OH,NIMHD,68075.11995578319,177538.50756233334,0.6739436875622535,775304
3906,OH,NINDS,670673.9757719848,1749103.8840151068,6.639672360142649,775304
3906,OH,NINR,74488.12217055462,194263.48495413203,0.7374324094884908,775304
3906,OH,NLM,24306.425303394826,63390.65543098544,0.2406336105036088,775304
3906,OH,OD,494782.3694404188,1290382.205652573,4.898345457460146,775304
3907,OH,FIC,96110.55625504887,250654.34669215704,0.9514945069249838,789433
3907,OH,NCATS,2083050.027716885,5432551.471649892,20.622195274397164,789433
3907,OH,NCCIH,354319.9725982989,924059.1742693628,3.5077677287231595,789433
3907,OH,NCI,13809152.165428605,36013983.78355825,136.7106064377432,789433
3907,OH,NEI,3720740.6015900825,9703614.681280686,36.835331955741815,789433
3907,OH,NHGRI,843931.3765352608,2200955.608633742,8.354920627699082,789433
3907,OH,NHLBI,13164248.145597432,34332087.41266468,130.32605664141457,789433
3907,OH,NIA,9544123.008622302,24890875.786083452,94.48681778536078,789433
3907,OH,NIAAA,2036704.5021016288,5311683.297561196,20.163374570806127,789433
3907,OH,NIAID,7239971.079603486,18881695.12006951,71.67571368807451,789433
3907,OH,NIAMS,1486744.4339431766,3877398.792691425,14.718769896037449,789433
3907,OH,NIBIB,1557415.0327307552,4061706.255468319,15.418408824034476,789433
3907,OH,NICHD,1983411.9944981223,5172697.537854472,19.63577874553141,789433
3907,OH,NIDA,1506740.775867693,3929548.8396438304,14.91673368109016,789433
3907,OH,NIDCD,959059.1061120565,2501206.3507753694,9.49468515050936,789433
3907,OH,NIDCR,1255574.8954164828,3274513.408272562,12.43019146462318,789433
3907,OH,NIDDK,7288055.064893958,19007097.161103953,72.15174514245018,789433
3907,OH,NIEHS,1022050.214732011,2665485.8617236787,10.118297125846908,789433
3907,OH,NIGMS,4767125.131016464,12432563.93339129,47.194538797063,789433
3907,OH,NIMH,2109146.3046117052,5500610.023083207,20.88054841565588,789433
3907,OH,NIMHD,451053.25162209326,1176337.5690874718,4.4654271910587235,789433
3907,OH,NINDS,8809828.603366625,22975851.135298546,87.21730317332958,789433
3907,OH,NINR,815961.118740072,2128009.753697064,8.078015075526713,789433
3907,OH,NLM,234996.6174909453,612866.3273548095,2.3264665131603586,789433
3907,OH,OD,2215823.3881824063,5778821.654888574,21.936651543005823,789433
3908,OH,FIC,9485.486938636304,24737.95412599095,0.09390632069249942,791238
3908,OH,NCATS,2638478.2070804466,6881096.697663753,26.120934250096422,791238
3908,OH,NCCIH,401334.4867083081,1046672.05654237,3.9732114184122502,791238
3908,OH,NCI,4868162.9706609985,12696068.533448761,48.19481340954388,791238
3908,OH,NEI,1369782.1694860023,3572363.62145228,13.560843477911423,791238
3908,OH,NHGRI,961463.6749114213,2507477.4165663286,9.51849038162307,791238
3908,OH,NHLBI,15870639.812052783,41390301.01043301,157.11933413932255,791238
3908,OH,NIA,2564045.242131279,6686977.061604382,25.38404789709966,791238
3908,OH,NIAAA,397448.5352109325,1036537.5752553478,3.9347404985882317,791238
3908,OH,NIAID,8617578.671462696,22474467.281530045,85.31402884748069,791238
3908,OH,NIAMS,2192713.8602096625,5718552.48298824,21.70786721607566,791238
3908,OH,NIBIB,575618.1376856198,1501200.2205342117,5.698619563087636,791238
3908,OH,NICHD,5004197.738788767,13050844.40054498,49.541557614008795,791238
3908,OH,NIDA,2288818.2211664333,5969190.672470379,22.65930038954769,791238
3908,OH,NIDCD,1202685.2768790727,3136578.374933334,11.90658424110282,791238
3908,OH,NIDCR,947075.8362222676,2469954.2302747867,9.37605077860045,791238
3908,OH,NIDDK,6593824.1567594735,17196557.283775847,65.2788591519188,791238
3908,OH,NIEHS,1840809.4580142864,4800793.06646481,18.224013634341436,791238
3908,OH,NIGMS,4303413.107729327,11223212.54911783,42.603789766520336,791238
3908,OH,NIMH,1780457.2193625958,4643395.673919243,17.626526471689697,791238
3908,OH,NIMHD,235036.79925458794,612971.1205649129,2.3268643126204207,791238
3908,OH,NINDS,8821343.777891578,23005882.472750586,87.33130340112662,791238
3908,OH,NINR,683662.6735382152,1782978.1396622886,6.7682604680283305,791238
3908,OH,NLM,135955.17012905746,354568.27715873084,1.3459561842776688,791238
3908,OH,OD,2028213.6972054786,5289539.453668674,20.079315602334237,791238
3909,OH,FIC,11106.589442491451,28965.75599144406,0.10995523548066537,776236
3909,OH,NCATS,256135.36899639695,667995.7549114053,2.5357401530643298,776236
3909,OH,NCCIH,34656.19967604735,90382.65334330809,0.34309637679286875,776236
3909,OH,NCI,4164078.499125469,10859830.766178947,41.224377141342146,776236
3909,OH,NEI,301850.4528993756,787219.7500287606,2.988319483703818,776236
3909,OH,NHGRI,77348.04939696644,201722.11612281503,0.7657456890299678,776236
3909,OH,NHLBI,2989861.4183535487,7797496.859020897,29.599628041700132,776236
3909,OH,NIA,2492955.1587733664,6501575.591727523,24.680256071856327,776236
3909,OH,NIAAA,487634.2886645877,1271740.15854784,4.827579457779418,776236
3909,OH,NIAID,2960142.41173656,7719990.3032565825,29.305409876191945,776236
3909,OH,NIAMS,222925.3707377697,581384.7650106305,2.20696117030392,776236
3909,OH,NIBIB,259682.53380534344,677246.687508616,2.5708570846729,776236
3909,OH,NICHD,998959.470253837,2605265.676789433,9.889698755512986,776236
3909,OH,NIDA,787473.6438112828,2053715.0071529269,7.7959890737317,776236
3909,OH,NIDCD,228702.08687508712,596450.321447354,2.2641506600633625,776236
3909,OH,NIDCR,539963.8287760363,1408214.5189139224,5.3456419048827595,776236
3909,OH,NIDDK,1567470.4418799588,4087930.554954502,15.517957374611592,776236
3909,OH,NIEHS,572090.7050247459,1492000.7489718413,5.663697979744985,776236
3909,OH,NIGMS,3143705.620361821,8198719.362035325,31.122685641582027,776236
3909,OH,NIMH,868777.9917948762,2265755.0683193486,8.600902118769275,776236
3909,OH,NIMHD,92167.94125907125,240372.08817049168,0.9124626184648054,776236
3909,OH,NINDS,1597141.494041487,4165312.0464889044,15.811700791010722,776236
3909,OH,NINR,78860.03736151138,205665.3495222108,0.7807143698789627,776236
3909,OH,NLM,129710.90839177063,338283.3714488834,1.2841379930785293,776236
3909,OH,OD,598801.9210060296,1561663.0488483969,5.928139017959693,776236
3910,OH,FIC,6508.458097724007,16973.924364032497,0.06443373516746767,791001
3910,OH,NCATS,261371.10066136034,681650.4350118327,2.5875738965474673,791001
3910,OH,NCCIH,28473.42857420857,74258.11394135101,0.28188694288466487,791001
3910,OH,NCI,2209678.470901197,5762795.837469398,21.875816861921848,791001
3910,OH,NEI,405405.42721095914,1057288.9853364017,4.013513729388496,791001
3910,OH,NHGRI,77184.16674107785,201294.71353930564,0.7641232507366706,791001
3910,OH,NHLBI,1841934.1977646165,4803726.364515541,18.235148557869703,791001
3910,OH,NIA,1318646.63393382,3439003.200328794,13.054601675944818,791001
3910,OH,NIAAA,86597.1677016401,225843.62573081563,0.8573119602462369,791001
3910,OH,NIAID,1142375.813350958,2979292.539027042,11.309520552174485,791001
3910,OH,NIAMS,742748.2353720261,1937072.0652149764,7.353207530183059,791001
3910,OH,NIBIB,404896.9726341966,1055962.94629629,4.008480029078546,791001
3910,OH,NICHD,669405.067612028,1745794.5977281532,6.627110169359077,791001
3910,OH,NIDA,462946.6676034073,1207355.3524496167,4.583172009273732,791001
3910,OH,NIDCD,194410.52528545054,507018.6367061403,1.9246642003259604,791001
3910,OH,NIDCR,117402.08955404503,306182.2260124251,1.162280686585046,791001
3910,OH,NIDDK,873587.9131645149,2278299.243959619,8.648520340328698,791001
3910,OH,NIEHS,485137.7675632107,1265229.2830514144,4.802863898875786,791001
3910,OH,NIGMS,1374492.95484244,3584649.252416598,13.607480252940157,791001
3910,OH,NIMH,415830.0022254983,1084476.061778647,4.116717022032433,791001
3910,OH,NIMHD,86957.08953382199,226782.2944392392,0.8608751863848376,791001
3910,OH,NINDS,1572504.0314358936,4101058.052607425,15.567789911215346,791001
3910,OH,NINR,75433.82026853599,196729.84607151535,0.7467948206585062,791001
3910,OH,NLM,17874.058037198007,46615.17438482426,0.17695317456826026,791001
3910,OH,OD,382478.2891858928,997495.4826545148,3.7865350629403385,791001
3911,OH,FIC,263109.337810005,686183.7216128734,2.6047824443190497,759075
3911,OH,NCATS,5703735.259724802,14875223.814514525,56.466979071275546,759075
3911,OH,NCCIH,755971.4864104885,1971558.0309542296,7.484117715463836,759075
3911,OH,NCI,31459780.61160834,82046458.407289,311.4518280549226,759075
3911,OH,NEI,7966407.802342577,20776227.09705818,78.86743724319152,759075
3911,OH,NHGRI,1956776.0743100198,5103231.6078521935,19.372083135669197,759075
3911,OH,NHLBI,25554622.14041753,66645927.01527312,252.99075919013356,759075
3911,OH,NIA,18976600.245667644,49490581.7046104,187.86834243210967,759075
3911,OH,NIAAA,3253889.891364925,8486077.666265136,32.213509924512756,759075
3911,OH,NIAID,16326348.783013096,42578780.59944603,161.63085295182967,759075
3911,OH,NIAMS,2668269.080684853,6958790.681047694,26.415863898780042,759075
3911,OH,NIBIB,3809938.8703558855,9936241.924892018,37.718394816523265,759075
3911,OH,NICHD,4832352.464021979,12602675.47137451,47.84028939381759,759075
3911,OH,NIDA,3621197.4208335252,9444008.120748648,35.8498544662519,759075
3911,OH,NIDCD,799845.038767299,2085979.3498141211,7.9184658837962605,759075
3911,OH,NIDCR,2660764.509581532,6939218.914527938,26.341568644857166,759075
3911,OH,NIDDK,15899184.24878302,41464744.31217946,157.4019240629519,759075
3911,OH,NIEHS,1395147.6666784913,3638516.3145074826,13.811961900117064,759075
3911,OH,NIGMS,10374655.053260831,27056886.213734433,102.70908502728223,759075
3911,OH,NIMH,4524321.77856417,11799337.80241259,44.79078560778528,759075
3911,OH,NIMHD,986957.8319960539,2573965.6519643017,9.770882536760935,759075
3911,OH,NINDS,18337981.535034474,47825077.29035688,181.5460171968413,759075
3911,OH,NINR,2085033.3433919826,5437723.917988738,20.641830099580627,759075
3911,OH,NLM,648828.0747346102,1692130.2250770233,6.423397939872641,759075
3911,OH,OD,5083974.220449652,13258899.817881694,50.33134478245155,759075
3912,OH,FIC,34066.526124532924,88844.79689365583,0.33725860863287593,812727
3912,OH,NCATS,567807.0186316009,1480828.9832871386,5.6212894844528485,812727
3912,OH,NCCIH,74067.31673314904,193166.0330601122,0.7332664356581755,812727
3912,OH,NCI,7105010.39962538,18529720.45269509,70.33960295629126,812727
3912,OH,NEI,619665.9551090982,1616076.0190905998,6.134692955580072,812727
3912,OH,NHGRI,227101.82010742123,592276.8587517681,2.24830801906347,812727
3912,OH,NHLBI,4708223.850844086,12278950.610607473,46.611416123356456,812727
3912,OH,NIA,3239741.469320151,8449178.873639831,32.073440546269495,812727
3912,OH,NIAAA,277680.17601952254,724184.1668758449,2.749033742593273,812727
3912,OH,NIAID,4083776.4872013796,10650404.776764376,40.42938722329366,812727
3912,OH,NIAMS,836790.5967508393,2182332.60236389,8.28422690783331,812727
3912,OH,NIBIB,196352.65300591892,512083.6657095611,1.9438912647585973,812727
3912,OH,NICHD,1747531.899399947,4557527.119137734,17.300565804059474,812727
3912,OH,NIDA,1833659.5734590085,4782146.315140515,18.153229777244185,812727
3912,OH,NIDCD,913691.1480456453,2382887.6526740245,9.045542365651889,812727
3912,OH,NIDCR,464553.3187398877,1211545.4654472775,4.599077855524888,812727
3912,OH,NIDDK,2129871.984295321,5554662.167855543,21.08573264452368,812727
3912,OH,NIEHS,516232.0176365471,1346322.4453605781,5.110696974601816,812727
3912,OH,NIGMS,2498051.544014755,6514866.859231812,24.730710285746078,812727
3912,OH,NIMH,1209097.861008999,3153302.261968487,11.97006882398909,812727
3912,OH,NIMHD,481201.0340712913,1254962.3633709203,4.763890237305784,812727
3912,OH,NINDS,1922357.4102497587,5013468.442491381,19.031338361472613,812727
3912,OH,NINR,286877.7039220338,748171.1297799924,2.8400892688281343,812727
3912,OH,NLM,54454.37269061093,142015.87986938012,0.5390982896370482,812727
3912,OH,OD,2071894.560366598,5403458.243083908,20.51175614762932,812727
3913,OH,FIC,30938.572005288464,80687.15712137458,0.3062918628523558,785020
3913,OH,NCATS,680197.3120895041,1773940.5485398958,6.73395338968609,785020
3913,OH,NCCIH,97043.42797113872,253087.25687034373,0.9607299369142733,785020
3913,OH,NCI,4450215.889531181,11606071.17359075,44.0571373063587,785020
3913,OH,NEI,1089459.4804822016,2841287.83526313,10.785648856773795,785020
3913,OH,NHGRI,245869.8660869487,641223.535235494,2.4341116742607922,785020
3913,OH,NHLBI,3954237.7400427605,10312570.39825761,39.14695362642333,785020
3913,OH,NIA,3121213.5572980447,8140060.525871181,30.900014217250643,785020
3913,OH,NIAAA,588901.8504555658,1535843.8692210559,5.830128319510102,785020
3913,OH,NIAID,2288546.487709076,5968481.997223016,22.656610228319852,785020
3913,OH,NIAMS,535309.7983167514,1396076.903549781,5.299567003335839,785020
3913,OH,NIBIB,480122.7370251124,1252150.1869338928,4.753215096548613,785020
3913,OH,NICHD,949227.1326816367,2475564.7670313665,9.397348613548203,785020
3913,OH,NIDA,562283.0998171351,1466422.7170498886,5.566602688189638,785020
3913,OH,NIDCD,735059.688434227,1917020.4935167346,7.277090915498848,785020
3913,OH,NIDCR,360789.9298400467,940932.6891957867,3.571820305416462,785020
3913,OH,NIDDK,2441850.319865801,6368295.226819524,24.17431816667143,785020
3913,OH,NIEHS,1934989.4728659806,5046412.601029401,19.15639578137321,785020
3913,OH,NIGMS,1932864.7384153807,5040871.337443368,19.13536091031227,785020
3913,OH,NIMH,988871.8394801613,2578957.3439717824,9.789831210853597,785020
3913,OH,NIMHD,151465.7934283008,395019.6625356181,1.499511354940178,785020
3913,OH,NINDS,2658503.482542178,6933322.202683938,26.319184477167564,785020
3913,OH,NINR,383834.9277912124,1001033.5681319452,3.799965785133003,785020
3913,OH,NLM,76096.97471702065,198459.3391835916,0.7533600496985045,785020
3913,OH,OD,791746.2803258221,2064857.9549823296,7.838288175225639,785020
3914,OH,FIC,61050.674445224446,159218.898677214,0.6044016770077221,785649
3914,OH,NCATS,1357185.1859692456,3539510.9484815244,13.436133341095532,785649
3914,OH,NCCIH,192466.8984611628,501949.69807090476,1.905422294765512,785649
3914,OH,NCI,8159662.483145007,21280231.31521283,80.78065858313558,785649
3914,OH,NEI,2015860.1425392986,5257321.638115094,19.957015411139057,785649
3914,OH,NHGRI,478221.81145435874,1247192.6122863875,4.734395933398152,785649
3914,OH,NHLBI,7854679.343320535,20484841.582351826,77.76132549887329,785649
3914,OH,NIA,6024547.011605036,15711894.240865141,59.64301541488986,785649
3914,OH,NIAAA,1220174.0486653382,3182188.7307292335,12.079723081786849,785649
3914,OH,NIAID,4275685.0085956575,11150898.238971487,42.32928158509701,785649
3914,OH,NIAMS,997198.7227017524,2600673.683520906,9.872267354747349,785649
3914,OH,NIBIB,908290.4002971231,2368802.614034121,8.992074962941519,785649
3914,OH,NICHD,1869131.9759171016,4874657.608490433,18.504406561579305,785649
3914,OH,NIDA,969769.2117919067,2529138.085298504,9.600715196739877,785649
3914,OH,NIDCD,1794508.8132646794,4680041.940747245,17.765637251320324,785649
3914,OH,NIDCR,709601.880936238,1850627.0570903595,7.025058621268756,785649
3914,OH,NIDDK,4954519.359244884,12921284.212210903,49.049741656524354,785649
3914,OH,NIEHS,828462.3608579657,2160612.7350759846,8.20177737249386,785649
3914,OH,NIGMS,3223465.101982519,8406730.443618165,31.91230450962694,785649
3914,OH,NIMH,1553665.3936169564,4051927.274063754,15.381287396807869,785649
3914,OH,NIMHD,253787.5516487961,661872.6957351195,2.5124967613230815,785649
3914,OH,NINDS,4860439.552125934,12675926.01734471,48.11835156604674,785649
3914,OH,NINR,531302.9004359564,1385626.996591511,5.259898714315969,785649
3914,OH,NLM,152346.01583343468,397315.2643976773,1.5082255567510032,785649
3914,OH,OD,1507326.3055528733,3931075.888975626,14.922530424973445,785649
3915,OH,FIC,119158.16200660249,310762.02671789407,1.1796658038653647,823011
3915,OH,NCATS,1926768.680756059,5024972.94490946,19.075009939484985,823011
3915,OH,NCCIH,159660.26240513954,416390.66846786987,1.5806365978108814,823011
3915,OH,NCI,20901662.312713318,54511103.83619299,206.92645689586183,823011
3915,OH,NEI,2120369.1883170824,5529879.072111581,20.991654964339116,823011
3915,OH,NHGRI,442134.4010694529,1153077.39095902,4.377130570587584,823011
3915,OH,NHLBI,13905944.104355792,36266415.16219348,137.66884663312234,823011
3915,OH,NIA,6171776.40745442,16095865.465967374,61.10058643379876,823011
3915,OH,NIAAA,768581.8574997301,2004445.6184376646,7.608960389247327,823011
3915,OH,NIAID,10647720.857563466,27769036.194427628,105.41243648987832,823011
3915,OH,NIAMS,1490209.8916933264,3886436.634965982,14.75307792776393,823011
3915,OH,NIBIB,649244.182364663,1693215.4251864445,6.427517405410164,823011
3915,OH,NICHD,4083025.9931975747,10648447.503894985,40.42195733265599,823011
3915,OH,NIDA,5642081.708586924,14714432.625868121,55.85660891501055,823011
3915,OH,NIDCD,2302795.380556625,6005642.815627927,22.797674267510587,823011
3915,OH,NIDCR,1258823.3777810459,3282985.383220556,12.462351440032354,823011
3915,OH,NIDDK,3582608.045802467,9343367.827272452,35.46781965344442,823011
3915,OH,NIEHS,584630.0672538298,1524703.146813829,5.787837665812915,823011
3915,OH,NIGMS,7336889.147083059,19134455.439365685,72.63520255612228,823011
3915,OH,NIMH,2744376.6077588713,7157277.540560503,27.169328416812824,823011
3915,OH,NIMHD,392222.9595190845,1022909.3817231542,3.8830072992389364,823011
3915,OH,NINDS,5644056.7204860365,14719583.416130615,55.876161532811764,823011
3915,OH,NINR,712879.8155736137,1859175.8429578624,7.057510174178776,823011
3915,OH,NLM,183820.22101115363,479399.3417756148,1.819820188010421,823011
3915,OH,OD,3702496.249255564,9656033.787012476,36.65471286763008,823011
4001,OK,FIC,273.0416672602897,768.9104422847239,0.002866937506233042,827396
4001,OK,NCATS,5635.244030746021,15869.365373939943,0.05917006232283322,827396
4001,OK,NCCIH,164584.99851338167,463486.4900664196,1.7281424843905073,827396
4001,OK,NCI,918352.7805738428,2586165.876328638,9.642704196025349,827396
4001,OK,NEI,374858.2070009279,1055635.1806347969,3.9360111735097427,827396
4001,OK,NHGRI,35794.93174734006,100801.81928848637,0.3758467833470706,827396
4001,OK,NHLBI,452262.48714010604,1273612.7511416778,4.748756114971113,827396
4001,OK,NIA,541386.6821240734,1524594.6795448042,5.684560162302771,827396
4001,OK,NIAAA,1985792.5970907703,5592174.555025732,20.850822269453086,827396
4001,OK,NIAID,686043.044783595,1931960.2985285146,7.203451970227747,827396
4001,OK,NIAMS,280381.7347476613,789580.7472778966,2.9440082148504434,827396
4001,OK,NIBIB,33198.31241542195,93489.50048021122,0.34858228036193045,827396
4001,OK,NICHD,155773.86824650443,438673.5370160182,1.6356256165882963,827396
4001,OK,NIDA,1542142.8998977332,4342816.212355685,16.192500448926197,827396
4001,OK,NIDCD,32942.990683763775,92770.49100600142,0.34590140217951965,827396
4001,OK,NIDCR,50780.16341075746,143001.6096050066,0.5331917158129533,827396
4001,OK,NIDDK,347431.96703160205,978400.3669280746,3.6480356538318213,827396
4001,OK,NIEHS,28139.176693167905,79242.50907846134,0.295461355278263,827396
4001,OK,NIGMS,4788679.706932895,13485362.393086886,50.28113692279539,827396
4001,OK,NIMH,2086301.6723147486,5875217.353070268,21.90616755930486,827396
4001,OK,NIMHD,614315.6582713329,1729969.382488236,6.450314411848995,827396
4001,OK,NINDS,131749.68477384665,371019.22723669454,1.3833716901253896,827396
4001,OK,NINR,874.2498242078716,2461.967895757799,0.00917962315418265,827396
4001,OK,NLM,1206.2880392348247,3397.0180415233567,0.01266602441196566,827396
4001,OK,OD,348605.13534491725,981704.1167759163,3.6603539211216307,827396
4002,OK,FIC,731.6001480880399,2060.253290592756,0.007681801554924418,815354
4002,OK,NCATS,14967.10722263982,42148.75022467535,0.15715462583771808,815354
4002,OK,NCCIH,36630.1675617867,103153.92014526139,0.38461675939876033,815354
4002,OK,NCI,682655.2690767297,1922420.0106183765,7.167880325305661,815354
4002,OK,NEI,192538.4665489255,542206.0264883534,2.021653898763718,815354
4002,OK,NHGRI,84273.05384320366,237320.6688687919,0.8848670653536383,815354
4002,OK,NHLBI,552597.9294840314,1556166.5830297435,5.802278259582329,815354
4002,OK,NIA,337984.4879657665,951795.3971449746,3.5488371236405483,815354
4002,OK,NIAAA,265040.00201167597,746377.0171593173,2.7829200211225977,815354
4002,OK,NIAID,463449.6271237362,1305116.7660381077,4.86622108479923,815354
4002,OK,NIAMS,437966.469413561,1233353.8506473843,4.59864792884239,815354
4002,OK,NIBIB,27123.215292150435,76381.46835145811,0.28479376056757955,815354
4002,OK,NICHD,100767.50401603262,283770.55728652864,1.0580587921683424,815354
4002,OK,NIDA,353995.0500598801,996882.6122375933,3.7169480256287404,815354
4002,OK,NIDCD,16337.963583218097,46009.20779182108,0.17154861762379,815354
4002,OK,NIDCR,41537.76277583913,116974.15954115617,0.43614650914631087,815354
4002,OK,NIDDK,248278.19263276178,699174.22063249,2.6069210226439985,815354
4002,OK,NIEHS,27337.867547019927,76985.94883930899,0.2870476092437092,815354
4002,OK,NIGMS,2114179.471879741,5953723.80012111,22.198884454737282,815354
4002,OK,NIMH,281097.2930938509,791595.8253792352,2.951521577485434,815354
4002,OK,NIMHD,212632.6952319981,598793.222205052,2.23264329993598,815354
4002,OK,NINDS,93750.58556357841,264010.2696905369,0.9843811484175733,815354
4002,OK,NINR,3090.816513960821,8704.02351632645,0.032453573396588616,815354
4002,OK,NLM,1266.0308510315047,3565.2592931346967,0.013293323935830798,815354
4002,OK,OD,1144294.6040753392,3222438.8275684835,12.01509334279106,815354
4003,OK,FIC,893.2287361200739,2515.4142568898633,0.009378901729260775,797016
4003,OK,NCATS,5574.623691847129,15698.652925316625,0.058533548764394844,797016
4003,OK,NCCIH,204505.9394313354,575907.5305824962,2.1473123640290215,797016
4003,OK,NCI,3078048.842832876,8668068.580391431,32.319512849745195,797016
4003,OK,NEI,1212297.255299285,3413940.5465324693,12.729121180642492,797016
4003,OK,NHGRI,47744.5070261582,134452.92208515815,0.5013173237746611,797016
4003,OK,NHLBI,1290242.8234327591,3633442.433804896,13.54754964604397,797016
4003,OK,NIA,2064003.6836582462,5812424.166623796,21.672038678411585,797016
4003,OK,NIAAA,164742.47694507058,463929.9638108309,1.729796007923241,797016
4003,OK,NIAID,3166997.5336511414,8918556.272925628,33.253474103336984,797016
4003,OK,NIAMS,693368.9843833073,1952590.8180909227,7.280374336024726,797016
4003,OK,NIBIB,94607.48068083415,266423.36513568234,0.9933785471487585,797016
4003,OK,NICHD,1024059.2288867531,2883844.954910971,10.752621903310907,797016
4003,OK,NIDA,268263.6100078259,755454.9937001993,2.816767905082172,797016
4003,OK,NIDCD,33690.84363230463,94876.51367717971,0.35375385813919863,797016
4003,OK,NIDCR,139774.04705869767,393616.56930322904,1.4676274941163254,797016
4003,OK,NIDDK,1214181.5141132467,3419246.7926177634,12.74890589818909,797016
4003,OK,NIEHS,204042.97378435655,574603.77674905,2.1424512247357437,797016
4003,OK,NIGMS,8248481.303945832,23228481.832950905,86.60905369143123,797016
4003,OK,NIMH,178567.32960261044,502862.0201452822,1.8749569608274095,797016
4003,OK,NIMHD,333765.0145107902,939912.9718982022,3.5045326523632965,797016
4003,OK,NINDS,562815.8846243952,1584941.2842870897,5.909566788556149,797016
4003,OK,NINR,801.0935322063503,2255.953050466159,0.008411482088166678,797016
4003,OK,NLM,2791.678890279951,7861.624461133194,0.029312628347939483,797016
4003,OK,OD,905375.9344777962,2549621.884448966,9.50644731201686,797016
4004,OK,FIC,1271.7849759726955,3581.4634380840275,0.013353742247713303,819271
4004,OK,NCATS,2077.643442966814,5850.834983067464,0.021815256151151544,819271
4004,OK,NCCIH,285268.486372392,803342.2892096095,2.9953191069101157,819271
4004,OK,NCI,5268153.751334394,14835605.39168881,55.31561438901114,819271
4004,OK,NEI,2043300.3460643932,5754121.6642043255,21.454653633676127,819271
4004,OK,NHGRI,818752.3370881369,2305681.8688114197,8.596899539425438,819271
4004,OK,NHLBI,2048484.180158565,5768719.817687913,21.509083891664933,819271
4004,OK,NIA,2797656.7367976527,7878458.626614079,29.375395736375353,819271
4004,OK,NIAAA,102042.97892249898,287362.41190818674,1.0714512786862391,819271
4004,OK,NIAID,4898878.464365991,13795692.22723756,51.4382238758429,819271
4004,OK,NIAMS,1591277.254227399,4481183.072249571,16.708411169387688,819271
4004,OK,NIBIB,210525.44946463456,592859.0243544306,2.2105172193786626,819271
4004,OK,NICHD,587748.833158225,1655154.7600432774,6.171362748161362,819271
4004,OK,NIDA,296249.9452843761,834267.087295082,3.1106244254859488,819271
4004,OK,NIDCD,434252.4136559518,1222894.7281115884,4.559650343387494,819271
4004,OK,NIDCR,279280.1699249775,786478.6394439022,2.932441784212264,819271
4004,OK,NIDDK,1829924.8447536544,5153236.631777532,19.21421086991337,819271
4004,OK,NIEHS,149094.30082740705,419863.2609507439,1.5654901586877739,819271
4004,OK,NIGMS,11105951.62102693,31275381.0017425,116.61249202078275,819271
4004,OK,NIMH,113553.19170481128,319776.229513549,1.1923085129005184,819271
4004,OK,NIMHD,472706.3851936143,1331184.6479590286,4.9634170445329495,819271
4004,OK,NINDS,654185.3960834059,1842246.2303498213,6.868946658875762,819271
4004,OK,NINR,209.4549619907345,589.8444331922982,0.002199277100902712,819271
4004,OK,NLM,4161.500568135828,11719.1682665894,0.04369575596542619,819271
4004,OK,OD,1126049.1986559276,3171058.0881689913,11.823516585887239,819271
4005,OK,FIC,2281.22841336537,6424.148980166847,0.023952898340336384,836356
4005,OK,NCATS,3040.340932316829,8561.879636984173,0.0319235797893267,836356
4005,OK,NCCIH,202239.18626576223,569524.1452311694,2.1235114557905033,836356
4005,OK,NCI,7887256.627717917,22211239.928630915,82.81619459103813,836356
4005,OK,NEI,3588968.182391127,10106864.421676163,37.68416591510683,836356
4005,OK,NHGRI,95748.31074895828,269636.0475114342,1.005357262864062,836356
4005,OK,NHLBI,4526813.324315951,12747922.579970207,47.53153990531749,836356
4005,OK,NIA,5938060.397359587,16722124.107506882,62.349634172275664,836356
4005,OK,NIAAA,154025.5491455709,433750.1096628146,1.6172682660284943,836356
4005,OK,NIAID,6910849.213696628,19461586.86615717,72.56391674381459,836356
4005,OK,NIAMS,4182750.7189414185,11779010.645294799,43.918882548884895,836356
4005,OK,NIBIB,299980.84479113104,844773.6433773229,3.1497988703068756,836356
4005,OK,NICHD,1019246.6667120784,2870292.3372926344,10.702090000476822,836356
4005,OK,NIDA,361102.0037281528,1016896.4472804301,3.791571039145604,836356
4005,OK,NIDCD,111676.39947705388,314491.0100215885,1.1726021945090657,836356
4005,OK,NIDCR,613435.4097113935,1727490.5216010506,6.441071801969632,836356
4005,OK,NIDDK,3274659.130378293,9221741.229226226,34.383920868972076,836356
4005,OK,NIEHS,137865.18514004143,388241.0386127603,1.4475844439704348,836356
4005,OK,NIGMS,15100029.259627974,42523070.903550036,158.5503072260937,836356
4005,OK,NIMH,168176.07580982766,473599.2939472158,1.7658487960031903,836356
4005,OK,NIMHD,757824.0556186878,2134102.2255928563,7.957152583996221,836356
4005,OK,NINDS,840398.165361038,2366638.5116489,8.824180736290899,836356
4005,OK,NINR,512.8931366224092,1444.3542353159798,0.005385377934535297,836356
4005,OK,NLM,22128.41834786115,62315.660864666446,0.23234839265254204,836356
4005,OK,OD,2363922.5152195552,6657023.1750435745,24.82118640980533,836356
4101,OR,FIC,35474.17717129891,86085.35177658519,0.3121727591074304,716626
4101,OR,NCATS,4905281.6111396775,11903669.844661599,43.166478178029166,716626
4101,OR,NCCIH,1097949.261404086,2664398.611542251,9.661953500355956,716626
4101,OR,NCI,20782667.392257594,50433396.23295773,182.88747305186683,716626
4101,OR,NEI,6105065.420857243,14815190.831227344,53.72457570354374,716626
4101,OR,NHGRI,942671.6791795348,2287585.7759894915,8.295510776779906,716626
4101,OR,NHLBI,9002928.451467978,21847448.610903762,79.2257703729182,716626
4101,OR,NIA,7263624.49936918,17626671.56962623,63.91989559444879,716626
4101,OR,NIAAA,3037146.9718728475,7370258.7718482455,26.72689335248106,716626
4101,OR,NIAID,14528285.153233206,35255857.58021477,127.84890934845222,716626
4101,OR,NIAMS,966633.2896418638,2345733.528249465,8.506372948848401,716626
4101,OR,NIBIB,318043.0261230417,771796.5000762054,2.7987786298827673,716626
4101,OR,NICHD,5280275.464111161,12813669.182806225,46.46642408417822,716626
4101,OR,NIDA,5529098.042014404,13417488.09720483,48.65606276972676,716626
4101,OR,NIDCD,3850627.9897132325,9344336.965296023,33.88552630947645,716626
4101,OR,NIDCR,2467814.183178622,5988656.228792218,21.716764811971874,716626
4101,OR,NIDDK,4222518.165739116,10246804.596070169,37.15815985850423,716626
4101,OR,NIEHS,969324.382335557,2352264.015484766,8.530054564552902,716626
4101,OR,NIGMS,6544686.072289612,15882020.323679283,57.59323743614859,716626
4101,OR,NIMH,3977055.0638077334,9651138.137736324,34.99808456150806,716626
4101,OR,NIMHD,826569.7640551963,2005840.715148438,7.2738139236857275,716626
4101,OR,NINDS,6355086.443915132,15421918.018091986,55.92476070645317,716626
4101,OR,NINR,554233.7650331173,1344961.6716674413,4.877257132291432,716626
4101,OR,NLM,558851.0446921142,1356166.4458268604,4.9178891932906055,716626
4101,OR,OD,13724106.997061258,33304354.68471934,120.77214157413908,716626
4102,OR,FIC,1655.423207277908,4017.2232452213243,0.014567724224045592,704768
4102,OR,NCATS,201769.58763638805,489635.20268901583,1.775572371200215,704768
4102,OR,NCCIH,63824.83295647063,154884.02086419365,0.5616585300169415,704768
4102,OR,NCI,802905.3327223845,1948414.128872995,7.065566927956984,704768
4102,OR,NEI,228345.33115792362,554126.6838790763,2.0094389141897278,704768
4102,OR,NHGRI,111329.82467758804,270164.6066184092,0.9797024571627748,704768
4102,OR,NHLBI,360905.53644036903,875811.154478957,3.1759687206752476,704768
4102,OR,NIA,452618.9036499067,1098372.4119458653,3.983046352119179,704768
4102,OR,NIAAA,114869.46667236979,278754.27241425164,1.010851306716854,704768
4102,OR,NIAID,545364.9780118407,1323439.7446930248,4.799211806504198,704768
4102,OR,NIAMS,85696.70156997586,207960.58679870123,0.7541309738157876,704768
4102,OR,NIBIB,21390.697480246876,51908.90569333371,0.18823813782617252,704768
4102,OR,NICHD,293812.77706026065,712996.8412671662,2.5855524381302937,704768
4102,OR,NIDA,306941.06718129304,744855.3243501371,2.701081391195379,704768
4102,OR,NIDCD,141399.63305551314,343135.1513492543,1.2443167708885157,704768
4102,OR,NIDCR,132623.36869788152,321837.74955575244,1.1670856445413575,704768
4102,OR,NIDDK,175347.66952014965,425517.01032996166,1.543059491777317,704768
4102,OR,NIEHS,319489.36579603766,775306.3393301803,2.8115064190051315,704768
4102,OR,NIGMS,612823.7330009494,1487142.2211621995,5.392848850408355,704768
4102,OR,NIMH,299579.5256142627,726991.0369741219,2.6362998254055117,704768
4102,OR,NIMHD,80194.43494025133,194608.21061528326,0.7057110274742118,704768
4102,OR,NINDS,339670.67857922683,824280.4255187035,2.9891019714971963,704768
4102,OR,NINR,17951.64609633899,43563.34360370788,0.15797448564778313,704768
4102,OR,NLM,17526.103785017152,42530.67808509508,0.15422971330815094,704768
4102,OR,OD,767471.6796678647,1862427.1171602686,6.753750781077209,704768
4103,OR,FIC,29803.803672286187,72325.02986665031,0.26227347231611847,700007
4103,OR,NCATS,4180115.112791797,10143904.90901768,36.785012992567815,700007
4103,OR,NCCIH,823417.4574846467,1998190.9980394826,7.2460736258648915,700007
4103,OR,NCI,18139856.14805265,44020073.81710853,159.63073410286333,700007
4103,OR,NEI,5539326.793632196,13442310.256630853,48.74607578396333,700007
4103,OR,NHGRI,834174.0546262605,2024294.082668716,7.340731680711093,700007
4103,OR,NHLBI,7829962.279717604,19001006.111911524,68.90366806151492,700007
4103,OR,NIA,6195384.968975179,15034369.701380964,54.51938772698158,700007
4103,OR,NIAAA,2612475.3073258363,6339706.055838939,22.98978270446736,700007
4103,OR,NIAID,11717675.619487097,28435338.26976508,103.11554545148647,700007
4103,OR,NIAMS,890108.9525378635,2160031.5612311093,7.8329587823332,700007
4103,OR,NIBIB,264377.51408794546,641566.1508420706,2.32652212397392,700007
4103,OR,NICHD,4439630.711796286,10773672.627770793,39.06875026380732,700007
4103,OR,NIDA,5031549.6779678445,12210085.153424464,44.27763716611703,700007
4103,OR,NIDCD,3253732.7300372818,7895848.444903967,28.63284802432808,700007
4103,OR,NIDCR,2105857.7001847355,5110294.7373929415,18.531547761625674,700007
4103,OR,NIDDK,3651553.3297526874,8861241.55621144,32.13366930182365,700007
4103,OR,NIEHS,1027005.7882407067,2492239.7531695366,9.037650936518219,700007
4103,OR,NIGMS,5614938.418072258,13625797.339555725,49.411458079035874,700007
4103,OR,NIMH,3484831.6666434943,8456657.31601251,30.66651866646275,700007
4103,OR,NIMHD,719566.6873388663,1746175.8480587266,6.332186848582023,700007
4103,OR,NINDS,5519838.09152029,13395016.932000058,48.57457520537855,700007
4103,OR,NINR,490307.9731303886,1189832.6532558303,4.31471016354742,700007
4103,OR,NLM,474113.2794080414,1150532.91420141,4.172196858790764,700007
4103,OR,OD,11878274.821880521,28825065.1058892,104.52881843254859,700007
4104,OR,FIC,1727.1543071543613,4191.2934410251,0.01519895790295838,712690
4104,OR,NCATS,1244736.7341949104,3020608.458794682,10.953683260915213,712690
4104,OR,NCCIH,501288.3711799753,1216478.8365959297,4.411337666383782,712690
4104,OR,NCI,2697981.768384944,6547204.985099507,23.74223956178751,712690
4104,OR,NEI,1028570.769206967,2496037.49980517,9.05142276902131,712690
4104,OR,NHGRI,3156679.345371901,7660328.542083298,27.778778239272732,712690
4104,OR,NHLBI,1394203.4066290138,3383319.9323613085,12.268989978335322,712690
4104,OR,NIA,5607476.666183876,13607689.871323857,49.34579466241811,712690
4104,OR,NIAAA,715898.3680981353,1737273.9205878724,6.299905639263591,712690
4104,OR,NIAID,1906493.3631371425,4626496.367565402,16.777141595606857,712690
4104,OR,NIAMS,1893330.2932834968,4594553.484342513,16.661306580894774,712690
4104,OR,NIBIB,259421.88159032498,629540.2942655213,2.2829125579948597,712690
4104,OR,NICHD,4177369.034883457,10137240.98890464,36.76084750697442,712690
4104,OR,NIDA,7253179.385116286,17601324.361980934,63.82797858902332,712690
4104,OR,NIDCD,976455.448193029,2369569.0063776667,8.592807944098656,712690
4104,OR,NIDCR,1124329.8258434467,2728416.4507400724,9.89410246742233,712690
4104,OR,NIDDK,417849.50776975375,1013997.3562271954,3.677075668373833,712690
4104,OR,NIEHS,5994649.693460717,14547244.46875927,52.752917302454314,712690
4104,OR,NIGMS,11750457.717723407,28514890.740989994,103.40402791596598,712690
4104,OR,NIMH,6747642.341954443,16374535.253200922,59.3792526091991,712690
4104,OR,NIMHD,1842448.6532188263,4471078.770248774,16.21354814832567,712690
4104,OR,NINDS,5503500.541108233,13355370.521948086,48.430804761752455,712690
4104,OR,NINR,22046.920238957853,53501.364533313266,0.19401289810282912,712690
4104,OR,NLM,11511.199418304628,27934.281505954736,0.10129855488108074,712690
4104,OR,OD,11237586.94031775,27270304.82499537,98.8907650747962,712690
4105,OR,FIC,14291.197174487681,34680.515072515365,0.1257625351354916,717312
4105,OR,NCATS,2343920.3145601414,5688002.397937108,20.626498768129245,717312
4105,OR,NCCIH,526055.3667812278,1276581.020742091,4.629287227674804,717312
4105,OR,NCI,9846115.53377656,23893614.650034163,86.64581669723374,717312
4105,OR,NEI,2953554.915073128,7167405.536364203,25.991283252643527,717312
4105,OR,NHGRI,607769.7040459553,1474877.5854420024,5.3483733956044075,717312
4105,OR,NHLBI,4274701.850522783,10373438.988177644,37.61737628460049,717312
4105,OR,NIA,3380063.9121814445,8202416.915899566,29.744562427196712,717312
4105,OR,NIAAA,1365893.6388291984,3314620.4863391384,12.019864021696947,717312
4105,OR,NIAID,6270227.089619571,15215989.425843267,55.17799838865223,717312
4105,OR,NIAMS,580479.8069041307,1408653.0643190288,5.108222300756351,717312
4105,OR,NIBIB,178543.49440437325,433272.333534395,1.5711827507584848,717312
4105,OR,NICHD,2631139.2756135017,6384997.995038325,23.154025625398816,717312
4105,OR,NIDA,2690928.4451736473,6530088.652649949,23.6801703175281,717312
4105,OR,NIDCD,1709917.527295628,4149464.8666660837,15.047274240201528,717312
4105,OR,NIDCR,1216551.677973498,2952211.650943528,10.705654766166782,717312
4105,OR,NIDDK,1923958.3554702352,4668878.746204083,16.93083352813807,717312
4105,OR,NIEHS,1697681.7368200044,4119772.216649923,14.93959928401604,717312
4105,OR,NIGMS,3827062.6015307973,9287150.727497164,33.67815089347102,717312
4105,OR,NIMH,2034395.696063929,4936877.557518882,17.902682125362578,717312
4105,OR,NIMHD,447858.5451310443,1086820.4276475378,3.94115519715319,717312
4105,OR,NINDS,3037005.854084648,7369916.320651128,26.725651515944904,717312
4105,OR,NINR,257976.85369942803,626033.6383193058,2.2701963125549667,717312
4105,OR,NLM,243386.806896181,590627.9034539304,2.141803900686393,717312
4105,OR,OD,6626364.241233713,16080229.118546246,58.31200532285668,717312
4106,OR,FIC,12445.638943531145,30201.89027541628,0.10952162270307408,720968
4106,OR,NCATS,1653778.3037163643,4013231.5500496426,14.553249072704007,720968
4106,OR,NCCIH,385841.8885324622,936324.3168141053,3.3954086190856674,720968
4106,OR,NCI,7061529.7956452,17136247.406205766,62.14146220167776,720968
4106,OR,NEI,2079077.198816126,5045306.369377028,18.29587934958191,720968
4106,OR,NHGRI,359121.1700628239,871481.0242389365,3.1602662965528507,720968
4106,OR,NHLBI,3115302.5814352385,7559919.3553764615,27.4146627166301,720968
4106,OR,NIA,2413186.809438276,5856091.725256012,21.23604392305683,720968
4106,OR,NIAAA,983918.7121068855,2387680.143848831,8.658484666540593,720968
4106,OR,NIAID,5042107.606885128,12235706.128943859,44.37054694058913,720968
4106,OR,NIAMS,358920.5693396658,870994.2255251477,3.158501010189059,720968
4106,OR,NIBIB,122401.83307319503,297033.1012139734,1.0771361310441163,720968
4106,OR,NICHD,1821720.022336337,4420776.504666987,16.031136196559768,720968
4106,OR,NIDA,1877345.8740303526,4555764.019326686,16.520643691467104,720968
4106,OR,NIDCD,1240644.5720056165,3010677.9896567753,10.917672233649427,720968
4106,OR,NIDCR,821013.1267932209,1992356.397497258,7.224915515780344,720968
4106,OR,NIDDK,1384667.0784388129,3360178.0801078724,12.185070290261553,720968
4106,OR,NIEHS,860723.0505163384,2088720.6552563272,7.574362844543779,720968
4106,OR,NIGMS,2571314.6868213234,6239821.385410548,22.627569244027647,720968
4106,OR,NIMH,1367899.5719514024,3319488.2936354536,12.037516233172342,720968
4106,OR,NIMHD,304350.2078692793,738568.0739312946,2.678281829249658,720968
4106,OR,NINDS,2077342.208095198,5041096.059274021,18.280611431237745,720968
4106,OR,NINR,196081.36414970845,475831.5641304638,1.7255160045174345,720968
4106,OR,NLM,177127.66398318467,429836.5312245779,1.5587234430520251,720968
4106,OR,OD,4621324.232749336,11214589.145474395,40.66765324819416,720968
4201,PA,FIC,43119.40625816163,103685.02617517566,0.3665149531943739,768164
4201,PA,NCATS,957244.6821949164,2301792.82467836,8.13657979865679,768164
4201,PA,NCCIH,117262.6961149681,281970.156157955,0.9967329169772289,768164
4201,PA,NCI,16382565.301349936,39393555.233972564,139.25180506147444,768164
4201,PA,NEI,1170376.1257277534,2814289.197405486,9.948197068685904,768164
4201,PA,NHGRI,806512.7891096714,1939342.5584013462,6.855358707432207,768164
4201,PA,NHLBI,9104696.172237882,21893173.929240327,77.389917464022,768164
4201,PA,NIA,6476633.575265574,15573728.39871434,55.05138538975738,768164
4201,PA,NIAAA,333562.9639932825,802086.2913938279,2.8352851939429016,768164
4201,PA,NIAID,11347174.193532541,27285441.877994448,96.4509806450266,768164
4201,PA,NIAMS,1652516.0632857638,3973644.030505435,14.046386537928992,768164
4201,PA,NIBIB,620459.1473447989,1491957.5317875773,5.27390275243079,768164
4201,PA,NICHD,2932694.512262977,7051964.153848368,24.927903354235305,768164
4201,PA,NIDA,2792758.9940097234,6715474.876003103,23.73845144908265,768164
4201,PA,NIDCD,829683.9369554826,1995059.9552624652,7.052313464121602,768164
4201,PA,NIDCR,765037.9835716774,1839612.143003911,6.502822860359258,768164
4201,PA,NIDDK,4922168.89294845,11835858.9505716,41.83843559006182,768164
4201,PA,NIEHS,680652.7636623228,1636699.2438161287,5.7855484911297435,768164
4201,PA,NIGMS,6947271.945449883,16705426.535730444,59.051811536324,768164
4201,PA,NIMH,4274705.233371209,10278966.30486096,36.33499448365528,768164
4201,PA,NIMHD,873240.1434897141,2099795.3124135933,7.42254121966257,768164
4201,PA,NINDS,5021548.3176164515,12074826.949951816,42.68316069973984,768164
4201,PA,NINR,594209.5840743299,1428837.769922342,5.050781464631805,768164
4201,PA,NLM,169504.75197543195,407591.5271227258,1.4407903917911715,768164
4201,PA,OD,3981603.3093499616,9574172.725789236,33.84362812947467,768164
4202,PA,FIC,89946.38706221386,216285.2948640239,0.7645442900288179,738540
4202,PA,NCATS,1971346.1917557197,4740303.71078767,16.75644262992362,738540
4202,PA,NCCIH,342556.823542555,823712.9473175898,2.911733000111717,738540
4202,PA,NCI,38582593.63273847,92775795.81605329,327.952045878277,738540
4202,PA,NEI,2933161.380485702,7053086.7862798935,24.931871734128464,738540
4202,PA,NHGRI,1442754.0856279547,3469249.8833831083,12.263409727837615,738540
4202,PA,NHLBI,20897610.378865708,50250443.29596231,177.6296882203585,738540
4202,PA,NIA,13967209.107831066,33585584.02379446,118.72127741656406,738540
4202,PA,NIAAA,798066.373103191,1919032.286514136,6.783564171377123,738540
4202,PA,NIAID,19100354.335392196,45928757.16709147,162.35301185083367,738540
4202,PA,NIAMS,4423292.497528106,10636259.591349326,37.5979862289889,738540
4202,PA,NIBIB,1473929.4753630473,3544214.2992044077,12.528400540585903,738540
4202,PA,NICHD,6528710.520637884,15698952.744609155,55.49403942542201,738540
4202,PA,NIDA,6883046.056974616,16550988.81254353,58.505891484284234,738540
4202,PA,NIDCD,2226977.039071563,5354994.25027321,18.929304832108286,738540
4202,PA,NIDCR,2094515.5010696023,5036476.923000465,17.803381759091618,738540
4202,PA,NIDDK,12009279.018444085,28877540.70446355,102.07887165677472,738540
4202,PA,NIEHS,1439493.474410593,3461409.4099453455,12.23569453249004,738540
4202,PA,NIGMS,12131279.113013396,29170902.42013881,103.11587246061387,738540
4202,PA,NIMH,8344746.6588783255,20065797.533732023,70.93034660046577,738540
4202,PA,NIMHD,2020825.6106708387,4859282.038425832,17.17701769070213,738540
4202,PA,NINDS,12195302.17197582,29324852.418999873,103.66006846179447,738540
4202,PA,NINR,1234441.2802480042,2968340.4193443684,10.492750882108036,738540
4202,PA,NLM,480366.4128078721,1155090.2112951064,4.083114508866913,738540
4202,PA,OD,8040287.271530997,19333693.771509867,68.34244180801348,738540
4203,PA,FIC,258561.5835068487,621737.794655465,2.197773459808214,767563
4203,PA,NCATS,5532172.466405387,13302674.98468296,47.02346596444579,767563
4203,PA,NCCIH,593676.1029188059,1427554.9598752067,5.04624687480985,767563
4203,PA,NCI,73583460.99434829,176938964.17729333,625.4594184519605,767563
4203,PA,NEI,7062429.749230133,16982335.262806688,60.03065286845613,767563
4203,PA,NHGRI,3757810.1923856353,9036039.267936293,31.9413866352779,767563
4203,PA,NHLBI,47835024.9956225,115024214.13380468,406.59771246279126,767563
4203,PA,NIA,35720518.30560937,85893642.72164384,303.62440559767964,767563
4203,PA,NIAAA,1784302.3388221213,4290537.620057813,15.16656987998803,767563
4203,PA,NIAID,41436797.61809138,99639021.46342853,352.2127797537768,767563
4203,PA,NIAMS,10320188.606180243,24815949.907983936,87.72160315253207,767563
4203,PA,NIBIB,3854897.5067138094,9269495.653377336,32.76662880706738,767563
4203,PA,NICHD,15197980.325237336,36545099.4013576,129.18283276451734,767563
4203,PA,NIDA,14284973.029764878,34349679.90132054,121.42227075300146,767563
4203,PA,NIDCD,5107838.409845571,12282320.309620727,43.41662648368735,767563
4203,PA,NIDCR,4999904.460398593,12022782.079743506,42.49918791338804,767563
4203,PA,NIDDK,29837774.732364606,71747983.62509081,253.62108522509914,767563
4203,PA,NIEHS,3116131.457688044,7493057.0662604505,26.487117390348374,767563
4203,PA,NIGMS,25593520.155893397,61542239.04176342,217.54492132509387,767563
4203,PA,NIMH,20601270.225781396,49537863.06363393,175.11079691914188,767563
4203,PA,NIMHD,3484774.2456666566,8379496.385299483,29.62058108816658,767563
4203,PA,NINDS,28552288.841121823,68656901.21353514,242.6944551495355,767563
4203,PA,NINR,3428461.5515886913,8244086.748058401,29.141923188503878,767563
4203,PA,NLM,1149232.0878571074,2763446.1939805057,9.768472746785413,767563
4203,PA,OD,20479077.914876666,49244039.14410434,174.07216227645165,767563
4204,PA,FIC,83240.10271861962,200159.34768514486,0.7075408731082667,786204
4204,PA,NCATS,1674072.4657531567,4025478.606814129,14.229615958901832,786204
4204,PA,NCCIH,222064.08431362564,533975.8218555381,1.887544716665818,786204
4204,PA,NCI,25420212.46550996,61125502.959958844,216.07180595683465,786204
4204,PA,NEI,2242112.0652875258,5391387.970074652,19.05795255494397,786204
4204,PA,NHGRI,1131490.8185762612,2720785.495946956,9.617671957898219,786204
4204,PA,NHLBI,14619237.94337693,35153454.1024263,124.26352251870391,786204
4204,PA,NIA,11067209.454322357,26612238.00456125,94.07128036174004,786204
4204,PA,NIAAA,670430.2765458287,1612118.2271411028,5.698657350639544,786204
4204,PA,NIAID,15203101.6156304,36557414.06833785,129.2263637328584,786204
4204,PA,NIAMS,3007850.678199133,7232684.848044874,25.56673076469263,786204
4204,PA,NIBIB,1153635.7210513875,2774035.1807648116,9.805903628936793,786204
4204,PA,NICHD,4713164.315416285,11333286.049581056,40.06189668103842,786204
4204,PA,NIDA,4802581.929382937,11548299.855410056,40.821946399754964,786204
4204,PA,NIDCD,1610413.643901364,3872404.453369944,13.688515973161593,786204
4204,PA,NIDCR,1529795.7067433016,3678550.3711876273,13.003263507318064,786204
4204,PA,NIDDK,8841478.279847234,21260239.56324049,75.1525653787015,786204
4204,PA,NIEHS,1010634.8789800724,2430175.0180235864,8.590396471330616,786204
4204,PA,NIGMS,8906279.57917753,21416060.920729045,75.703376423009,786204
4204,PA,NIMH,6365530.665891276,15306570.080307951,54.107010660075844,786204
4204,PA,NIMHD,1435255.4640272334,3451218.680163529,12.199671444231484,786204
4204,PA,NINDS,8631759.959465684,20755950.394507814,73.36995965545832,786204
4204,PA,NINR,1047285.327157159,2518304.7723115147,8.9019252808358509,786204
4204,PA,NLM,347732.3002667878,836157.9108778086,2.9557245522676965,786204
4204,PA,OD,6149511.19151564,14787129.141792107,52.27084512788294,786204
4205,PA,FIC,169900.19845195062,408542.4186545627,1.4441516868415802,768273
4205,PA,NCATS,3502952.4013557485,8423207.621422619,29.77509541152386,768273
4205,PA,NCCIH,314242.7557030126,755628.8728873447,2.6710634234756068,768273
4205,PA,NCI,45458169.331423804,109308821.38740271,386.39443931710235,768273
4205,PA,NEI,4433994.621767528,10661993.94458348,37.68895428502399,768273
4205,PA,NHGRI,2412173.7779333484,5800318.766141441,20.503477112433462,768273
4205,PA,NHLBI,29656382.02498874,71311806.29232217,252.07924721240428,768273
4205,PA,NIA,22659153.223671436,54486253.38292992,192.6028024012072,768273
4205,PA,NIAAA,1114745.4857436505,2680519.629050131,9.47533662882103,768273
4205,PA,NIAID,26491984.998769842,63702689.72592576,225.18187248954365,768273
4205,PA,NIAMS,6456470.505643034,15525244.233856684,54.87999929796579,768273
4205,PA,NIBIB,2509639.1999738337,6034684.350280936,21.331933199777588,768273
4205,PA,NICHD,9676038.881960915,23267025.959065426,82.24633049666778,768273
4205,PA,NIDA,8370266.416747778,20127162.403805517,71.14726454235611,768273
4205,PA,NIDCD,3126013.04227052,7516818.347896658,26.571110859299417,768273
4205,PA,NIDCR,3304018.787773126,7944851.384141816,28.08415969607157,768273
4205,PA,NIDDK,18749603.467942137,45085340.802432194,159.37162947750818,768273
4205,PA,NIEHS,1993562.043833383,4793724.001187433,16.945277372583753,768273
4205,PA,NIGMS,16700112.806324586,40157130.71476728,141.95095885375898,768273
4205,PA,NIMH,12837946.510854801,30870156.514771912,109.12254534226581,768273
4205,PA,NIMHD,2108819.522453542,5070872.406619243,17.924965940855106,768273
4205,PA,NINDS,17645058.776140723,42429350.02659901,149.98299959719614,768273
4205,PA,NINR,2393501.6813281323,5755419.7985242605,20.344764291289124,768273
4205,PA,NLM,699728.155127034,1682567.975205396,5.94768931857979,768273
4205,PA,OD,13016665.429153882,31299904.448008627,110.64165614780799,768273
4206,PA,FIC,50164.98242140773,120626.83526530182,0.4264023505819657,796009
4206,PA,NCATS,886390.160562323,2131415.8745385506,7.5343163647797455,796009
4206,PA,NCCIH,104980.67592727332,252436.78139345138,0.8923357453818231,796009
4206,PA,NCI,12721348.560462719,30589784.807749934,108.13146276393311,796009
4206,PA,NEI,1257193.9895864476,3023051.6379819424,10.686148911484805,796009
4206,PA,NHGRI,579380.1560565416,1393178.892270328,4.924731326480604,796009
4206,PA,NHLBI,7195273.695671237,17301772.130315788,61.159826413205515,796009
4206,PA,NIA,6042688.757010442,14530263.663370289,51.36285443458876,796009
4206,PA,NIAAA,405095.3370639235,974093.204703261,3.4433103650433496,796009
4206,PA,NIAID,8644765.660173718,20787223.93316151,73.4805081114766,796009
4206,PA,NIAMS,1799371.192649454,4326772.221577197,15.29465513752036,796009
4206,PA,NIBIB,710853.2776750426,1709319.471171878,6.042252860237863,796009
4206,PA,NICHD,2565614.509986053,6169282.713000321,21.80772333488145,796009
4206,PA,NIDA,2683474.5573920547,6452689.261484175,22.809533737832464,796009
4206,PA,NIDCD,956340.5229284003,2299618.6811696584,8.128894444891403,796009
4206,PA,NIDCR,828298.3062720192,1991728.0644469038,7.040535603312163,796009
4206,PA,NIDDK,4285479.102614401,10304873.176300703,36.42657237222241,796009
4206,PA,NIEHS,509318.81853738334,1224709.2345238985,4.329209957567758,796009
4206,PA,NIGMS,6394944.373983353,15377298.352287782,54.3570271788585,796009
4206,PA,NIMH,3220459.9874614133,7743925.695471269,27.373909893422013,796009
4206,PA,NIMHD,530808.7185487516,1276383.898869697,4.511874107664388,796009
4206,PA,NINDS,4191780.4649421545,10079565.210753605,35.630133952008315,796009
4206,PA,NINR,635760.1366909003,1528750.3269239047,5.403961161872653,796009
4206,PA,NLM,163440.9237985889,393010.43156047567,1.3892478522880056,796009
4206,PA,OD,3244153.8938044393,7800900.118650016,27.575308097337736,796009
4207,PA,FIC,12519.431774785047,30104.255227800444,0.1064151700856729,788445
4207,PA,NCATS,447600.6041144505,1076301.4702886096,3.8046051349728294,788445
4207,PA,NCCIH,49375.08541784529,118727.44706408876,0.41968822605168493,788445
4207,PA,NCI,3545915.5744800167,8526516.969034871,30.14028238308014,788445
4207,PA,NEI,346357.6426072338,832852.4058214679,2.944039962161487,788445
4207,PA,NHGRI,183871.51406966805,442137.8772017331,1.5629078695921783,788445
4207,PA,NHLBI,2555949.1977571226,6146041.480376478,21.725568180935543,788445
4207,PA,NIA,1794606.9432212135,4315316.096144609,15.254159017380315,788445
4207,PA,NIAAA,150443.08695225485,361755.8023672057,1.278766239094166,788445
4207,PA,NIAID,2147535.573885643,5163969.115374991,18.254052378027964,788445
4207,PA,NIAMS,516730.684755731,1242531.8255460283,4.392210820423713,788445
4207,PA,NIBIB,210122.252674419,505260.46527856024,1.7860391477325614,788445
4207,PA,NICHD,912815.7194036223,2194958.835769264,7.75893361493079,788445
4207,PA,NIDA,1457029.8561622764,3503577.434942141,12.384753777379348,788445
4207,PA,NIDCD,574673.1534442429,1381860.422666623,4.884721804276064,788445
4207,PA,NIDCR,256829.5414635709,617572.922265559,2.1830511024403525,788445
4207,PA,NIDDK,1334398.067431211,3208696.7459928957,11.342383573165293,788445
4207,PA,NIEHS,232689.78097652848,559526.3971586018,1.977863138300492,788445
4207,PA,NIGMS,3810700.6250471068,9163219.727288816,32.39095531290041,788445
4207,PA,NIMH,1110285.659275411,2669795.5197864827,9.437428103840993,788445
4207,PA,NIMHD,155644.82066970842,374263.90355536574,1.3229809756925215,788445
4207,PA,NINDS,3076186.8595038615,7397006.191081716,26.147588305782822,788445
4207,PA,NINR,108803.39019574107,261628.8891560965,0.9248288166637991,788445
4207,PA,NLM,31254.620911221784,75154.93529463514,0.26566427774538515,788445
4207,PA,OD,1101103.614598965,2647716.353461257,9.359380724091203,788445
4208,PA,FIC,16007.224766694455,38491.01049744824,0.13606141051690288,773187
4208,PA,NCATS,279226.0317386161,671427.5757015763,2.373421269778237,773187
4208,PA,NCCIH,26589.26323543963,63936.60520368058,0.22600873750123684,773187
4208,PA,NCI,2582592.9550075396,6210109.122017337,21.952040117564085,773187
4208,PA,NEI,245338.19267300743,589940.797810874,2.0853746377205633,773187
4208,PA,NHGRI,250502.55544224315,602359.0367286456,2.129271721259067,773187
4208,PA,NHLBI,1409515.176196631,3389323.5232243626,11.980878997671363,773187
4208,PA,NIA,1146770.2172387408,2757526.3740744297,9.747546846529296,773187
4208,PA,NIAAA,200557.7118906489,482261.5479098632,1.7047405510705156,773187
4208,PA,NIAID,1498260.9891279077,3602721.9146962995,12.735218407587215,773187
4208,PA,NIAMS,290866.98530351795,699419.4401501364,2.4723693750799027,773187
4208,PA,NIBIB,152626.6575916053,367006.4214861446,1.297326589528645,773187
4208,PA,NICHD,566152.9652060895,1361372.7578968157,4.812300204251761,773187
4208,PA,NIDA,636365.752602053,1530206.5923748715,5.40910889711745,773187
4208,PA,NIDCD,167469.3575057444,402697.2127714837,1.4234895387988276,773187
4208,PA,NIDCR,146389.82902272866,352009.3287724281,1.2443135466931936,773187
4208,PA,NIDDK,704963.9422182648,1695157.9612166053,5.992193508855251,773187
4208,PA,NIEHS,213105.1682700896,512433.19116823794,1.8113939302957616,773187
4208,PA,NIGMS,1448196.4028369798,3482336.4922035756,12.309669424114329,773187
4208,PA,NIMH,891662.7270636583,2144094.300406203,7.5791331800410955,773187
4208,PA,NIMHD,99545.82330510304,239368.12193617312,0.8461394980933759,773187
4208,PA,NINDS,910329.2873397727,2188979.9553533434,7.737798942388068,773187
4208,PA,NINR,65397.392303173176,157254.72405964046,0.555877834576972,773187
4208,PA,NLM,19034.06217059845,45769.35087098674,0.16178952845008682,773187
4208,PA,OD,513669.5160515301,1235170.9320466744,4.366190886438005,773187
4209,PA,FIC,16511.862187823852,39704.462832703226,0.14035082859650275,770915
4209,PA,NCATS,659977.4142312238,1586983.2497203462,5.609808020965402,770915
4209,PA,NCCIH,91074.15754975022,218997.1344431615,0.7741303391728769,770915
4209,PA,NCI,5016648.6179907825,12063045.120654438,42.64151325292165,770915
4209,PA,NEI,418533.8253750818,1006407.4254500624,3.557537515688195,770915
4209,PA,NHGRI,1205667.9000564106,2899151.881347072,10.24817715047949,770915
4209,PA,NHLBI,4744748.455005366,11409233.346267093,40.33036186754561,770915
4209,PA,NIA,1786006.205364505,4294634.741571694,15.181052745598294,770915
4209,PA,NIAAA,363014.12394803454,872904.6202111398,3.0856200535582934,770915
4209,PA,NIAID,1918484.402621142,4613192.127727598,16.307117422279706,770915
4209,PA,NIAMS,526245.9139725232,1265412.168204252,4.473090268766447,770915
4209,PA,NIBIB,220896.80611455048,531168.9819398815,1.877622851973679,770915
4209,PA,NICHD,1313121.4864902906,3157535.0291879475,11.16153263516747,770915
4209,PA,NIDA,1510714.1958867826,3632666.9250943596,12.841070665037652,770915
4209,PA,NIDCD,178019.64759311962,428066.46524485556,1.5131670045415166,770915
4209,PA,NIDCR,204280.156589268,491212.5472279234,1.7363813310087781,770915
4209,PA,NIDDK,1833272.2035169208,4408290.672413771,15.582813729893827,770915
4209,PA,NIEHS,288047.6432784051,692640.0436547297,2.4484049678664435,770915
4209,PA,NIGMS,2141385.19885114,5149179.909034311,18.20177419023469,770915
4209,PA,NIMH,2589548.4666883172,6226834.361840107,22.011161966850697,770915
4209,PA,NIMHD,176361.54821062784,424079.3955517945,1.4990731597903366,770915
4209,PA,NINDS,1581798.226357638,3803595.75272896,13.445284924039923,770915
4209,PA,NINR,110188.6600654102,264959.9123579556,0.9366036105559866,770915
4209,PA,NLM,32322.055398776072,77721.69078564802,0.2747374708895966,770915
4209,PA,OD,1099921.317673103,2644873.3994796807,9.349331200221375,770915
4210,PA,FIC,31950.559253085215,76828.39027591194,0.27157975365122433,792599
4210,PA,NCATS,2489731.333206406,5986813.846811702,21.16271633225445,792599
4210,PA,NCCIH,328956.1622388833,791008.7650097924,2.796127379030508,792599
4210,PA,NCI,7229649.150506157,17384431.430237565,61.45201777930234,792599
4210,PA,NEI,1294735.8269740331,3113324.828871699,11.005254529279282,792599
4210,PA,NHGRI,579072.981586771,1392440.2598144955,4.922120343487554,792599
4210,PA,NHLBI,8714946.783613656,20955981.628416087,74.07704766071608,792599
4210,PA,NIA,5031295.728372334,12098265.596887557,42.76601369116484,792599
4210,PA,NIAAA,553307.2876795055,1330484.0113633536,4.703111945275797,792599
4210,PA,NIAID,5082647.921222509,12221747.201155132,43.20250733039133,792599
4210,PA,NIAMS,1557944.4686618524,3746236.950609655,13.242527983625745,792599
4210,PA,NIBIB,475394.3190898084,1143134.3029920955,4.040851712263371,792599
4210,PA,NICHD,1955966.4026818245,4703321.433639694,16.625714422795507,792599
4210,PA,NIDA,2727209.0547447167,6557853.337158585,23.181276965330092,792599
4210,PA,NIDCD,307768.0012495949,740059.6630294659,2.6160280106215565,792599
4210,PA,NIDCR,474910.26955030067,1141970.356325635,4.036737291177555,792599
4210,PA,NIDDK,5926995.809090807,14252068.127431987,50.37946437727186,792599
4210,PA,NIEHS,829671.437728017,1995029.899590567,7.052207220688144,792599
4210,PA,NIGMS,4302251.59319796,10345204.34678963,36.569138542182664,792599
4210,PA,NIMH,2368878.613461494,5696211.11135032,20.135468214422698,792599
4210,PA,NIMHD,554152.2796398808,1332515.8810279025,4.710294376938986,792599
4210,PA,NINDS,4555166.435364896,10953363.973876461,38.71891470060162,792599
4210,PA,NINR,319543.79183559824,768375.7568975729,2.716122230602585,792599
4210,PA,NLM,69973.2469875213,168257.83504590625,0.594772599393931,792599
4210,PA,OD,3438097.7039650916,8267257.862831948,29.223830483703278,792599
4211,PA,FIC,59809.90574385757,143819.04067644398,0.5083841988227893,781923
4211,PA,NCATS,924572.0539096142,2223228.1455014027,7.85886245823172,781923
4211,PA,NCCIH,113361.40709429748,272589.10736049863,0.9635719603015286,781923
4211,PA,NCI,4549508.537297641,10939758.978814898,38.670822567029944,781923
4211,PA,NEI,1270403.6849316147,3054815.7026221063,10.798431321918725,781923
4211,PA,NHGRI,369207.04193437245,887796.1254343274,3.1382598564421658,781923
4211,PA,NHLBI,4468084.476312125,10743966.489372298,37.978718048653064,781923
4211,PA,NIA,3764321.253986067,9051695.782045674,31.99673065888157,781923
4211,PA,NIAAA,379533.5293486351,912627.2214711098,3.2260349994633986,781923
4211,PA,NIAID,4474916.8807858145,10760395.705314012,38.03679348667942,781923
4211,PA,NIAMS,722182.9291478677,1736562.7778742549,6.138554897756875,781923
4211,PA,NIBIB,470201.0436182275,1130646.5405219467,3.9967088707549334,781923
4211,PA,NICHD,1352745.7625148166,3252815.6569446833,11.498338981375941,781923
4211,PA,NIDA,1796314.811121513,4319422.839333189,15.26867589453286,781923
4211,PA,NIDCD,429176.66604555474,1031999.2252742387,3.648001661387215,781923
4211,PA,NIDCR,347788.4917425542,836293.0290332112,2.9562021798117106,781923
4211,PA,NIDDK,2747113.306529905,6605715.148032985,23.350463105504193,781923
4211,PA,NIEHS,455817.300555405,1096059.3579657522,3.8744470547209424,781923
4211,PA,NIGMS,2779747.8851961386,6684188.333006022,23.627857024167177,781923
4211,PA,NIMH,1892155.2694748694,4549881.031950989,16.08331979053639,781923
4211,PA,NIMHD,379642.5222248452,912889.3059987837,3.226961438911184,781923
4211,PA,NINDS,3262423.5230086097,7844831.312203652,27.730599945573182,781923
4211,PA,NINR,212334.9744003994,510581.18116929056,1.804847282403395,781923
4211,PA,NLM,76207.01168155533,183247.5603589366,0.6477595992932204,781923
4211,PA,OD,2071937.6543938096,4982186.179534683,17.611470062347383,781923
4212,PA,FIC,406141.9867732963,976609.9810675464,3.4522068875730185,754530
4212,PA,NCATS,10086107.398260983,24253077.68231104,85.73191288521835,754530
4212,PA,NCCIH,583388.5403528903,1402817.4626207352,4.958802592999567,754530
4212,PA,NCI,31903806.49059997,76715968.47276786,271.18235517009975,754530
4212,PA,NEI,7462857.697829083,17945205.254178505,63.434290431547204,754530
4212,PA,NHGRI,1609795.940603592,3870919.122560551,13.68326549513053,754530
4212,PA,NHLBI,37201750.991858624,89455418.33900197,316.2148834307983,754530
4212,PA,NIA,57903118.74879876,139233976.16258055,492.1765093647894,754530
4212,PA,NIAAA,4259870.644410656,10243295.017193777,36.20890047749057,754530
4212,PA,NIAID,38695069.41003642,93046255.33591284,328.9080899853096,754530
4212,PA,NIAMS,5434729.293537759,13068362.90095709,46.19519899507095,754530
4212,PA,NIBIB,2851746.6548691806,6857316.744687636,24.239846566388035,754530
4212,PA,NICHD,14384599.395178264,34589241.695000604,122.26909485901524,754530
4212,PA,NIDA,14154859.547013737,34036808.713252135,120.31630614961676,754530
4212,PA,NIDCD,5005684.576849095,12036680.961418213,42.5483189032173,754530
4212,PA,NIDCR,5219624.762048489,12551122.036267718,44.36681047741216,754530
4212,PA,NIDDK,25006493.054645125,60130672.287016094,212.55519096448356,754530
4212,PA,NIEHS,5025112.324507804,12083396.96934415,42.71345475831633,754530
4212,PA,NIGMS,18674438.10453194,44904597.99196788,158.7327238885215,754530
4212,PA,NIMH,32060318.54088979,77092317.71871692,272.5127075975632,754530
4212,PA,NIMHD,1378653.3130994271,3315113.014297362,11.718553161345131,754530
4212,PA,NINDS,25626425.78957521,61621364.0062674,217.8246192113893,754530
4212,PA,NINR,1916085.834326394,4607424.524738472,16.28672959177435,754530
4212,PA,NLM,1456286.5849386607,3501790.1632015603,12.378435971978616,754530
4212,PA,OD,26646576.270041518,64074420.26210919,226.4958982953529,754530
4213,PA,FIC,53219.71097849041,127972.24277167776,0.4523675433171685,769505
4213,PA,NCATS,523334.786333003,1258412.0638035613,4.448345683830525,769505
4213,PA,NCCIH,65057.842723252754,156438.24233744247,0.5529916631476484,769505
4213,PA,NCI,3185631.511059155,7660177.058818229,27.07786784400282,769505
4213,PA,NEI,410439.5794021881,986943.9824577568,3.4887364249185984,769505
4213,PA,NHGRI,363703.7108633908,874562.8025372297,3.0914815423388218,769505
4213,PA,NHLBI,2799516.023901446,6731722.846046918,23.79588620316229,769505
4213,PA,NIA,3482505.1914848,8374040.212252245,29.6012941276208,769505
4213,PA,NIAAA,503243.6994486432,1210100.9888082214,4.277571445313467,769505
4213,PA,NIAID,3014527.845005883,7248740.779125855,25.623486682550006,769505
4213,PA,NIAMS,485109.66037719854,1166495.8356081236,4.123432113206188,769505
4213,PA,NIBIB,491835.6684093923,1182669.210415214,4.180603181479834,769505
4213,PA,NICHD,1551770.0143139344,3731389.8430950395,13.190045121668442,769505
4213,PA,NIDA,1319753.480325169,3173482.337234027,11.217904582763936,769505
4213,PA,NIDCD,329978.56359350315,793467.2337229424,2.8048177905447766,769505
4213,PA,NIDCR,401708.17222693586,965948.4201327123,3.4145194639289547,769505
4213,PA,NIDDK,1976510.2761554304,4752721.280337424,16.800337347321157,769505
4213,PA,NIEHS,463344.8098396728,1114160.0245774465,3.938430883637219,769505
4213,PA,NIGMS,3674941.775981912,8836773.678042205,31.23700509584625,769505
4213,PA,NIMH,1818845.1120098762,4373599.254086171,15.460183452083948,769505
4213,PA,NIMHD,212798.2865702971,511695.2627077864,1.8087854358475253,769505
4213,PA,NINDS,1722945.572181576,4142998.994014118,14.645037363543395,769505
4213,PA,NINR,97183.9831366536,233688.83548632992,0.8260638566615556,769505
4213,PA,NLM,67278.14499824196,161777.18643423147,0.5718642324850567,769505
4213,PA,OD,1535513.5602426932,3692299.5352229746,13.051865262062892,769505
4214,PA,FIC,84708.56352804248,203690.4120173076,0.720022789988361,752379
4214,PA,NCATS,1978642.577737132,4757848.617759197,16.818461910765624,752379
4214,PA,NCCIH,116101.3925930778,279177.68296517467,0.9868618370411614,752379
4214,PA,NCI,6826701.722507283,16415503.092747413,58.026964641311906,752379
4214,PA,NEI,1649559.2989263078,3966534.1879401514,14.021254040873616,752379
4214,PA,NHGRI,267599.01284612063,643469.2185992108,2.2745916091920253,752379
4214,PA,NHLBI,7493248.458448915,18018282.94897525,63.69261189681578,752379
4214,PA,NIA,11451616.504584886,27536584.105937544,97.33874028897154,752379
4214,PA,NIAAA,888178.7634314633,2135716.753223973,7.549519489167438,752379
4214,PA,NIAID,7756321.763431916,18650869.639753014,65.92873498917129,752379
4214,PA,NIAMS,1171202.326869569,2816275.8826233256,9.955219778391337,752379
4214,PA,NIBIB,612438.8790758826,1472671.9757570578,5.205730472145002,752379
4214,PA,NICHD,2531797.24910497,6087965.647578898,21.520276617392245,752379
4214,PA,NIDA,2836556.724645459,6820791.002579405,24.110732159486403,752379
4214,PA,NIDCD,873106.2175715113,2099473.2738342294,7.421402849357846,752379
4214,PA,NIDCR,1046704.4576458352,2516908.01211205,8.8969878899896,752379
4214,PA,NIDDK,4951550.407671229,11906509.810299546,42.088178465205445,752379
4214,PA,NIEHS,1100988.098165008,2647438.58237121,9.358398834402568,752379
4214,PA,NIGMS,5239348.501832855,12598549.787558408,44.534462265579265,752379
4214,PA,NIMH,6142328.031679996,14769856.498678237,52.20978826927997,752379
4214,PA,NIMHD,280152.6481750614,673655.7197741535,2.381297509488022,752379
4214,PA,NINDS,4757046.948058339,11438806.331722368,40.43489905849588,752379
4214,PA,NINR,362235.72697865515,871032.8850192967,3.0790036793185687,752379
4214,PA,NLM,267175.701514541,642451.3231710525,2.2709934628735984,752379
4214,PA,OD,4783395.660044272,11502164.506823087,40.658863110376316,752379
4215,PA,FIC,232254.06092379527,558478.6636902371,1.9741595178522597,758111
4215,PA,NCATS,767342.7126824815,1845154.1000695927,6.522413057801093,758111
4215,PA,NCCIH,151042.69603935268,363197.62379485683,1.283862916334498,758111
4215,PA,NCI,5409992.028748973,13008879.615594318,45.98493224436627,758111
4215,PA,NEI,592222.7035036016,1424060.1122071706,5.033892979780614,758111
4215,PA,NHGRI,1725596.22805346,4149372.767386882,14.66756793845441,758111
4215,PA,NHLBI,6274383.884021039,15087398.313252144,53.332263014178835,758111
4215,PA,NIA,10199975.554526653,24526885.31992642,86.69979221347656,758111
4215,PA,NIAAA,2300828.2329008323,5532577.00545798,19.557039979657073,758111
4215,PA,NIAID,8304959.643208113,19970125.58183873,70.59215696726896,758111
4215,PA,NIAMS,1413884.3060334683,3399829.543153834,12.018016601284481,758111
4215,PA,NIBIB,2392544.770003418,5753118.807291768,20.336630545029053,758111
4215,PA,NICHD,6894530.252018759,16578603.73508267,58.60350714215945,758111
4215,PA,NIDA,4175213.9967699912,10039729.442241931,35.48931897254492,758111
4215,PA,NIDCD,609587.9204092319,1465816.5538107022,5.181497323478471,758111
4215,PA,NIDCR,1548773.794327606,3724185.125436149,13.164577251784651,758111
4215,PA,NIDDK,6291247.649739779,15127948.9641468,53.475605022788116,758111
4215,PA,NIEHS,1562905.0447675127,3758165.163634666,13.284692880523858,758111
4215,PA,NIGMS,16396331.326914553,39426657.05157297,139.3688162787737,758111
4215,PA,NIMH,5508648.131729417,13246108.313935496,46.82350911970004,758111
4215,PA,NIMHD,483135.949820973,1161749.8465409449,4.10665557347827,758111
4215,PA,NINDS,4492288.101736599,10802166.58425871,38.18444886476109,758111
4215,PA,NINR,127096.79262399339,305617.2478605336,1.0803227373039437,758111
4215,PA,NLM,163352.24773584027,392797.2008904578,1.3884941057546423,758111
4215,PA,OD,3089761.0032909433,7429646.609306463,26.26296852797302,758111
4216,PA,FIC,52602.50817391021,126488.11544939634,0.4471213194782368,758988
4216,PA,NCATS,1141552.6608043674,2744980.2255437765,9.703197616837123,758988
4216,PA,NCCIH,68326.32775420125,164297.6491659611,0.5807737859107106,758988
4216,PA,NCI,3992905.3276920435,9601349.585800134,33.93969528538237,758988
4216,PA,NEI,793584.4437330692,1908255.028560395,6.7454677717310885,758988
4216,PA,NHGRI,199598.4002552802,479954.7848846991,1.6965864021698818,758988
4216,PA,NHLBI,4344449.953834535,10446674.624486798,36.92782460759354,758988
4216,PA,NIA,6557127.1767840255,15767283.503123853,55.73558100266422,758988
4216,PA,NIAAA,541536.9157051573,1302180.947101636,4.6030637834938375,758988
4216,PA,NIAID,4338461.032573423,10432273.650271116,36.8769187768741,758988
4216,PA,NIAMS,660235.0741219159,1587602.8193023289,5.611998130036285,758988
4216,PA,NIBIB,373338.0229160643,897729.4920639943,3.1733731947865467,758988
4216,PA,NICHD,1556396.2096936237,3742514.0034362725,13.229367782395801,758988
4216,PA,NIDA,1621209.6110134535,3898364.4613974537,13.780281693614354,758988
4216,PA,NIDCD,500037.7951105556,1202392.063661628,4.2503212584397225,758988
4216,PA,NIDCR,629297.9820806052,1513211.4146785706,5.3490328476851445,758988
4216,PA,NIDDK,2968112.6923736343,7137130.793432035,25.22895788517589,758988
4216,PA,NIEHS,585744.8971872638,1408483.5638325028,4.9788316260917425,758988
4216,PA,NIGMS,2610216.824994553,6276533.545060523,22.1868430124537,758988
4216,PA,NIMH,3523755.203129336,8473230.087722305,29.951919226599355,758988
4216,PA,NIMHD,184147.09052992964,442800.5290092375,1.565250269504402,758988
4216,PA,NINDS,2770308.007980012,6661489.181946647,23.5476180678301,758988
4216,PA,NINR,206010.9778256021,495374.48406256805,1.751093311517618,758988
4216,PA,NLM,153567.10576762902,369267.82539239526,1.3053203990248468,758988
4216,PA,OD,2642500.543385525,6354163.0505866185,22.46125461877696,758988
4217,PA,FIC,263471.97294085554,633545.328691232,2.239511769997272,753416
4217,PA,NCATS,6440003.26352772,15485647.06455577,54.74002773998562,753416
4217,PA,NCCIH,377210.6891771571,907041.7145061372,3.2062908580058354,753416
4217,PA,NCI,20390867.306161717,49031927.70595561,173.3223721023746,753416
4217,PA,NEI,4747141.814038682,11414988.42305387,40.3507054193288,753416
4217,PA,NHGRI,1012607.9040275037,2434919.3587146983,8.60716718423378,753416
4217,PA,NHLBI,24022401.165776774,57764322.60573356,204.19040990910258,753416
4217,PA,NIA,37532072.78099853,90249710.8936848,319.0226186384875,753416
4217,PA,NIAAA,2751594.0409786724,6616489.532676013,23.388549348318715,753416
4217,PA,NIAID,25134176.278584287,60437699.669002764,213.64049836796644,753416
4217,PA,NIAMS,3540623.1357562286,8513790.758374153,30.095296653927942,753416
4217,PA,NIBIB,1867440.6836254175,4490452.280419328,15.87324581081605,753416
4217,PA,NICHD,9644392.873595152,23190929.892572794,81.9773394255588,753416
4217,PA,NIDA,9283680.57479937,22323560.24656174,78.91128488579464,753416
4217,PA,NIDCD,3085108.8448549705,7418460.018138743,26.22342518126725,753416
4217,PA,NIDCR,3350482.68051214,8056578.570411533,28.47910278435319,753416
4217,PA,NIDDK,16057332.82519031,38611500.45330765,136.48732901411762,753416
4217,PA,NIEHS,3550176.40565788,8536762.573753074,30.17649944809198,753416
4217,PA,NIGMS,12216355.952430105,29375478.389228202,103.83902559565588,753416
4217,PA,NIMH,20556353.376615502,49429855.90199565,174.72900370123176,753416
4217,PA,NIMHD,904542.2360867078,2175064.3982360065,7.688609006737016,753416
4217,PA,NINDS,16380346.979631392,39388221.052326486,139.23294932686684,753416
4217,PA,NINR,1236021.317503458,2972139.7806623005,10.506181198779393,753416
4217,PA,NLM,923525.8386080164,2220712.41371508,7.8499696281681395,753416
4217,PA,OD,16795664.201476928,40386893.825328894,142.7631457125539,753416
4401,RI,FIC,521674.4876303345,1085635.2447294635,3.8603912084644754,555745
4401,RI,NCATS,504921.3207885801,1050770.9206816107,3.736417773835493,555745
4401,RI,NCCIH,1760477.3524153112,3663656.756556594,13.027532407873304,555745
4401,RI,NCI,6137651.289998232,12772812.77554636,45.41861954598692,555745
4401,RI,NEI,2031221.6597901653,4227091.559993428,15.031040282447224,555745
4401,RI,NHGRI,624984.3281622957,1300629.0898728997,4.624884028400989,555745
4401,RI,NHLBI,10555351.529468792,21966306.408720825,78.10960131806907,555745
4401,RI,NIA,24868015.713415403,51751801.104179606,184.02331627927398,555745
4401,RI,NIAAA,6572495.154445874,13677748.394198358,48.63646414289946,555745
4401,RI,NIAID,9933088.558583774,20671340.623156965,73.50485533351993,555745
4401,RI,NIAMS,1595992.9970958561,3321355.153592368,11.810348178509336,555745
4401,RI,NIBIB,912060.7883446566,1898052.0624277547,6.749249833750459,555745
4401,RI,NICHD,7872137.893061644,16382381.256363187,58.25382040865617,555745
4401,RI,NIDA,9347082.086033477,19451826.73983476,69.16840743664773,555745
4401,RI,NIDCD,1400761.9039805052,2915067.783635195,10.36563808945574,555745
4401,RI,NIDCR,401416.06259015185,835370.3998981157,2.970478863167124,555745
4401,RI,NIDDK,5836339.311791612,12145764.853984857,43.18891090725793,555745
4401,RI,NIEHS,3205837.9815545306,6671537.106361619,23.723201063503527,555745
4401,RI,NIGMS,21461128.706476964,44661869.16914477,158.81235242792954,555745
4401,RI,NIMH,13420971.758304013,27929830.39197096,99.3151910114497,555745
4401,RI,NIMHD,1859435.7996774483,3869595.096764648,13.759824917613118,555745
4401,RI,NINDS,6511670.1346683055,13551167.956017746,48.186358996545465,555745
4401,RI,NINR,785528.5284849219,1634730.9988983152,5.812911110788423,555745
4401,RI,NLM,99649.2640137538,207375.97043722458,0.7374045537017782,555745
4401,RI,OD,6583213.864838324,13700054.659994392,48.715782599803596,555745
4402,RI,FIC,355911.85533392674,740673.4723078243,2.633747729471058,556563
4402,RI,NCATS,390072.6452450305,811764.0822468955,2.886537574813226,556563
4402,RI,NCCIH,1242465.7696857296,2585644.2320341566,9.1942466956744,556563
4402,RI,NCI,4565968.869909183,9502049.360373452,33.788169637327954,556563
4402,RI,NEI,1238755.2452220474,2577922.4127201578,9.166788814643152,556563
4402,RI,NHGRI,504484.43624474824,1049861.7382893187,3.733184828211137,556563
4402,RI,NHLBI,9400868.874393042,19563760.20510578,69.56642967050851,556563
4402,RI,NIA,16023265.415214555,33345356.314871643,118.57216407258771,556563
4402,RI,NIAAA,4594739.424345572,9561922.573741486,34.00107174015723,556563
4402,RI,NIAID,8043795.614365443,16739611.055205502,59.52408754630428,556563
4402,RI,NIAMS,1405673.7972562017,2925289.7219988443,10.401986099695893,556563
4402,RI,NIBIB,714454.542287307,1486821.8597145278,5.286963612926072,556563
4402,RI,NICHD,6318456.792993546,13149079.64530336,46.75658026815225,556563
4402,RI,NIDA,6984037.210374821,14534191.58089582,51.68187535677368,556563
4402,RI,NIDCD,868645.9569931135,1807703.2487962558,6.42798008174904,556563
4402,RI,NIDCR,490546.3640712549,1020855.7915659861,3.6300430941272865,556563
4402,RI,NIDDK,4257314.111900193,8859720.682829514,31.504124428061427,556563
4402,RI,NIEHS,3011252.863935395,6266594.0493477695,22.283271193121927,556563
4402,RI,NIGMS,18217694.9929972,37912093.13679152,134.81094294817927,556563
4402,RI,NIMH,9105751.927340584,18949604.507186852,67.38256426232033,556563
4402,RI,NIMHD,1627048.1800044863,3385982.812978732,12.0401565320332,556563
4402,RI,NINDS,5710045.383534059,11882939.772515872,42.25433583815204,556563
4402,RI,NINR,802541.3676014778,1670135.716199601,5.938806120250936,556563
4402,RI,NLM,67678.8639594811,140843.6904235355,0.5008235933001601,556563
4402,RI,OD,5586381.837447061,11625588.670816215,41.33922559710825,556563
4501,SC,FIC,13621.233315667974,39387.01531671739,0.14029870315138016,797468
4501,SC,NCATS,3831656.424606181,11079577.508650977,39.46606117344367,797468
4501,SC,NCCIH,101029.62321325442,292136.19829604245,1.0406051190965206,797468
4501,SC,NCI,16230948.174245734,46933239.415884174,167.17876619473108,797468
4501,SC,NEI,840012.4019863053,2428971.0466386415,8.652127740458946,797468
4501,SC,NHGRI,67044.87703499434,193866.26287703804,0.6905622334604418,797468
4501,SC,NHLBI,5921310.413623321,17121999.054825153,60.98949726032021,797468
4501,SC,NIA,6103679.414816425,17649335.344926354,62.867897972609185,797468
4501,SC,NIAAA,5958011.920035185,17228124.745626435,61.367522776362414,797468
4501,SC,NIAID,1965580.342208684,5683651.49107025,20.245477524749447,797468
4501,SC,NIAMS,2411218.72873726,6972254.773104077,24.835552905993783,797468
4501,SC,NIBIB,213566.58811229983,617546.9050546633,2.1997358575566883,797468
4501,SC,NICHD,2687621.5166144953,7771498.174006808,27.682501621129305,797468
4501,SC,NIDA,10766747.161787422,31133013.10864072,110.89749576641046,797468
4501,SC,NIDCD,3838117.1792060724,11098259.358853979,39.53260694582255,797468
4501,SC,NIDCR,1816322.7942250022,5252059.931603546,18.708124780517526,797468
4501,SC,NIDDK,5106494.051669304,14765884.613140987,52.59688873219384,797468
4501,SC,NIEHS,327590.9574882382,947258.5749901023,3.3741868621288535,797468
4501,SC,NIGMS,8541014.799893657,24697108.767439414,87.97245243890468,797468
4501,SC,NIMH,1570460.732930061,4541127.775197071,16.17574554917963,797468
4501,SC,NIMHD,1014046.1448892388,2932205.191336746,10.444675292359161,797468
4501,SC,NINDS,3689521.1818323024,10668580.7321887,38.00206817287272,797468
4501,SC,NINR,551502.6562602407,1594719.293468559,5.68047735948048,797468
4501,SC,NLM,812550.0917596106,2349561.318571868,8.36926594512399,797468
4501,SC,OD,3748994.170249795,10840552.20139746,38.6146399535729,797468
4502,SC,FIC,165766.051085272,479327.3737978834,1.7073903261783017,764414
4502,SC,NCATS,68599.05154316328,198360.2975756207,0.7065702308945819,764414
4502,SC,NCCIH,239399.97107931125,692246.4441510177,2.465819702116906,764414
4502,SC,NCI,3473430.988395961,10043736.596461317,35.7763391804784,764414
4502,SC,NEI,860976.3191325092,2489590.0894668815,8.868056087064845,764414
4502,SC,NHGRI,27727.28259127269,80175.91937561298,0.2855910106901088,764414
4502,SC,NHLBI,5419306.361597411,15670409.405930787,55.81885552445334,764414
4502,SC,NIA,3536370.955085602,10225733.14365995,36.42462083738171,764414
4502,SC,NIAAA,486484.12474032136,1406712.3900187921,5.010786484825311,764414
4502,SC,NIAID,3028933.857354928,8758433.35681913,31.19801873075576,764414
4502,SC,NIAMS,302651.6467809172,875144.3258576291,3.1173119618434475,764414
4502,SC,NIBIB,65953.94011649404,190711.72113160603,0.6793255831998887,764414
4502,SC,NICHD,1456879.9852842554,4212698.877201194,15.005863848427833,764414
4502,SC,NIDA,1447061.7618396655,4184308.6053195577,14.904736146948556,764414
4502,SC,NIDCD,2258574.831418569,6530871.281436025,23.263320763611265,764414
4502,SC,NIDCR,222280.63707078257,642744.3575792884,2.289490561829061,764414
4502,SC,NIDDK,3899571.5541118314,11275960.184439884,40.16558700735187,764414
4502,SC,NIEHS,581197.5685783703,1680584.790314385,5.986334956357214,764414
4502,SC,NIGMS,8312752.946838663,24037069.18848603,85.62135535243824,764414
4502,SC,NIMH,1652919.288537181,4779564.069284789,17.025068671932967,764414
4502,SC,NIMHD,609725.6027919077,1763076.1546779897,6.28017370875665,764414
4502,SC,NINDS,1889538.0670899805,5463768.446311499,19.462242091026802,764414
4502,SC,NINR,618637.9672010386,1788847.0540786206,6.371971062170698,764414
4502,SC,NLM,20734.05101130147,59954.364324731694,0.2135607254164052,764414
4502,SC,OD,1770789.2706847975,5120395.672755617,18.23912948805342,764414
4503,SC,FIC,21760.743234324847,62923.13678289535,0.22413565531354596,766747
4503,SC,NCATS,46316.115480855515,133927.1934911312,0.47705598945281186,766747
4503,SC,NCCIH,28651.346335869854,82847.93240252491,0.2951088672594595,766747
4503,SC,NCI,1681444.7659086967,4862048.0403108345,17.318881088859577,766747
4503,SC,NEI,183366.77019988064,530221.4284907815,1.888677733058771,766747
4503,SC,NHGRI,9748.65560557287,28189.110248367542,0.10041115273740057,766747
4503,SC,NHLBI,3039460.7094630767,8788872.691908088,31.306445307469694,766747
4503,SC,NIA,1572390.44010482,4546707.696213591,16.19562153307965,766747
4503,SC,NIAAA,325030.13099389174,939853.7159719209,3.3478103492370854,766747
4503,SC,NIAID,3149679.5066512967,9107580.209240537,32.44169891850836,766747
4503,SC,NIAMS,177890.52103406738,514386.36386972805,1.8322723666508942,766747
4503,SC,NIBIB,209553.6660444965,605943.1817143138,2.1584027602583142,766747
4503,SC,NICHD,308577.8031563319,892280.3374447175,3.178351372510219,766747
4503,SC,NIDA,1081880.6205473437,3128354.6493064594,11.143370391637642,766747
4503,SC,NIDCD,310756.8077275627,898581.1241967911,3.200795119593896,766747
4503,SC,NIDCR,1026377.2492358595,2967861.683264957,10.571685667129355,766747
4503,SC,NIDDK,1513754.765404224,4377157.394561983,15.59167408366351,766747
4503,SC,NIEHS,239772.4218571326,693323.4189117319,2.469655945128466,766747
4503,SC,NIGMS,11013556.571522519,31846684.607855435,113.43963268668196,766747
4503,SC,NIMH,266399.9957649568,770319.4321984381,2.7439199563790555,766747
4503,SC,NIMHD,145966.04150232577,422073.8738657144,1.5034502274739556,766747
4503,SC,NINDS,777589.1029636277,2248468.4902439774,8.009167760525367,766747
4503,SC,NINR,154058.4775803164,445473.8771082066,1.586802319077259,766747
4503,SC,NLM,280163.4503467603,810117.6930358675,2.885683538571631,766747
4503,SC,OD,781531.2509604365,2259867.5640233303,8.049771884892497,766747
4504,SC,FIC,11259.055538913142,32556.56684573843,0.11596827205080538,810387
4504,SC,NCATS,56627.802225632695,163744.35867327047,0.5832663629240168,810387
4504,SC,NCCIH,16265.520735265553,47033.209070530604,0.16753486357323522,810387
4504,SC,NCI,3261570.992577295,9431124.455774238,33.594181223546144,810387
4504,SC,NEI,26195.321980172954,75746.11814868684,0.26981181639578145,810387
4504,SC,NHGRI,16175.775091317126,46773.70150826461,0.16661048344056642,810387
4504,SC,NHLBI,732961.8182308619,2119424.702021725,7.549506727777879,810387
4504,SC,NIA,386590.44916849886,1117860.8860022759,3.981881626435539,810387
4504,SC,NIAAA,99909.27531044823,288896.6120570253,1.0290655356976168,810387
4504,SC,NIAID,2278732.060481383,6589157.71346758,23.470940222958248,810387
4504,SC,NIAMS,173764.69977768822,502456.1824204372,1.789776407710189,810387
4504,SC,NIBIB,50517.41962975368,146075.64048032556,0.5203294221864629,810387
4504,SC,NICHD,162618.37775320315,470225.59462201304,1.6749692908579927,810387
4504,SC,NIDA,275817.5898986795,797551.2485689055,2.8409211759563995,810387
4504,SC,NIDCD,155330.77186824576,449152.8299199468,1.5999069502429315,810387
4504,SC,NIDCR,120444.5657692655,348276.24245395255,1.2405790274234347,810387
4504,SC,NIDDK,630382.615921375,1822807.7570720317,6.492940943990163,810387
4504,SC,NIEHS,115451.1434537774,333837.3148865979,1.1891467775739075,810387
4504,SC,NIGMS,2021080.6100301826,5844135.483092678,20.817130283310885,810387
4504,SC,NIMH,152150.9710536076,439958.1512526192,1.5671550018521583,810387
4504,SC,NIMHD,54328.484025753,157095.67429514613,0.559583385465256,810387
4504,SC,NINDS,206996.58218909302,598549.1448716251,2.1320647965476582,810387
4504,SC,NINR,53712.4914034371,155314.4764925776,0.5532386614554022,810387
4504,SC,NLM,33945.68888834923,98156.9977693586,0.3496405955499971,810387
4504,SC,OD,391542.23055421206,1132179.4050940662,4.032884974708384,810387
4505,SC,FIC,24675.980045792967,71352.80495494533,0.2541625944716676,782718
4505,SC,NCATS,123421.98838573354,356885.7264471732,1.2712464803730557,782718
4505,SC,NCCIH,47331.806120130874,136864.15388517783,0.48751760303734804,782718
4505,SC,NCI,1391582.7179558366,4023885.9842125755,14.333301994945119,782718
4505,SC,NEI,53500.26105897848,154700.7934556496,0.5510526889074784,782718
4505,SC,NHGRI,35260.35332348815,101958.46765414494,0.363181639231928,782718
4505,SC,NHLBI,1159821.178132204,3353726.7477241014,11.946158134761705,782718
4505,SC,NIA,716279.1239682011,2071185.198357125,7.3776749768724725,782718
4505,SC,NIAAA,166656.22646694907,481901.3955901942,1.7165591326095757,782718
4505,SC,NIAID,985627.0971356848,2850028.9710771446,10.151959100497555,782718
4505,SC,NIAMS,99251.1092571742,286993.46600405895,1.0222864253488944,782718
4505,SC,NIBIB,51233.62000162559,148146.59795994748,0.5277062860167436,782718
4505,SC,NICHD,337549.07668189204,976053.3679516902,3.4767554898234883,782718
4505,SC,NIDA,394353.55833884334,1140308.6110145182,4.061841650890087,782718
4505,SC,NIDCD,331399.69858979527,958271.890791094,3.413416895474892,782718
4505,SC,NIDCR,122184.9642314023,353308.7603836267,1.2585051315834437,782718
4505,SC,NIDDK,570966.6824376753,1651001.2673111022,5.880956829108056,782718
4505,SC,NIEHS,205973.5345278602,595590.9109900896,2.1215274056369604,782718
4505,SC,NIGMS,1812478.6468892943,5240944.235507431,18.668530062959732,782718
4505,SC,NIMH,295215.3122202765,853641.49887769,3.0407177158688485,782718
4505,SC,NIMHD,111671.88154977668,322909.24082391063,1.1502203799627,782718
4505,SC,NINDS,365302.88102558727,1056305.9773482936,3.7626196745635494,782718
4505,SC,NINR,132462.47385326333,383027.0993557904,1.3643634806886125,782718
4505,SC,NLM,19692.960883805703,56943.95903708479,0.20283749710319876,782718
4505,SC,OD,730995.2083568674,2113738.0735473465,7.529250646075735,782718
4506,SC,FIC,123145.13980237422,356085.1939887326,1.2683949399644547,762934
4506,SC,NCATS,2638557.5834375275,7629625.419700722,27.177143109406536,762934
4506,SC,NCCIH,225786.03334464083,652880.5246597544,2.325596143449801,762934
4506,SC,NCI,12888752.717452416,37268982.10544208,132.75415298975992,762934
4506,SC,NEI,586282.8764917521,1695289.4133123774,6.0387136278650475,762934
4506,SC,NHGRI,61119.23017894803,176731.72461080848,0.6295280708431649,762934
4506,SC,NHLBI,5692345.2869573375,16459925.89727826,58.63115645566059,762934
4506,SC,NIA,5671350.409092928,16399217.328762153,58.41490921365717,762934
4506,SC,NIAAA,4346881.6673783455,12569397.41396632,44.772881173996964,762934
4506,SC,NIAID,3189664.2928894074,9223199.797533222,32.8535422167609,762934
4506,SC,NIAMS,1764272.2494994274,5101551.122684495,18.172004169844104,762934
4506,SC,NIBIB,175145.5072628141,506448.91085447214,1.8039987248069853,762934
4506,SC,NICHD,2777342.4715728965,8030934.345848327,28.606627457200837,762934
4506,SC,NIDA,8260382.670606368,23885635.84729735,85.0819415072456,762934
4506,SC,NIDCD,4119957.0504761864,11913224.573039746,42.43555761990473,762934
4506,SC,NIDCR,1268914.7842787127,3669180.6744478983,13.069822278070742,762934
4506,SC,NIDDK,5384958.094073075,15571088.3160022,55.46506836895268,762934
4506,SC,NIEHS,640315.4131875531,1851529.3294138545,6.595248755831797,762934
4506,SC,NIGMS,10940468.054669196,31635342.61950063,112.68682096309273,762934
4506,SC,NIMH,2090694.5721342545,6045430.485395926,21.534154092982824,762934
4506,SC,NIMHD,1043208.1459095767,3016529.7274661567,10.745043902868641,762934
4506,SC,NINDS,3298755.7273092186,9538647.444514891,33.97718399128495,762934
4506,SC,NINR,797818.7783860923,2306964.407408859,8.217533417376751,762934
4506,SC,NLM,564092.930431984,1631125.1981434107,5.810157183449436,762934
4506,SC,OD,3630263.771521851,10497232.62637202,37.39171684667507,762934
4507,SC,FIC,15572.735221491452,45029.957748872854,0.16039917278136198,794163
4507,SC,NCATS,188530.62147732003,545153.1666560625,1.9418654012163965,794163
4507,SC,NCCIH,28229.805118474225,81629.0082418844,0.29076699272028456,794163
4507,SC,NCI,772238.6488762585,2232997.1733516813,7.954058083425464,794163
4507,SC,NEI,62085.268481728235,179525.11082968873,0.6394782653618009,794163
4507,SC,NHGRI,32046.107183861648,92664.1872465444,0.33007490399377504,794163
4507,SC,NHLBI,649450.724043931,1877944.8984217837,6.68934245765249,794163
4507,SC,NIA,493445.56235071213,1426842.009960875,5.082489292212336,794163
4507,SC,NIAAA,187790.74226094666,543013.7396781618,1.9342446452877509,794163
4507,SC,NIAID,701134.420531334,2027392.9328249802,7.221684531472741,794163
4507,SC,NIAMS,130934.73167077257,378609.49609276257,1.3486277362089576,794163
4507,SC,NIBIB,27417.99604136297,79281.58963349363,0.28240535922603865,794163
4507,SC,NICHD,249124.01198475694,720364.3787908,2.565977323442997,794163
4507,SC,NIDA,393879.20824344084,1138936.9852564002,4.056955844907441,794163
4507,SC,NIDCD,250466.79608809415,724247.1592130655,2.57980799970737,794163
4507,SC,NIDCR,64377.62534999905,186153.66589438386,0.6630895411049903,794163
4507,SC,NIDDK,431444.3953116606,1247560.0859802843,4.443877271710105,794163
4507,SC,NIEHS,77064.31758047585,222838.37201607507,0.7937624710789014,794163
4507,SC,NIGMS,934065.9769605099,2700935.377052092,9.620879562693252,794163
4507,SC,NIMH,208686.66922137287,603436.1827986843,2.1494726929801407,794163
4507,SC,NIMHD,78461.49203423226,226878.42700484986,0.8081533679525924,794163
4507,SC,NINDS,277769.4221036261,803195.1460905392,2.861025047667349,794163
4507,SC,NINR,69168.56634497215,200007.10060014133,0.7124362333532132,794163
4507,SC,NLM,20677.142051848667,59789.80697477075,0.21297456313404128,794163
4507,SC,OD,449597.85549377894,1300052.4409436241,4.630857911585924,794163
4600,SD,FIC,2713.977158481747,8471.755088455177,0.022526010415398503,924669
4600,SD,NCATS,87334.10268710708,272615.8274851016,0.7248730523029888,924669
4600,SD,NCCIH,14105.592579404802,44030.99905862818,0.11707641840905986,924669
4600,SD,NCI,1995966.2858979146,6230464.204938281,16.566520172952693,924669
4600,SD,NEI,45191.14137893637,141065.40312383263,0.3750864734451719,924669
4600,SD,NHGRI,172384.6419372172,538103.4482692996,1.430792528078903,924669
4600,SD,NHLBI,1603594.4323682995,5005664.564927435,13.309833788656885,924669
4600,SD,NIA,1133921.454205421,3539567.317120394,9.411548069904995,924669
4600,SD,NIAAA,508191.7846858613,1586334.7723353796,4.217991812892649,924669
4600,SD,NIAID,1001147.3961938514,3125109.406869001,8.309523388408966,924669
4600,SD,NIAMS,50575.54937772138,157872.98225892888,0.41977705983508745,924669
4600,SD,NIBIB,59693.351376638435,186334.45447082623,0.495454816426099,924669
4600,SD,NICHD,827202.0049335969,2582134.0362336934,6.865776640948854,924669
4600,SD,NIDA,463695.2632333306,1447437.6446068203,3.848670684836644,924669
4600,SD,NIDCD,28190.160992456404,87996.37059798023,0.23397833623738815,924669
4600,SD,NIDCR,201204.15797248695,628064.3681155061,1.6699945111716417,924669
4600,SD,NIDDK,803063.6539458346,2506785.5031156433,6.665428327750427,924669
4600,SD,NIEHS,218227.35511063828,681202.7508488327,1.8112870474182978,924669
4600,SD,NIGMS,12019741.466150798,37519956.86829711,99.76385416905163,924669
4600,SD,NIMH,1218001.5616540748,3802025.708079907,10.109412961728822,924669
4600,SD,NIMHD,428964.3960307829,1339024.2778877562,3.5604044870554983,924669
4600,SD,NINDS,437599.5731858544,1365979.223243344,3.632076457442592,924669
4600,SD,NINR,87580.64062541894,273385.40250781813,0.7269193171909771,924669
4600,SD,NLM,6388.047938321799,19940.469085247558,0.05302079788807093,924669
4600,SD,OD,6328116.407544364,19753391.14716105,52.523366182618226,924669
4701,TN,FIC,6198.48032930361,16686.312047080904,0.06198480329303611,797902
4701,TN,NCATS,95969.93562250068,258351.11315344367,0.9596993562250069,797902
4701,TN,NCCIH,5708.920726927761,15368.417360496323,0.05708920726927762,797902
4701,TN,NCI,497411.85563178844,1339032.9561507325,4.974118556317885,797902
4701,TN,NEI,245891.9793166767,661941.3273532805,2.4589197931667672,797902
4701,TN,NHGRI,57802.177188902315,155603.48897373147,0.5780217718890232,797902
4701,TN,NHLBI,1646627.392028433,4432721.736449288,16.466273920284333,797902
4701,TN,NIA,860748.142734318,2317134.4169166368,8.607481427343181,797902
4701,TN,NIAAA,100784.92765580739,271313.07403797406,1.007849276558074,797902
4701,TN,NIAID,1318989.1754154414,3550719.4987221444,13.189891754154415,797902
4701,TN,NIAMS,36753.84065493539,98941.35683509414,0.36753840654935394,797902
4701,TN,NIBIB,78983.6952445943,212624.14583332394,0.7898369524459431,797902
4701,TN,NICHD,109281.13134773486,294184.85848953336,1.0928113134773487,797902
4701,TN,NIDA,707040.4772142365,1903353.3069288973,7.070404772142366,797902
4701,TN,NIDCD,297980.7631424664,802164.358627741,2.9798076314246646,797902
4701,TN,NIDCR,94004.22944978108,253059.4311849123,0.9400422944978108,797902
4701,TN,NIDDK,394591.83072729415,1062241.3993341317,3.9459183072729416,797902
4701,TN,NIEHS,54828.70090830848,147598.88938695556,0.5482870090830848,797902
4701,TN,NIGMS,1367562.4890557344,3681478.8825554587,13.675624890557344,797902
4701,TN,NIMH,223533.14643572914,601751.3384141788,2.2353314643572917,797902
4701,TN,NIMHD,27633.442546300925,74389.24071159601,0.2763344254630093,797902
4701,TN,NINDS,493700.5450895105,1329042.106374328,4.937005450895105,797902
4701,TN,NINR,34178.20136210397,92007.73461196186,0.34178201362103977,797902
4701,TN,NLM,8903.357892909149,23967.843757699517,0.0890335789290915,797902
4701,TN,OD,395509.3793567422,1064711.4406887782,3.955093793567422,797902
4702,TN,FIC,7865.84056036022,21174.846596230513,0.0786584056036022,813928
4702,TN,NCATS,119990.82911135956,323015.37005362246,1.1999082911135956,813928
4702,TN,NCCIH,5784.82207107421,15572.743815681317,0.0578482207107421,813928
4702,TN,NCI,981585.9686737793,2642429.902841528,9.815859686737793,813928
4702,TN,NEI,156192.15539054814,420469.35792174184,1.5619215539054816,813928
4702,TN,NHGRI,73667.82878741401,198313.83075725974,0.7366782878741401,813928
4702,TN,NHLBI,587749.5652088742,1582222.1140634392,5.877495652088743,813928
4702,TN,NIA,542306.9172684868,1459890.483809781,5.423069172684868,813928
4702,TN,NIAAA,67694.11412553275,182232.58799568567,0.6769411412553276,813928
4702,TN,NIAID,2699939.638186406,7268238.812999929,26.99939638186406,813928
4702,TN,NIAMS,183856.68294408268,494942.2794878586,1.838566829440827,813928
4702,TN,NIBIB,487802.2372709226,1313163.858871403,4.878022372709226,813928
4702,TN,NICHD,313239.923038949,843242.024455813,3.1323992303894905,813928
4702,TN,NIDA,610997.7527793995,1644806.246257408,6.109977527793996,813928
4702,TN,NIDCD,99943.54663283312,269048.07591682684,0.9994354663283314,813928
4702,TN,NIDCR,16658.35421310968,44844.29760576204,0.1665835421310968,813928
4702,TN,NIDDK,1307864.9771958431,3520773.151729921,13.078649771958432,813928
4702,TN,NIEHS,211617.63895156115,569674.786498672,2.1161763895156116,813928
4702,TN,NIGMS,4237492.079917495,11407330.730447145,42.37492079917495,813928
4702,TN,NIMH,404519.7302090077,1088967.3095448588,4.045197302090077,813928
4702,TN,NIMHD,38598.476922887545,103907.11856138335,0.3859847692288755,813928
4702,TN,NINDS,219596.77127075312,591154.6145645204,2.195967712707531,813928
4702,TN,NINR,371426.88159292156,999881.3450505806,3.714268815929216,813928
4702,TN,NLM,11807.495743245348,31785.784256656123,0.1180749574324535,813928
4702,TN,OD,552199.5419088054,1486521.4341303967,5.5219954190880545,813928
4703,TN,FIC,10208.828849452557,27482.17220467417,0.10208828849452557,809872
4703,TN,NCATS,159137.22020718036,428397.4738337795,1.5913722020718037,809872
4703,TN,NCCIH,8493.553680877934,22864.650620531134,0.08493553680877935,809872
4703,TN,NCI,890078.5890618787,2396091.9926288794,8.900785890618788,809872
4703,TN,NEI,107650.22729684766,289794.4639950477,1.0765022729684768,809872
4703,TN,NHGRI,90065.71652915976,242456.95249602202,0.9006571652915977,809872
4703,TN,NHLBI,674344.2712936929,1815335.1047630284,6.743442712936929,809872
4703,TN,NIA,522117.5154617665,1405540.6043726897,5.221175154617666,809872
4703,TN,NIAAA,53397.684261626746,143746.59188135367,0.5339768426162675,809872
4703,TN,NIAID,997131.9650221933,2684279.732537053,9.971319650221934,809872
4703,TN,NIAMS,69255.64517352321,186436.2303327908,0.6925564517352322,809872
4703,TN,NIBIB,131294.28541636007,353444.27989852516,1.3129428541636008,809872
4703,TN,NICHD,166860.27079455194,449187.929753602,1.6686027079455195,809872
4703,TN,NIDA,177249.12350249165,477154.7262724706,1.7724912350249167,809872
4703,TN,NIDCD,82273.16752424576,221479.4068025321,0.8227316752424576,809872
4703,TN,NIDCR,36752.318248237505,98937.25851552645,0.3675231824823751,809872
4703,TN,NIDDK,435245.5446234878,1171681.216822566,4.352455446234878,809872
4703,TN,NIEHS,95355.9717891145,256698.322216757,0.953559717891145,809872
4703,TN,NIGMS,991566.5555256469,2669297.647478215,9.915665555256469,809872
4703,TN,NIMH,255381.89462908285,687488.18396821,2.5538189462908285,809872
4703,TN,NIMHD,89616.56191616552,241247.8280604122,0.8961656191616553,809872
4703,TN,NINDS,311720.62381316535,839152.0702045322,3.117206238131654,809872
4703,TN,NINR,46936.856449764404,126354.040284226,0.4693685644976441,809872
4703,TN,NLM,17269.437201149987,46489.33330538307,0.1726943720114999,809872
4703,TN,OD,557607.8367746439,1501080.566527312,5.576078367746439,809872
4704,TN,FIC,152465.82989868647,410438.0878937894,1.524658298986865,826508
4704,TN,NCATS,2489714.726256382,6702313.248317435,24.897147262563823,826508
4704,TN,NCCIH,63237.728594687695,170235.99598937834,0.632377285946877,826508
4704,TN,NCI,6513408.279149785,17534098.240518916,65.13408279149785,826508
4704,TN,NEI,1005450.2420832012,2706672.538412045,10.054502420832012,826508
4704,TN,NHGRI,1572328.1077646897,4232708.0272440715,15.723281077646899,826508
4704,TN,NHLBI,5644706.336588305,15195552.190617243,56.44706336588306,826508
4704,TN,NIA,3807843.838365673,10250717.456203079,38.07843838365673,826508
4704,TN,NIAAA,365676.1804089461,984400.4546794866,3.6567618040894616,826508
4704,TN,NIAID,6605121.253993763,17780989.613195844,66.05121253993764,826508
4704,TN,NIAMS,432149.4259772519,1163346.4639281123,4.321494259772519,826508
4704,TN,NIBIB,760950.6951539782,2048479.6397198464,7.609506951539783,826508
4704,TN,NICHD,1393027.5796549134,3750030.9187757345,13.930275796549136,826508
4704,TN,NIDA,702857.9767180954,1892094.0135685967,7.028579767180954,826508
4704,TN,NIDCD,927125.8903230905,2495823.3455581297,9.271258903230905,826508
4704,TN,NIDCR,97635.15173854498,262833.8757439422,0.9763515173854499,826508
4704,TN,NIDDK,4638210.37646345,12486064.578730846,46.3821037646345,826508
4704,TN,NIEHS,281011.1994700941,756482.2850069918,2.810111994700941,826508
4704,TN,NIGMS,3393450.2254285975,9135169.649574455,33.93450225428598,826508
4704,TN,NIMH,2708356.4578308975,7290896.895557363,27.083564578308977,826508
4704,TN,NIMHD,855926.1746351147,2304153.6764593357,8.559261746351147,826508
4704,TN,NINDS,1681226.8854865562,4525863.5895876745,16.812268854865565,826508
4704,TN,NINR,72540.57043682791,195279.25073179233,0.7254057043682792,826508
4704,TN,NLM,205095.13379799432,552116.1994678187,2.0509513379799436,826508
4704,TN,OD,6050278.132823172,16287351.662413003,60.50278132823173,826508
4705,TN,FIC,721997.777662575,1943618.3669764395,7.2199777766257505,835216
4705,TN,NCATS,11783612.061404228,31721489.37357808,117.83612061404229,835216
4705,TN,NCCIH,254020.03936310808,683822.0689329513,2.540200393631081,835216
4705,TN,NCI,28281961.492415473,76135054.0284751,282.81961492415473,835216
4705,TN,NEI,4591730.845247025,12360941.658196153,45.91730845247025,835216
4705,TN,NHGRI,7317539.918270977,19698821.002301782,73.17539918270978,835216
4705,TN,NHLBI,26108426.989014063,70283898.09314157,261.08426989014066,835216
4705,TN,NIA,17335159.52093923,46666257.82207095,173.35159520939231,835216
4705,TN,NIAAA,1648343.5831481398,4437341.723774322,16.483435831481398,835216
4705,TN,NIAID,29477434.74203321,79353268.59515753,294.7743474203321,835216
4705,TN,NIAMS,1856620.9326332198,4998024.449412241,18.5662093263322,835216
4705,TN,NIBIB,3096661.1405970003,8336213.289536449,30.966611405970006,835216
4705,TN,NICHD,6330388.584071465,17041409.132770866,63.303885840714656,835216
4705,TN,NIDA,3011731.4467132855,8107582.512488239,30.117314467132857,835216
4705,TN,NIDCD,4329733.351704788,11655644.278751219,43.29733351704789,835216
4705,TN,NIDCR,377185.56875951745,1015383.7336907547,3.771855687595175,835216
4705,TN,NIDDK,21851263.634263802,58823612.28132204,218.51263634263805,835216
4705,TN,NIEHS,1139925.052043315,3068678.7919220016,11.399250520433151,835216
4705,TN,NIGMS,14780071.59230396,39787959.88130332,147.8007159230396,835216
4705,TN,NIMH,12327559.849905986,33185797.08354215,123.27559849905987,835216
4705,TN,NIMHD,3613156.642071906,9726619.429534974,36.13156642071906,835216
4705,TN,NINDS,7420265.606061183,19975358.60356105,74.20265606061183,835216
4705,TN,NINR,266500.7192268691,717420.0651679144,2.6650071922686913,835216
4705,TN,NLM,957967.5525357871,2578849.1151647163,9.579675525357873,835216
4705,TN,OD,28001953.00442115,75381271.04324628,280.01953004421154,835216
4706,TN,FIC,337377.5541200556,908220.5390108334,3.373775541200556,803181
4706,TN,NCATS,5506737.935585961,14824141.188330403,55.067379355859615,803181
4706,TN,NCCIH,118943.58950619734,320196.20052957203,1.1894358950619734,803181
4706,TN,NCI,13502728.794384789,36349352.450961545,135.0272879438479,803181
4706,TN,NEI,2148607.024894753,5784051.151126575,21.48607024894753,803181
4706,TN,NHGRI,3427977.818633404,9228117.94719611,34.27977818633404,803181
4706,TN,NHLBI,12289255.453278398,33082681.62927807,122.89255453278399,803181
4706,TN,NIA,8156831.626058082,21958194.68595377,81.56831626058083,803181
4706,TN,NIAAA,777868.2964292633,2094021.8305424827,7.778682964292634,803181
4706,TN,NIAID,14021360.916151356,37745510.37381953,140.21360916151357,803181
4706,TN,NIAMS,873425.2405747353,2351261.1704398417,8.734252405747354,803181
4706,TN,NIBIB,1439609.0621408462,3875428.2921772944,14.396090621408463,803181
4706,TN,NICHD,2979992.796353096,8022142.050354384,29.799927963530966,803181
4706,TN,NIDA,1496592.8258188583,4028828.611583527,14.965928258188585,803181
4706,TN,NIDCD,2004294.514642646,5395561.803668283,20.04294514642646,803181
4706,TN,NIDCR,203877.6551765719,548838.7464295855,2.0387765517657193,803181
4706,TN,NIDDK,10164788.908023022,27363616.66102676,101.64788908023023,803181
4706,TN,NIEHS,551223.7972353988,1483894.728997242,5.512237972353988,803181
4706,TN,NIGMS,7142188.914925743,19226776.016411502,71.42188914925744,803181
4706,TN,NIMH,5770833.810740116,15535087.41209042,57.70833810740117,803181
4706,TN,NIMHD,2267743.6364480453,6104766.967100366,22.677436364480453,803181
4706,TN,NINDS,3492360.1290665604,9401435.15804872,34.92360129066561,803181
4706,TN,NINR,126356.12103546491,340150.73899466073,1.2635612103546492,803181
4706,TN,NLM,520722.38972974586,1401784.9252267296,5.207223897297459,803181
4706,TN,OD,13355329.61349375,35952553.78464904,133.5532961349375,803181
4707,TN,FIC,508066.37495103676,1367714.9273158493,5.080663749510368,816216
4707,TN,NCATS,8290915.218765679,22319147.782430567,82.9091521876568,816216
4707,TN,NCCIH,180863.42928388188,486884.4391856068,1.808634292838819,816216
4707,TN,NCI,20319426.91258774,54699907.085029855,203.1942691258774,816216
4707,TN,NEI,3241990.7574709514,8727440.688513111,32.41990757470952,816216
4707,TN,NHGRI,5160717.63730998,13892654.37786799,51.6071763730998,816216
4707,TN,NHLBI,18501516.28585991,49806090.79785403,185.0151628585991,816216
4707,TN,NIA,12291833.033814719,33089620.477329616,122.9183303381472,816216
4707,TN,NIAAA,1173332.3398842446,3158611.226961774,11.733323398842447,816216
4707,TN,NIAID,21046025.4462008,56655910.68925216,210.460254462008,816216
4707,TN,NIAMS,1330841.3930213533,3582625.674254748,13.308413930213534,816216
4707,TN,NIBIB,2181198.9033068735,5871788.503589265,21.811989033068738,816216
4707,TN,NICHD,4453177.231773758,11987955.263654301,44.531772317737584,816216
4707,TN,NIDA,2246857.484143949,6048541.434987051,22.468574841439494,816216
4707,TN,NIDCD,3038759.5129837003,8180342.079972096,30.387595129837006,816216
4707,TN,NIDCR,296699.8196293978,798716.0580704738,2.9669981962939787,816216
4707,TN,NIDDK,15373776.83085404,41386214.67088433,153.7377683085404,816216
4707,TN,NIEHS,829618.7060705676,2233333.958348506,8.296187060705677,816216
4707,TN,NIGMS,10655983.240180172,28685912.04097395,106.55983240180173,816216
4707,TN,NIMH,8660177.27140406,23313201.40688756,86.6017727140406,816216
4707,TN,NIMHD,3118916.591545722,8396124.974263953,31.189165915457224,816216
4707,TN,NINDS,5291499.781917653,14244719.97446161,52.914997819176534,816216
4707,TN,NINR,191434.72678391318,515342.3771731048,1.914347267839132,816216
4707,TN,NLM,681488.0133808359,1834566.0619198007,6.8148801338083596,816216
4707,TN,OD,19961259.019823924,53735718.944325715,199.61259019823925,816216
4708,TN,FIC,18010.898946009387,48485.348681475596,0.18010898946009388,774995
4708,TN,NCATS,300283.69623717276,808363.8556335074,3.002836962371728,774995
4708,TN,NCCIH,11893.938598903474,32018.488465933548,0.11893938598903475,774995
4708,TN,NCI,14574293.064881349,39234003.98586721,145.7429306488135,774995
4708,TN,NEI,1056974.247283576,2845375.1853534873,10.569742472835761,774995
4708,TN,NHGRI,459093.69993381103,1235880.4624625067,4.590936999338111,774995
4708,TN,NHLBI,4116531.5379541484,11081704.89292655,41.16531537954149,774995
4708,TN,NIA,2658564.677553025,7156857.398945842,26.585646775530254,774995
4708,TN,NIAAA,600980.6158751259,1617840.108861951,6.0098061587512595,774995
4708,TN,NIAID,9091906.856398884,24475417.65868774,90.91906856398884,774995
4708,TN,NIAMS,293537.7012196152,790203.6337806027,2.935377012196152,774995
4708,TN,NIBIB,517033.3615323434,1391854.0595335164,5.170333615323434,774995
4708,TN,NICHD,376105.021836398,1012474.9008506399,3.7610502183639802,774995
4708,TN,NIDA,1017163.3092555664,2738204.1209101803,10.171633092555666,774995
4708,TN,NIDCD,543892.5169081278,1464158.9188072607,5.438925169081279,774995
4708,TN,NIDCR,126162.15286756125,339628.57659276685,1.2616215286756125,774995
4708,TN,NIDDK,2197678.74381495,5916152.242214661,21.9767874381495,774995
4708,TN,NIEHS,457095.2338927017,1230500.5909124115,4.570952338927017,774995
4708,TN,NIGMS,2991803.607772687,8053936.760413367,29.91803607772687,774995
4708,TN,NIMH,761552.6724723129,2050100.1629522122,7.6155267247231295,774995
4708,TN,NIMHD,254819.61742177923,685974.5334539583,2.5481961742177925,774995
4708,TN,NINDS,2772181.634514899,7462714.302087549,27.72181634514899,774995
4708,TN,NINR,107726.10566331718,289998.7285943153,1.077261056633172,774995
4708,TN,NLM,26928.65298263686,72491.94686503381,0.26928652982636864,774995
4708,TN,OD,1519935.9327554747,4091668.2667569625,15.199359327554749,774995
4709,TN,FIC,20420.32435831592,54971.52305777313,0.20420324358315922,749932
4709,TN,NCATS,323777.8455829237,871610.1170454501,3.237778455829237,749932
4709,TN,NCCIH,17789.620914999054,47889.668114878245,0.17789620914999055,749932
4709,TN,NCI,34315798.180961855,92378145.31493592,343.15798180961855,749932
4709,TN,NEI,2585187.7215874027,6959326.597965653,25.85187721587403,749932
4709,TN,NHGRI,901866.976867195,2427826.3383073807,9.01866976867195,749932
4709,TN,NHLBI,10404418.229842763,28008698.911366627,104.04418229842764,749932
4709,TN,NIA,6494994.945889027,17484529.538467325,64.94994945889027,749932
4709,TN,NIAAA,1479815.7547543454,3983664.7281563184,14.798157547543456,749932
4709,TN,NIAID,22281673.462470822,59982275.74721058,222.81673462470823,749932
4709,TN,NIAMS,712260.0897156008,1917404.5063093095,7.122600897156009,749932
4709,TN,NIBIB,1086670.5932437582,2925317.7630538736,10.866705932437583,749932
4709,TN,NICHD,650140.137118024,1750177.5638452533,6.501401371180241,749932
4709,TN,NIDA,2587797.37679357,6966351.791043951,25.8779737679357,749932
4709,TN,NIDCD,1226003.177744061,3300401.147977598,12.260031777440611,749932
4709,TN,NIDCR,312783.4203776531,842013.119070618,3.127834203776531,749932
4709,TN,NIDDK,4996894.696881233,13451642.942929462,49.96894696881233,749932
4709,TN,NIEHS,949790.2182498563,2556835.72730846,9.497902182498564,749932
4709,TN,NIGMS,6958058.467992159,18731096.76413138,69.58058467992159,749932
4709,TN,NIMH,1572784.763837511,4233937.345613167,15.727847638375112,749932
4709,TN,NIMHD,556726.7550495729,1498708.694096902,5.567267550495729,749932
4709,TN,NINDS,7434925.990144546,20014824.364610348,74.34925990144546,749932
4709,TN,NINR,276090.4532859056,743235.6338970936,2.760904532859056,749932
4709,TN,NLM,25896.506826211946,69713.40891229076,0.25896506826211946,749932
4709,TN,OD,2803090.6785599263,7545921.463619388,28.030906785599267,749932
4801,TX,FIC,7061.886232116216,23004.05139100753,0.08333025753897136,795955
4801,TX,NCATS,156983.4706929143,511372.6996811658,1.8524049541763887,795955
4801,TX,NCCIH,15444.198648110896,50309.3830340009,0.1822415440477086,795955
4801,TX,NCI,1000456.0212071356,3258979.395848348,11.8053810502442,795955
4801,TX,NEI,150372.29791651978,489836.844627121,1.7743931154149335,795955
4801,TX,NHGRI,47901.22581482659,156037.95135146458,0.5652344646149537,795955
4801,TX,NHLBI,3025039.4438739517,9854047.564548196,35.695465437712635,795955
4801,TX,NIA,534535.4686088206,1741246.0334282035,6.307518529584083,795955
4801,TX,NIAAA,70852.4355130181,230801.3771599787,0.8360587390536137,795955
4801,TX,NIAID,2190722.6408181745,7136265.659964214,25.85052716165446,795955
4801,TX,NIAMS,82793.59274350767,269699.6241111996,0.9769643943733906,795955
4801,TX,NIBIB,208177.4221965641,678136.6849097693,2.456493581919456,795955
4801,TX,NICHD,403916.8483064572,1315756.6733202825,4.766218810016196,795955
4801,TX,NIDA,184736.58595389064,601778.3036146545,2.1798917142559096,795955
4801,TX,NIDCD,76231.50884402423,248323.6757747189,0.8995318043594859,795955
4801,TX,NIDCR,83387.95853704744,271635.76706369634,0.9839779107371598,795955
4801,TX,NIDDK,521154.44065788167,1697657.4163745889,6.149622399763004,795955
4801,TX,NIEHS,258454.96752629278,841915.4826081569,3.049768616810255,795955
4801,TX,NIGMS,964475.13150926,3141771.866797562,11.380806551809268,795955
4801,TX,NIMH,227495.63917217747,741065.6590510694,2.6844485422316944,795955
4801,TX,NIMHD,53124.88151815097,173053.9779905958,0.6268736019141815,795955
4801,TX,NINDS,589724.1966123647,1921022.9787752002,6.9587455200259045,795955
4801,TX,NINR,11650.977424543207,37952.98800067809,0.13748153360960985,795955
4801,TX,NLM,6503.314757215374,21184.50821347332,0.07673911413514141,795955
4801,TX,OD,655598.0351525634,2135606.606618148,7.736056814800248,795955
4802,TX,FIC,41249.3429385108,134369.4833948693,0.4867422466744275,882070
4802,TX,NCATS,922797.2034914511,3006006.270117158,10.889007001199124,882070
4802,TX,NCCIH,67836.15120085998,220975.84938367206,0.8004665841701478,882070
4802,TX,NCI,13139809.243696442,42802848.58390429,155.04974907561802,882070
4802,TX,NEI,1667794.7237672019,5432831.155040412,19.679977740452983,882070
4802,TX,NHGRI,1042254.849691399,3395138.8250618884,12.29860722635851,882070
4802,TX,NHLBI,3799930.018055128,12378248.890506027,44.83917421305051,882070
4802,TX,NIA,3856916.2232616046,12563881.10689412,45.51161143448694,882070
4802,TX,NIAAA,355349.0135350296,1157547.247352643,4.19311835971335,882070
4802,TX,NIAID,4623515.22694695,15061072.692461234,54.557479677974015,882070
4802,TX,NIAMS,704323.0389904579,2294328.009862572,8.311011860087403,882070
4802,TX,NIBIB,635554.1975113568,2070313.9275780392,7.49953953063401,882070
4802,TX,NICHD,2352735.544307168,7664021.706347066,27.762279422824584,882070
4802,TX,NIDA,731422.8175273779,2382605.373396566,8.63078924682306,882070
4802,TX,NIDCD,425177.8937964053,1385014.3995143152,5.017099146797583,882070
4802,TX,NIDCR,1071693.2878327533,3491034.358013822,12.645980796426489,882070
4802,TX,NIDDK,2907201.191217704,9470190.174209224,34.30497405636891,882070
4802,TX,NIEHS,739986.9088475655,2410502.8487128518,8.731845524401274,882070
4802,TX,NIGMS,3341062.1903467835,10883489.736460648,39.42453384609205,882070
4802,TX,NIMH,1479716.4309187406,4820167.261569214,17.46065388484114,882070
4802,TX,NIMHD,672602.8824830798,2190999.793230022,7.9367140133003415,882070
4802,TX,NINDS,4182719.650781799,13625183.787749546,49.35609187922523,882070
4802,TX,NINR,262000.5228451004,853465.1074651221,3.091606169572185,882070
4802,TX,NLM,118771.89519831799,386898.7252334574,1.4015083633401524,882070
4802,TX,OD,3853935.640826995,12554171.877766488,45.476440561758544,882070
4803,TX,FIC,6350.142424745625,20685.550273342546,0.07493168061199838,920628
4803,TX,NCATS,545750.1980596272,1777777.946311384,6.439852337103601,920628
4803,TX,NCCIH,42601.58314742378,138774.39763964314,0.5026986811396006,920628
4803,TX,NCI,3940676.668560347,12836730.247315424,46.499984689012095,920628
4803,TX,NEI,594348.8585859516,1936087.786987857,7.01331653131423,920628
4803,TX,NHGRI,151171.2884713101,492439.5514931333,1.7838212039614594,920628
4803,TX,NHLBI,2107722.2929302542,6865892.532229324,24.871123056577,920628
4803,TX,NIA,2184043.291957686,7114507.721731457,25.7717108451007,920628
4803,TX,NIAAA,243976.2754008581,794751.2311913982,2.8789200497301257,920628
4803,TX,NIAID,2460912.572062464,8016407.715412458,29.038768350337076,920628
4803,TX,NIAMS,379152.99302231974,1235088.5655553883,4.474005317663373,920628
4803,TX,NIBIB,300638.34391814616,979327.5742885994,3.5475324582341248,920628
4803,TX,NICHD,737534.1054906966,2402512.8567165434,8.70290244479022,920628
4803,TX,NIDA,891051.3278167555,2902594.2734537125,10.514405668237716,920628
4803,TX,NIDCD,472010.4664019712,1537571.2195451988,5.56972350354326,920628
4803,TX,NIDCR,156330.18403073138,509244.622357919,1.8446961715626304,920628
4803,TX,NIDDK,2490468.2735299133,8112685.23293496,29.387525627652977,920628
4803,TX,NIEHS,112660.06525628557,366989.47642112133,1.3293887700241698,920628
4803,TX,NIGMS,3429132.2821998093,11170377.524284815,40.46376092995775,920628
4803,TX,NIMH,1158606.7898123849,3774154.5613695676,13.671560119786141,920628
4803,TX,NIMHD,200054.3941851055,651675.9706353919,2.360641851384245,920628
4803,TX,NINDS,2512094.758974881,8183133.377556773,29.642718155903594,920628
4803,TX,NINR,32399.792922205463,105542.12811455427,0.3823175564820245,920628
4803,TX,NLM,42672.85222732853,139006.55623337164,0.5035396562824767,920628
4803,TX,OD,1305305.955214088,4252026.199200727,15.40261027152624,920628
4804,TX,FIC,6160.8192573706665,20068.831208683136,0.07269766723697386,874662
4804,TX,NCATS,478347.0678728464,1558212.6602437792,5.644495400899587,874662
4804,TX,NCCIH,34520.09864997412,112449.01110913082,0.4073371640696946,874662
4804,TX,NCI,3377368.4470891366,11001757.146677187,39.85294767565181,874662
4804,TX,NEI,509298.1378501211,1659035.5821886056,6.009718026631429,874662
4804,TX,NHGRI,118547.02108856973,386166.1991905385,1.398854848845123,874662
4804,TX,NHLBI,1855611.4156466727,6044642.884948392,21.89621470463074,874662
4804,TX,NIA,1818535.9148628071,5923869.666951676,21.458723795381125,874662
4804,TX,NIAAA,189718.3166449999,618006.2609999287,2.238676136410999,874662
4804,TX,NIAID,2191802.0024784715,7139781.673998826,25.863263629245964,874662
4804,TX,NIAMS,328226.17386085505,1069194.7623044949,3.8730688515580898,874662
4804,TX,NIBIB,246299.3927233402,802318.7717205386,2.9063328341354144,874662
4804,TX,NICHD,623363.4837511439,2030602.7517511577,7.3556891082634985,874662
4804,TX,NIDA,765292.5609799885,2492935.8564112457,9.030452219563864,874662
4804,TX,NIDCD,389469.3879700029,1268694.1592659114,4.595738778046035,874662
4804,TX,NIDCR,115330.64899003161,375688.88666872494,1.360901658082373,874662
4804,TX,NIDDK,2152948.190111616,7013215.61685125,25.404788643317072,874662
4804,TX,NIEHS,97338.05754780339,317078.12962876237,1.14858907906408,874662
4804,TX,NIGMS,2956370.762577337,9630359.753448091,34.88517499841258,874662
4804,TX,NIMH,915388.0841180518,2981871.108883229,10.801579392593013,874662
4804,TX,NIMHD,166334.25036836736,541832.8075234371,1.962744154346735,874662
4804,TX,NINDS,2076997.4848029383,6765806.6568827,24.50857032067467,874662
4804,TX,NINR,20586.129471514054,67059.19137453058,0.24291632776386585,874662
4804,TX,NLM,33312.923186117,108516.64438786592,0.3930924935961806,874662
4804,TX,OD,1083751.478405915,3530313.840366011,12.788267445189797,874662
4805,TX,FIC,8348.349110783449,27194.69638311982,0.0985105195072447,856312
4805,TX,NCATS,648131.6230751631,2111284.8147498746,7.647953152286925,856312
4805,TX,NCCIH,31384.921075759998,102236.18925579102,0.37034206869396796,856312
4805,TX,NCI,4854981.316482515,15815072.069389183,57.28877953449368,856312
4805,TX,NEI,720734.3160708379,2347787.6449997406,8.504664929635888,856312
4805,TX,NHGRI,153522.5792526225,500098.8668928241,1.8115664351809455,856312
4805,TX,NHLBI,2903122.6093021478,9456904.218459724,34.25684678976535,856312
4805,TX,NIA,2207998.091032901,7192540.3338233065,26.054377474188232,856312
4805,TX,NIAAA,260973.74500571945,850120.3849068845,3.0794901910674897,856312
4805,TX,NIAID,3192668.2927407953,10400097.518795723,37.673485854341386,856312
4805,TX,NIAMS,484541.9352455291,1578392.4029807227,5.717594835897244,856312
4805,TX,NIBIB,357666.1539071363,1165095.3180023376,4.220460616104209,856312
4805,TX,NICHD,924516.1274627193,3011605.654484533,10.90929030406009,856312
4805,TX,NIDA,1003653.8087285691,3269396.1692234315,11.843114942997115,856312
4805,TX,NIDCD,330688.50232076715,1077215.7822659542,3.9021243273850525,856312
4805,TX,NIDCR,94491.92227016205,307806.86129610887,1.115004682787912,856312
4805,TX,NIDDK,2976401.792858327,9695610.712590296,35.12154115572826,856312
4805,TX,NIEHS,158082.18267096533,514951.7472580095,1.865369755517391,856312
4805,TX,NIGMS,3977785.558484849,12957612.230234409,46.937869590121224,856312
4805,TX,NIMH,1258960.4948006263,4101056.1441688873,14.85573383864739,856312
4805,TX,NIMHD,202205.12347044097,658681.958183449,2.386020456951204,856312
4805,TX,NINDS,2500712.4004940744,8146055.414129305,29.50840632583008,856312
4805,TX,NINR,18428.5813056059,60030.99136453807,0.21745725940614966,856312
4805,TX,NLM,28304.56887110487,92201.96070987811,0.3339939126790375,856312
4805,TX,OD,1274920.8499643318,4153046.9039088087,15.044066029579117,856312
4806,TX,FIC,12798.286299720081,41690.339673931936,0.15101977833669697,848575
4806,TX,NCATS,658134.3292685966,2143868.5692539373,7.76598508536944,848575
4806,TX,NCCIH,27218.868283531105,88665.29765826878,0.3211826457456671,848575
4806,TX,NCI,4506826.286758314,14680959.180485668,53.1805501837481,848575
4806,TX,NEI,912689.4807950832,2973080.4249943853,10.769735873381983,848575
4806,TX,NHGRI,147164.26891759122,479386.70970147237,1.7365383732275765,848575
4806,TX,NHLBI,2803903.7655539424,9133699.439237999,33.08606443353652,848575
4806,TX,NIA,3337680.403145393,10872473.585248746,39.384628757115635,848575
4806,TX,NIAAA,337824.78918248514,1100462.1932547556,3.9863325123533246,848575
4806,TX,NIAID,3383149.7493831995,11020589.703689326,39.921167042721756,848575
4806,TX,NIAMS,469626.9385153677,1529806.891971361,5.541597874481339,848575
4806,TX,NIBIB,367462.684102485,1197007.455448345,4.336059672409323,848575
4806,TX,NICHD,958719.5525392243,3123023.103356774,11.312890719962846,848575
4806,TX,NIDA,1067978.3950003036,3478933.1172375106,12.602145061003583,848575
4806,TX,NIDCD,232262.3353082734,756593.1426830464,2.7406955566376263,848575
4806,TX,NIDCR,146875.78861188248,478446.98686260293,1.7331343056202133,848575
4806,TX,NIDDK,2590915.5747453747,8439891.704874406,30.57280378199542,848575
4806,TX,NIEHS,206011.74271091423,671081.9971752417,2.430938563988788,848575
4806,TX,NIGMS,4059268.526604723,13223042.502616424,47.899368613935735,848575
4806,TX,NIMH,1224494.8069608628,3988784.3759426307,14.449038722138182,848575
4806,TX,NIMHD,319218.71986177604,1039853.035762002,3.7667808943689574,848575
4806,TX,NINDS,2275705.176649582,7413095.752852584,26.85332108446507,848575
4806,TX,NINR,28095.60347617942,91521.25720860311,0.3315281210189172,848575
4806,TX,NLM,72447.17711210456,235996.23820629847,0.8548766899228338,848575
4806,TX,OD,2348663.866121809,7650758.239456638,27.714233620237348,848575
4807,TX,FIC,122278.506350195,398321.48970383406,1.442886374932301,770214
4807,TX,NCATS,2555621.225995843,8324920.578781501,30.156330466750948,770214
4807,TX,NCCIH,199621.206894652,650264.865675048,2.3555302413568935,770214
4807,TX,NCI,44974778.7486354,146505067.85674536,530.7023892338977,770214
4807,TX,NEI,4540498.976625331,14790647.762645422,53.5778879241789,770214
4807,TX,NHGRI,3548473.737624693,11559131.58848743,41.871990103971385,770214
4807,TX,NHLBI,12078326.152982015,39345073.88081866,142.52424860518778,770214
4807,TX,NIA,11753018.445941964,38285386.00640813,138.6856176621152,770214
4807,TX,NIAAA,791887.4779923068,2579568.6366036865,9.344272240309222,770214
4807,TX,NIAID,13621287.95692005,44371262.55980503,160.7311978916566,770214
4807,TX,NIAMS,2038390.119026876,6640043.398003659,24.05300340451714,770214
4807,TX,NIBIB,1765078.956841313,5749733.951773938,20.827931690727496,770214
4807,TX,NICHD,7218181.979934752,23513183.83761396,85.17454736323008,770214
4807,TX,NIDA,2054963.2368690548,6694030.228436703,24.24856619505485,770214
4807,TX,NIDCD,1235612.2234961959,4024999.292596336,14.580224237255111,770214
4807,TX,NIDCR,3461175.6130660437,11274758.479423061,40.84187223417932,770214
4807,TX,NIDDK,9238012.03115214,30092767.927767497,109.00854196759526,770214
4807,TX,NIEHS,2081097.5224091408,6779162.504413804,24.556950764427864,770214
4807,TX,NIGMS,10438988.058881592,34004940.02360391,123.18005909480279,770214
4807,TX,NIMH,4332629.579977216,14113514.469083712,51.12502904373115,770214
4807,TX,NIMHD,1701620.0900762118,5543017.079780089,20.0791170628993,770214
4807,TX,NINDS,13570729.974941393,44206570.241430745,160.13461370430844,770214
4807,TX,NINR,796557.6417252654,2594781.66652037,9.399380172358132,770214
4807,TX,NLM,552147.6376280003,1798617.5667420318,6.515342124010404,770214
4807,TX,OD,12442163.965883989,40530273.34040845,146.81753479743108,770214
4808,TX,FIC,34529.386455010914,112479.26607747121,0.4074467601691288,946825
4808,TX,NCATS,598006.0346407748,1948001.0157125718,7.056471208761144,946825
4808,TX,NCCIH,57996.129442672005,188922.0384365994,0.6843543274235296,946825
4808,TX,NCI,9024624.37263728,29397658.929783594,106.4905675971199,946825
4808,TX,NEI,1105106.5390010406,3599877.8201925647,13.04025716021228,946825
4808,TX,NHGRI,741346.519520751,2414931.7722001034,8.747888930344862,946825
4808,TX,NHLBI,2612463.1583002643,8510082.827069838,30.82706526794312,946825
4808,TX,NIA,2706224.5421516276,8815509.963916022,31.933449597389206,946825
4808,TX,NIAAA,310788.11124758626,1012390.3795475339,3.667299712721518,946825
4808,TX,NIAID,3996089.1442378187,13017236.049347514,47.15385190200626,946825
4808,TX,NIAMS,457379.0657847604,1489909.521146544,5.397072976260173,946825
4808,TX,NIBIB,398461.8142201582,1297986.9330078112,4.701849407797867,946825
4808,TX,NICHD,1647250.708150059,5365909.149290003,19.437558356170697,946825
4808,TX,NIDA,613804.2551477542,1999463.622795682,7.2428902107435,946825
4808,TX,NIDCD,323315.8167372765,1053199.3038807544,3.815126637499863,946825
4808,TX,NIDCR,760786.7876987436,2478258.3273898065,8.977284094845174,946825
4808,TX,NIDDK,2106635.2667549467,6862351.5510837445,24.858296147708373,946825
4808,TX,NIEHS,771237.8911559245,2512302.733249582,9.10060711563991,946825
4808,TX,NIGMS,2935131.8414558168,9561174.097249465,34.634555729178636,946825
4808,TX,NIMH,1087627.9486517583,3542941.418582372,12.834009794090749,946825
4808,TX,NIMHD,423464.7541669476,1379433.8576051593,4.996884099169982,946825
4808,TX,NINDS,2890950.4933435386,9417253.624858297,34.11321582145376,946825
4808,TX,NINR,165962.2010782431,540620.8592268074,1.9583539727232686,946825
4808,TX,NLM,73805.82077768038,240422.0116721515,0.8709086851766284,946825
4808,TX,OD,2738822.304962641,8921696.977737641,32.318103198559164,946825
4809,TX,FIC,166762.99096765736,543229.4274143983,1.967803293418357,822791
4809,TX,NCATS,3032629.7158667888,9878772.829336641,35.78503064722811,822791
4809,TX,NCCIH,258390.47761213247,841705.4071055526,3.0490076358231635,822791
4809,TX,NCI,61273938.98684153,199599483.06337512,723.03248004473,822791
4809,TX,NEI,5770760.4139373135,18798216.901835416,68.0949728844603,822791
4809,TX,NHGRI,4805759.475351413,15654732.221688101,56.707961809146674,822791
4809,TX,NHLBI,15126981.524729846,49276050.18658423,178.49838199181218,822791
4809,TX,NIA,14250246.60277024,46420091.51801673,168.15290991268884,822791
4809,TX,NIAAA,871182.8373008968,2837872.7866064804,10.279957480150582,822791
4809,TX,NIAID,17529779.126837388,57103148.74131522,206.85139369668119,822791
4809,TX,NIAMS,2624165.259682524,8548202.351051409,30.965150064253784,822791
4809,TX,NIBIB,1716367.2250789567,5591055.782234746,20.25313325593169,822791
4809,TX,NICHD,9547421.39421152,31100667.04348915,112.65957245169594,822791
4809,TX,NIDA,2117201.7548119826,6896771.821574803,24.982980706781397,822791
4809,TX,NIDCD,1617827.0671245826,5270061.81785292,19.090359392070077,822791
4809,TX,NIDCR,3980980.8167627607,12968020.764614124,46.97557363780058,822791
4809,TX,NIDDK,12060752.088848412,39287826.47393752,142.31687464841127,822791
4809,TX,NIEHS,2668223.445609652,8691721.623374563,31.485036658193895,822791
4809,TX,NIGMS,11719470.905058175,38176105.09629903,138.28975667968646,822791
4809,TX,NIMH,5205146.273255995,16955732.28341435,61.42072602442074,822791
4809,TX,NIMHD,2468496.85248744,8041113.462705089,29.128262859351796,822791
4809,TX,NINDS,16491772.19935594,53721847.496980466,194.6029119524001,822791
4809,TX,NINR,985813.1153827708,3211280.2193074604,11.632594761516696,822791
4809,TX,NLM,469518.8916784519,1529454.9300581624,5.540322921805733,822791
4809,TX,OD,16611725.24945163,54112593.82709834,196.01835794352925,822791
4810,TX,FIC,86962.06626123004,283278.4012072735,1.0261523818825145,832921
4810,TX,NCATS,570815.3279020719,1859427.4541150641,6.735620869244449,832921
4810,TX,NCCIH,215823.12670483187,703042.5207796207,2.5467128951170164,832921
4810,TX,NCI,6446794.767005269,21000394.689596448,76.07217825066218,832921
4810,TX,NEI,1889823.7404724557,6156089.324699705,22.29992013757498,832921
4810,TX,NHGRI,317585.51333918644,1034532.8754616397,3.7475090574024,832921
4810,TX,NHLBI,5690201.867968487,18535797.928980283,67.14438204202814,832921
4810,TX,NIA,4298950.034706185,14003803.555487132,50.72761040953298,832921
4810,TX,NIAAA,2306128.4724940043,7512199.453774029,27.212315975429252,832921
4810,TX,NIAID,11409538.358604074,37166501.71385549,134.63255263152809,832921
4810,TX,NIAMS,769121.1802706546,2505407.560432551,9.075629927193726,832921
4810,TX,NIBIB,1513903.0482653284,4931529.959363617,17.864055969530877,832921
4810,TX,NICHD,2432029.4714104044,7922321.190949643,28.697947762642773,832921
4810,TX,NIDA,1262013.3618865996,4111000.8401080905,14.891757670261876,832921
4810,TX,NIDCD,968915.7602900092,3156237.188005396,11.43320597142211,832921
4810,TX,NIDCR,3277356.262812984,10675968.06551748,38.67280390119321,832921
4810,TX,NIDDK,4074705.6959807565,13273328.987839444,48.08152721257293,832921
4810,TX,NIEHS,5117613.610449349,16670595.167435575,60.387840603302315,832921
4810,TX,NIGMS,16507657.355249997,53773593.29555751,194.79035679195,832921
4810,TX,NIMH,2781212.5055970433,9059782.798128532,32.818307566045114,832921
4810,TX,NIMHD,927080.0219819132,3019957.5252655186,10.939544259386576,832921
4810,TX,NINDS,5577950.258532051,18170138.99490464,65.8198130506782,832921
4810,TX,NINR,88920.47438684832,289657.9037488755,1.0492615977648103,832921
4810,TX,NLM,68079.47529590983,221768.4761413421,0.803337808491736,832921
4810,TX,OD,3255758.4277632725,10605613.24938372,38.41794944760662,832921
4811,TX,FIC,3281.1222965728593,10688.235897553408,0.03871724309955974,802030
4811,TX,NCATS,39747.08879908295,129475.8996850966,0.4690156478291788,802030
4811,TX,NCCIH,14684.914625331705,47836.01995418401,0.17328199257891413,802030
4811,TX,NCI,468935.28847203794,1527553.8461676787,5.533436403970048,802030
4811,TX,NEI,82926.48217118325,270132.5106124955,0.9785324896199624,802030
4811,TX,NHGRI,22292.8479137517,72618.81630542525,0.2630556053822701,802030
4811,TX,NHLBI,705000.3710355698,2296534.4148742626,8.319004378219724,802030
4811,TX,NIA,470051.62017141294,1531190.289879423,5.546609118022673,802030
4811,TX,NIAAA,129879.4299872721,423081.4521585178,1.532577273849811,802030
4811,TX,NIAID,456133.7978834368,1485853.0685422323,5.382378815024555,802030
4811,TX,NIAMS,42624.0267859169,138847.5076553425,0.5029635160738195,802030
4811,TX,NIBIB,57127.75881030008,186093.32639042143,0.674107553961541,802030
4811,TX,NICHD,122293.60338612107,398370.6682064154,1.4430645199562286,802030
4811,TX,NIDA,166921.95143654099,543747.240173645,1.9696790269511837,802030
4811,TX,NIDCD,48846.714595223195,159117.8752951482,0.5763912322236338,802030
4811,TX,NIDCR,67676.74544130552,220456.58609277726,0.7985855962074052,802030
4811,TX,NIDDK,174242.8383623766,567594.984747011,2.056065492676044,802030
4811,TX,NIEHS,93902.79160987573,305887.77175830083,1.1080529409965336,802030
4811,TX,NIGMS,635981.9108288317,2071707.2011047443,7.504586547780215,802030
4811,TX,NIMH,156251.02034962774,508986.7471488668,1.8437620401256074,802030
4811,TX,NIMHD,44135.211519554374,143770.18272136163,0.5207954959307416,802030
4811,TX,NINDS,362797.5999931603,1181810.9723747117,4.281011679919292,802030
4811,TX,NINR,7934.427090597155,25846.34792333703,0.09362623966904643,802030
4811,TX,NLM,11662.783014841882,37991.44463917458,0.1376208395751342,802030
4811,TX,OD,308786.1345227799,1005868.9525594295,3.643676387368803,802030
4812,TX,FIC,4181.39802668258,13620.878605295633,0.04934049671485445,852259
4812,TX,NCATS,306171.4672964576,997351.6899942016,3.6128233140982,852259
4812,TX,NCCIH,16281.389923517672,53036.52851476141,0.19212040109750855,852259
4812,TX,NCI,2087753.0579839223,6800842.871013404,24.635486084210285,852259
4812,TX,NEI,2208470.47832073,7194079.132536355,26.059951644184615,852259
4812,TX,NHGRI,67058.82276327597,218443.70673252718,0.7912941086066564,852259
4812,TX,NHLBI,2104278.193749404,6854673.40012384,24.83048268624297,852259
4812,TX,NIA,14994327.702330336,48843931.168040164,176.93306688749797,852259
4812,TX,NIAAA,616071.9922200864,2006850.76249725,7.26964950819702,852259
4812,TX,NIAID,1390698.3871829303,4530191.526260337,16.41024096875858,852259
4812,TX,NIAMS,210402.98022770375,685386.4266415423,2.4827551666869043,852259
4812,TX,NIBIB,238319.58075891377,776324.5828471173,2.8121710529551827,852259
4812,TX,NICHD,525913.7101245738,1713160.7076762146,6.205781779469971,852259
4812,TX,NIDA,2246881.1944328356,7319201.806332743,26.513198094307462,852259
4812,TX,NIDCD,138581.5447351083,451428.5379497427,1.6352622278742779,852259
4812,TX,NIDCR,96852.25832492115,315495.6416189625,1.1428566482340696,852259
4812,TX,NIDDK,1136787.4282373642,3703078.1239288105,13.414091653200897,852259
4812,TX,NIEHS,96274.33685052268,313613.0659359151,1.1360371748361677,852259
4812,TX,NIGMS,2252382.409993866,7337121.982517886,26.57811243792762,852259
4812,TX,NIMH,576248.1003253013,1877124.6771956696,6.799727583838555,852259
4812,TX,NIMHD,1250739.4961153877,4074276.2910213573,14.758726054161574,852259
4812,TX,NINDS,1244671.5937919351,4054510.136159006,14.687124806744835,852259
4812,TX,NINR,18242.268618139948,59424.078919847045,0.2152587696940514,852259
4812,TX,NLM,547695.1224903098,1784113.5257988547,6.462802445385655,852259
4812,TX,OD,17476125.77715563,56928373.281500295,206.21828417043645,852259
4813,TX,FIC,1921.8753512489207,6260.497251595097,0.022678129144737266,799858
4813,TX,NCATS,101235.89331208126,329775.3058912983,1.194583541082559,799858
4813,TX,NCCIH,14377.994121911266,46836.22828357792,0.16966033063855296,799858
4813,TX,NCI,824554.7734999217,2685982.1527609993,9.729746327299075,799858
4813,TX,NEI,238843.73623337943,778032.0161128431,2.8183560875538776,799858
4813,TX,NHGRI,23265.424162002342,75786.97751066837,0.2745320051116277,799858
4813,TX,NHLBI,782439.2928832519,2548791.2311547007,9.232783656022374,799858
4813,TX,NIA,1018060.7183245037,3316326.589487532,12.013116476229145,799858
4813,TX,NIAAA,276264.13340734155,899928.7319997228,3.2599167742066304,799858
4813,TX,NIAID,826426.0723871108,2692077.897488953,9.751827654167908,799858
4813,TX,NIAMS,74600.68542684602,243011.27842572,0.880288088036783,799858
4813,TX,NIBIB,70514.31846478449,229699.9629346449,0.832068957884457,799858
4813,TX,NICHD,293561.15156180237,956273.6632911419,3.464021588429268,799858
4813,TX,NIDA,210600.62110025977,686030.2405801704,2.4850873289830653,799858
4813,TX,NIDCD,81177.29959183675,264434.5590135947,0.9578921351836737,799858
4813,TX,NIDCR,103581.39531689897,337415.76438681403,1.222260464739408,799858
4813,TX,NIDDK,419256.55700618686,1365725.6809838228,4.947227372673005,799858
4813,TX,NIEHS,102415.14231429447,333616.70233384304,1.2084986793086747,799858
4813,TX,NIGMS,1737207.4471831685,5658942.67881275,20.499047876761388,799858
4813,TX,NIMH,306961.3815908794,999924.830997342,3.622144302772377,799858
4813,TX,NIMHD,89930.3450170109,292947.5511760569,1.0611780712007286,799858
4813,TX,NINDS,592751.8139930497,1930885.4239532095,6.994471405117986,799858
4813,TX,NINR,10285.821546047675,33506.00104090141,0.12137269424336257,799858
4813,TX,NLM,55075.436720221405,179407.8996815686,0.6498901532986127,799858
4813,TX,OD,672133.8785256469,2189472.0156951323,7.931179766602633,799858
4814,TX,FIC,347475.788850245,1131900.2658934896,4.100214308432891,787873
4814,TX,NCATS,4484350.128450279,14607743.23168731,52.9153315157133,787873
4814,TX,NCCIH,59682.98516636106,194416.96068279506,0.7042592249630606,787873
4814,TX,NCI,8847103.695458964,28819386.405057196,104.39582360641577,787873
4814,TX,NEI,2392942.101328516,7794994.32096782,28.23671679567649,787873
4814,TX,NHGRI,611251.2528027748,1991147.2332058612,7.212764783072743,787873
4814,TX,NHLBI,3901458.841910641,12708978.415858475,46.03721433454557,787873
4814,TX,NIA,12216215.417985264,39794247.321758166,144.15134193222613,787873
4814,TX,NIAAA,465291.16830695665,1515683.146924282,5.490435786022089,787873
4814,TX,NIAID,54346077.685613886,177032017.0684641,641.2837166902439,787873
4814,TX,NIAMS,496109.802672194,1616074.66066949,5.85409567153189,787873
4814,TX,NIBIB,439048.1047942772,1430196.527363966,5.1807676365724715,787873
4814,TX,NICHD,4328148.863175558,14098918.56139192,51.07215658547159,787873
4814,TX,NIDA,3976266.971587224,12952665.442664282,46.919950264729245,787873
4814,TX,NIDCD,906145.2420632935,2951762.6071829814,10.692513856346864,787873
4814,TX,NIDCR,602194.3723258987,1961644.5002129744,7.105893593445606,787873
4814,TX,NIDDK,4235827.982077113,13798183.853490049,49.98277018850994,787873
4814,TX,NIEHS,1577627.9223408108,5139113.348550927,18.616009483621568,787873
4814,TX,NIGMS,5351168.182768829,17431397.764312316,63.14378455667219,787873
4814,TX,NIMH,3394437.761425965,11057360.334169488,40.054365584826385,787873
4814,TX,NIMHD,588968.2834942867,1918560.596396917,6.949825745232584,787873
4814,TX,NINDS,6771975.554878128,22059669.125592835,79.90931154756191,787873
4814,TX,NINR,156979.8287735433,511360.83615099575,1.852361979527811,787873
4814,TX,NLM,67898.79341531308,221179.90601573334,0.8012057623006944,787873
4814,TX,OD,4161982.397799106,13557632.312457759,49.11139229402945,787873
4815,TX,FIC,5156.887518033482,16798.529682194865,0.060851272712795085,812527
4815,TX,NCATS,138572.26484510617,451398.30876457953,1.6351527251722529,812527
4815,TX,NCCIH,11160.479820884973,36355.19504411572,0.1316936618864427,812527
4815,TX,NCI,907942.8469355033,2957618.2941059708,10.713725593838939,812527
4815,TX,NEI,158937.95743312617,517739.42833368946,1.875467897710889,812527
4815,TX,NHGRI,690023.5869089502,2247747.631797252,8.142278325525613,812527
4815,TX,NHLBI,677070.180512992,2205551.9893545764,7.989428130053305,812527
4815,TX,NIA,2040393.5897463546,6646569.69167031,24.076644359006984,812527
4815,TX,NIAAA,291427.37041804346,949322.8842110485,3.438842970932913,812527
4815,TX,NIAID,1228146.340179059,4000679.2231614003,14.492126814112897,812527
4815,TX,NIAMS,47963.35750372322,156240.344949635,0.5659676185439341,812527
4815,TX,NIBIB,50188.25531749878,163487.93602736547,0.5922214127464855,812527
4815,TX,NICHD,259274.88455271325,844586.3573280525,3.0594436377220164,812527
4815,TX,NIDA,304564.52042574977,992117.0703499109,3.5938613410238474,812527
4815,TX,NIDCD,174263.37631853146,567661.8870140999,2.0563078405586714,812527
4815,TX,NIDCR,391343.0988808305,1274797.7611461775,4.6178485667938,812527
4815,TX,NIDDK,553468.2624129324,1802919.49393574,6.5309254964726025,812527
4815,TX,NIEHS,84580.40512250079,275520.15455326653,0.9980487804455093,812527
4815,TX,NIGMS,2481528.0731989453,8083562.584806733,29.282031263747555,812527
4815,TX,NIMH,254034.58541858642,827516.1148144484,2.9976081079393198,812527
4815,TX,NIMHD,936866.0313335496,3051835.3911272096,11.055019169735885,812527
4815,TX,NINDS,545161.393338585,1775859.9185186788,6.432904441395304,812527
4815,TX,NINR,15948.880517550524,51953.38114995751,0.1881967901070962,812527
4815,TX,NLM,6100.447522340308,19872.17064951317,0.07198528076361564,812527
4815,TX,OD,800230.0868338282,2606744.634094646,9.442715024639174,812527
4816,TX,FIC,528.6723079856231,1722.1468234074625,0.0062383332342303525,784072
4816,TX,NCATS,6878.1097723785515,22405.400692694628,0.08116169531406692,784072
4816,TX,NCCIH,1539.255343986737,5014.114908269051,0.018163213059043497,784072
4816,TX,NCI,629513.996441987,2050638.009382149,7.428265158015447,784072
4816,TX,NEI,97468.21155155032,317502.1055032707,1.150124896308294,784072
4816,TX,NHGRI,9790.367120186695,31892.061266202905,0.115526332018203,784072
4816,TX,NHLBI,172664.66154363123,562454.0833717652,2.0374430062148488,784072
4816,TX,NIA,458558.2268281467,1493750.6310637458,5.410987076572131,784072
4816,TX,NIAAA,370501.5394723765,1206906.50830775,4.371918165774043,784072
4816,TX,NIAID,1613732.5801385443,5256724.051433195,19.042044445634822,784072
4816,TX,NIAMS,8125.955082580666,26470.249190730414,0.09588626997445186,784072
4816,TX,NIBIB,13123.045227827504,42748.23990431173,0.15485193368836456,784072
4816,TX,NICHD,212107.3846493263,690938.5136643768,2.5028671388620505,784072
4816,TX,NIDA,1037561.227718233,3379849.3800706007,12.24322248707515,784072
4816,TX,NIDCD,193902.9256289518,631637.5992789731,2.2880545224216315,784072
4816,TX,NIDCR,68441.27650121256,222947.04136408126,0.8076070627143083,784072
4816,TX,NIDDK,650168.0080470926,2117918.326393421,7.671982494955693,784072
4816,TX,NIEHS,15329.22796991691,49934.86675000791,0.18088489004501954,784072
4816,TX,NIGMS,6401581.478490595,20853112.677629463,75.53866144618902,784072
4816,TX,NIMH,22922.440752324503,74669.71114256835,0.27048480087742915,784072
4816,TX,NIMHD,3203893.10686471,10436662.282440133,37.80593866100358,784072
4816,TX,NINDS,729928.3681689815,2377737.213713469,8.613154744393983,784072
4816,TX,NINR,1994.2956883586205,6496.4060586570295,0.023532689122631723,784072
4816,TX,NLM,945.5627963848036,3080.1650503144,0.011157640997340684,784072
4816,TX,OD,4985103.302210622,16238943.645396193,58.82421896608534,784072
4817,TX,FIC,49981.11104643702,162813.16482598498,0.5897771103479569,798340
4817,TX,NCATS,238506.45269668935,776933.3170462858,2.8143761418209343,798340
4817,TX,NCCIH,253783.06194627154,826696.7786352754,2.9946401309660042,798340
4817,TX,NCI,2058591.070242874,6705847.873556758,24.291374628865917,798340
4817,TX,NEI,597196.4098339122,1945363.6678352014,7.046917636040164,798340
4817,TX,NHGRI,111764.15651550936,364071.05915453605,1.3188170468830105,798340
4817,TX,NHLBI,1411448.222044785,4597783.986946861,16.655089020128464,798340
4817,TX,NIA,3260775.500605797,10621956.333611978,38.477150907148406,798340
4817,TX,NIAAA,736934.4190791203,2400559.3818831975,8.69582614513362,798340
4817,TX,NIAID,3320058.548209434,10815070.50012,39.17669086887132,798340
4817,TX,NIAMS,198054.65689924653,645161.8386060193,2.337044951411109,798340
4817,TX,NIBIB,349546.6212211394,1138645.9897293635,4.124650130409445,798340
4817,TX,NICHD,958161.0892581128,3121203.91261985,11.306300853245732,798340
4817,TX,NIDA,1106258.758499082,3603631.1681898916,13.053853350289167,798340
4817,TX,NIDCD,549394.2872472251,1789648.5446458173,6.482852589517256,798340
4817,TX,NIDCR,395550.379607708,1288502.9524897207,4.667494479370955,798340
4817,TX,NIDDK,852459.082283284,2776880.2686728225,10.059017170942752,798340
4817,TX,NIEHS,1219868.9583299647,3973715.70220101,14.394453708293584,798340
4817,TX,NIGMS,4700249.282116233,15311033.409829747,55.462941528971555,798340
4817,TX,NIMH,1210615.7511575287,3943573.436193056,14.28526586365884,798340
4817,TX,NIMHD,214145.90413627538,697578.9784775991,2.5269216688080496,798340
4817,TX,NINDS,1416927.9874729735,4615634.289454913,16.71975025218109,798340
4817,TX,NINR,71824.70681736447,233968.54501231087,0.8475315404449008,798340
4817,TX,NLM,112589.3269797338,366759.0469160823,1.3285540583608588,798340
4817,TX,OD,1208034.7465994062,3935165.829564468,14.254810009872994,798340
4818,TX,FIC,61477.312454027175,200261.9708940951,0.7254322869575207,825192
4818,TX,NCATS,1241880.0046335605,4045416.551477653,14.654184054676016,825192
4818,TX,NCCIH,106157.02942006274,345805.8767910825,1.2526529471567405,825192
4818,TX,NCI,22775413.04265796,74190769.27379546,268.74987390336395,825192
4818,TX,NEI,2966296.6178142573,9662693.166429369,35.00230009020824,825192
4818,TX,NHGRI,1739261.6910124468,5665634.365575341,20.523287953946873,825192
4818,TX,NHLBI,6362561.184895491,20726004.308894813,75.0782219817668,825192
4818,TX,NIA,5897591.365195289,19211367.953099877,69.59157810930442,825192
4818,TX,NIAAA,520280.242253762,1694809.7203974363,6.1393068585943915,825192
4818,TX,NIAID,6912056.712932144,22515982.644795593,81.5622692125993,825192
4818,TX,NIAMS,1170593.9784320057,3813202.7552905316,13.813008945497668,825192
4818,TX,NIBIB,846219.1773794298,2756553.816452387,9.985386293077273,825192
4818,TX,NICHD,3999987.916599163,13029936.27656929,47.19985741587012,825192
4818,TX,NIDA,1108009.0218339565,3609332.640343343,13.074506457640688,825192
4818,TX,NIDCD,686998.4972214504,2237893.4205643986,8.106582267213115,825192
4818,TX,NIDCR,1614143.0490581102,5258061.151438738,19.046887978885703,825192
4818,TX,NIDDK,4856860.341395851,15821192.981600257,57.31095202847105,825192
4818,TX,NIEHS,1081012.783735316,3521392.559156436,12.75595084807673,825192
4818,TX,NIGMS,5349009.200624368,17424364.89312592,63.11830856736755,825192
4818,TX,NIMH,2330726.095968518,7592326.062431501,27.502567932428512,825192
4818,TX,NIMHD,1459928.1231497657,4755706.969531606,17.227151853167236,825192
4818,TX,NINDS,6729701.751066655,21921962.467143726,79.41048066258654,825192
4818,TX,NINR,396759.6799025847,1292442.2408350906,4.6817642228505,825192
4818,TX,NLM,197811.55487130483,644369.9352306016,2.3341763474813972,825192
4818,TX,OD,6339662.144046842,20651410.822795954,74.80801329975274,825192
4819,TX,FIC,2406.369055494567,7838.73254238745,0.028395154854835892,787118
4819,TX,NCATS,52769.06990857402,171894.92383945402,0.6226750249211734,787118
4819,TX,NCCIH,65507.48029462242,213390.21808927212,0.7729882674765446,787118
4819,TX,NCI,2283205.2574948915,7437527.220527263,26.94182203843972,787118
4819,TX,NEI,219636.93273320427,715465.9706892241,2.5917158062518104,787118
4819,TX,NHGRI,17574.2447913053,57247.995372503254,0.20737608853740255,787118
4819,TX,NHLBI,1545238.1244975913,5033603.779345294,18.233809869071578,787118
4819,TX,NIA,3213200.5472015226,10466981.212650739,37.91576645697797,787118
4819,TX,NIAAA,1741239.4143897514,5672076.787431672,20.54662508979907,787118
4819,TX,NIAID,2118452.821819931,6900847.164733625,24.997743297475186,787118
4819,TX,NIAMS,155290.489641837,505857.82421830896,1.8324277777736766,787118
4819,TX,NIBIB,138730.72145340603,451914.48020104325,1.6370225131501912,787118
4819,TX,NICHD,121869.77361783295,396990.0453175336,1.438063328690429,787118
4819,TX,NIDA,429643.5914517076,1399561.382428325,5.069794379130149,787118
4819,TX,NIDCD,58809.64120565555,191572.04804986028,0.6939537662267355,787118
4819,TX,NIDCR,284287.70114027604,926065.4550225665,3.3545948734552575,787118
4819,TX,NIDDK,366274.58717572276,1193137.2369454696,4.322040128673529,787118
4819,TX,NIEHS,185545.39469535984,604412.9931639759,2.1894356574052463,787118
4819,TX,NIGMS,3276741.692753101,10673966.10729042,38.66555197448659,787118
4819,TX,NIMH,515860.93104504485,1680413.841050663,6.08715898633153,787118
4819,TX,NIMHD,34646.41609910647,112860.48943034853,0.4088277099694564,787118
4819,TX,NINDS,1941348.236057263,6323930.055259514,22.907909185475706,787118
4819,TX,NINR,7407.8076008718035,24130.888142909804,0.08741212969028729,787118
4819,TX,NLM,5741.48466562485,18702.85133001024,0.06774951905437324,787118
4819,TX,OD,590458.7960109328,1923415.93184199,6.967413792929007,787118
4820,TX,FIC,88881.17828821225,289529.89694689965,1.0487979038009045,766778
4820,TX,NCATS,2886063.0688760877,9401332.869422223,34.055544212737836,766778
4820,TX,NCCIH,123351.69327544574,401817.38957664004,1.4555499806502599,766778
4820,TX,NCI,9942104.083810553,32386343.501060244,117.31682818896454,766778
4820,TX,NEI,708612.0649308602,2308299.4857413066,8.36162236618415,766778
4820,TX,NHGRI,95525.38650314165,311173.36474077095,1.1271995607370715,766778
4820,TX,NHLBI,3708889.692021878,12081685.582929863,43.76489836585816,766778
4820,TX,NIA,14197578.73464698,46248526.258376576,167.53142906883437,766778
4820,TX,NIAAA,738196.8471108382,2404671.733507755,8.710722795907891,766778
4820,TX,NIAID,12760685.425333526,41567855.05462422,150.57608801893562,766778
4820,TX,NIAMS,511361.2949866615,1665756.303995317,6.034063280842607,766778
4820,TX,NIBIB,292467.9466877608,952712.5550720682,3.4511217709155777,766778
4820,TX,NICHD,1690033.4152331932,5505273.557047095,19.94239429975168,766778
4820,TX,NIDA,4091278.220267553,13327313.884769445,48.27708299915712,766778
4820,TX,NIDCD,389738.3294736872,1269570.2345761866,4.598912287789509,766778
4820,TX,NIDCR,2090469.9305124243,6809693.066728005,24.66754518004661,766778
4820,TX,NIDDK,3545485.4238851606,11549397.174681097,41.8367280018449,766778
4820,TX,NIEHS,658123.8244250945,2143834.3497902085,7.765861128216116,766778
4820,TX,NIGMS,6354081.401446032,20698381.465953954,74.97816053706319,766778
4820,TX,NIMH,3102248.775714502,10105556.492778711,36.60653555343113,766778
4820,TX,NIMHD,180456.70235755973,587836.6088660515,2.129389087819205,766778
4820,TX,NINDS,3977934.529570952,12958097.502640087,46.93962744893724,766778
4820,TX,NINR,126626.11709608171,412483.8052296258,1.4941881817337643,766778
4820,TX,NLM,12824.733154807313,41776.49014330517,0.1513318512267263,766778
4820,TX,OD,9633201.941993905,31380096.655447576,113.67178291552808,766778
4821,TX,FIC,43179.89445373435,140658.24319776997,0.5095227545540654,846025
4821,TX,NCATS,1394802.6586854083,4543561.165682772,16.458671372487817,846025
4821,TX,NCCIH,87700.18557234279,285682.82036773965,1.034862189753645,846025
4821,TX,NCI,5086142.694345936,16568078.849900957,60.01648379328205,846025
4821,TX,NEI,503962.92564628535,1641656.1609284885,5.946762522626168,846025
4821,TX,NHGRI,81494.1022871252,265466.5418640238,0.9616304069880774,846025
4821,TX,NHLBI,2041403.179278171,6649858.42342134,24.088557515482417,846025
4821,TX,NIA,6830818.486703135,22251349.61763248,80.603658143097,846025
4821,TX,NIAAA,583541.1670074872,1900881.7974947845,6.885785770688349,846025
4821,TX,NIAID,4338210.15345119,14131693.153186942,51.19087981072405,846025
4821,TX,NIAMS,317284.5848136386,1033552.6026224596,3.7439581008009357,846025
4821,TX,NIBIB,260049.9652543854,847111.1779931543,3.0685895900017477,846025
4821,TX,NICHD,1040450.8417465093,3389262.280168642,12.27731993260881,846025
4821,TX,NIDA,1962304.8257393632,6392196.018513757,23.155196943724487,846025
4821,TX,NIDCD,306676.32697706606,998996.2673289577,3.6187806583293796,846025
4821,TX,NIDCR,1037753.8262648588,3380476.768663221,12.245495149925334,846025
4821,TX,NIDDK,1830096.2605459471,5961527.4226067215,21.595135874442178,846025
4821,TX,NIEHS,484801.0261305133,1579236.3899605768,5.720652108340057,846025
4821,TX,NIGMS,4093607.230709908,13334900.62210068,48.30456532237692,846025
4821,TX,NIMH,1710058.3195338661,5570504.560845728,20.178688170499623,846025
4821,TX,NIMHD,149815.05089134313,488021.6158364969,1.767817600517849,846025
4821,TX,NINDS,2160208.2108086795,7036865.090055093,25.49045688754242,846025
4821,TX,NINR,91801.45640968396,299042.68514176685,1.0832571856342708,846025
4821,TX,NLM,21919.436107830574,71402.42962188555,0.25864934607240075,846025
4821,TX,OD,2358654.1288670455,7683301.459503985,27.83211872063114,846025
4822,TX,FIC,73018.13109933831,237856.11734234195,0.8616139469721921,894683
4822,TX,NCATS,1329676.3669392269,4331412.666968434,15.690181129882877,894683
4822,TX,NCCIH,127909.42624646974,416664.17697107623,1.509331229708343,894683
4822,TX,NCI,23663480.246711764,77083642.78226604,279.22906691119886,894683
4822,TX,NEI,2389322.6592250825,7783204.01035994,28.194007378855975,894683
4822,TX,NHGRI,1967199.8374512172,6408141.489352265,23.212958081924363,894683
4822,TX,NHLBI,6064644.872436708,19755543.735506676,71.56280949475315,894683
4822,TX,NIA,6125291.145589906,19953098.60093973,72.27843551796089,894683
4822,TX,NIAAA,457555.8976355161,1490485.549823394,5.399159592099091,894683
4822,TX,NIAID,8504202.475256821,27702387.76867369,100.3495892080305,894683
4822,TX,NIAMS,1044854.45716717,3403607.030581416,12.329282594572607,894683
4822,TX,NIBIB,745949.9990655761,2429927.5787800793,8.802209988973798,894683
4822,TX,NICHD,3904784.0000861306,12719810.098363401,46.07645120101634,894683
4822,TX,NIDA,1336596.541827878,4353955.094521191,15.771839193568962,894683
4822,TX,NIDCD,708724.9243763916,2308667.1246977593,8.362954107641421,894683
4822,TX,NIDCR,1613224.1873300974,5255067.964956024,19.036045410495152,894683
4822,TX,NIDDK,4901516.070095347,15966658.74586509,57.8378896271251,894683
4822,TX,NIEHS,1200343.9326963066,3910113.0501156887,14.16405840581642,894683
4822,TX,NIGMS,5350269.257841215,17428469.521835476,63.13317724252634,894683
4822,TX,NIMH,2255169.8727501156,7346202.125469448,26.611004498451365,894683
4822,TX,NIMHD,916649.0629862166,2985978.739866339,10.816458943237357,894683
4822,TX,NINDS,6751523.003632513,21993045.06447562,79.66797144286366,894683
4822,TX,NINR,393599.2684900817,1282147.2199072104,4.644471368182964,894683
4822,TX,NLM,199209.44850236687,648923.5652199758,2.3506714923279293,894683
4822,TX,OD,6635664.733448718,21615637.454981662,78.30084385469488,894683
4823,TX,FIC,35375.404723143765,115235.1654332765,0.4174297757330965,806011
4823,TX,NCATS,1137241.9390076743,3704558.6899949177,13.419454880290559,806011
4823,TX,NCCIH,50587.046631027326,164786.99630236358,0.5969271502461224,806011
4823,TX,NCI,4072830.9570819284,13267222.037294528,48.059405293566755,806011
4823,TX,NEI,311504.18517007364,1014722.9859888195,3.675749385006869,806011
4823,TX,NHGRI,52360.744381543576,170564.80592204124,0.6178567837022142,806011
4823,TX,NHLBI,1565101.8326878748,5098309.687796092,18.468201625716922,806011
4823,TX,NIA,5521775.777137626,17987150.963890538,65.15695417022398,806011
4823,TX,NIAAA,351208.16207797674,1144058.448950969,4.144256312520126,806011
4823,TX,NIAID,4262052.182843226,13883609.027768306,50.29221575755007,806011
4823,TX,NIAMS,212609.5138454785,692574.1964626466,2.5087922633766464,806011
4823,TX,NIBIB,137540.21066021873,448036.3985429898,1.622974485790581,806011
4823,TX,NICHD,718858.0910340064,2341675.853369329,8.482525474201276,806011
4823,TX,NIDA,1642011.898747284,5348843.759567204,19.37574040521795,806011
4823,TX,NIDCD,185976.5734014046,605817.5551728416,2.1945235661365743,806011
4823,TX,NIDCR,843395.5559896256,2747355.886972243,9.952067560677582,806011
4823,TX,NIDDK,1500618.6087152662,4888255.978437591,17.707299582840143,806011
4823,TX,NIEHS,295674.3620224361,963157.4334962398,3.488957471864746,806011
4823,TX,NIGMS,3134135.950660319,10209428.770957256,36.98280421779177,806011
4823,TX,NIMH,1234375.9739824093,4020972.2173345005,14.56563649299243,806011
4823,TX,NIMHD,283746.521673283,924302.5662048666,3.34820895574474,806011
4823,TX,NINDS,1701043.0282262804,5541137.304318507,20.072307733070108,806011
4823,TX,NINR,56044.109529780835,182563.3454590488,0.6613204924514139,806011
4823,TX,NLM,10111.001875009893,32936.52702722744,0.11930982212511675,806011
4823,TX,OD,2999795.5127844466,9771815.612771198,35.39758705085647,806011
4824,TX,FIC,10696.883253661688,34845.032049900605,0.12622322239320793,772892
4824,TX,NCATS,886653.7656062709,2888269.2413362204,10.462514434153997,772892
4824,TX,NCCIH,52628.663762936936,171437.55167517875,0.6210182324026559,772892
4824,TX,NCI,6248800.489876846,20355429.537726145,73.73584578054678,772892
4824,TX,NEI,1403120.1771425293,4570655.431399359,16.556818090281848,772892
4824,TX,NHGRI,196499.5128994193,640095.9664981189,2.318694252213148,772892
4824,TX,NHLBI,3717370.8800250953,12109313.001196038,43.86497638429613,772892
4824,TX,NIA,6044829.463368674,19690995.16115244,71.32898766775035,772892
4824,TX,NIAAA,446545.8486594745,1454620.3823401632,5.2692410141818,772892
4824,TX,NIAID,4052194.872090627,13200000.116118541,47.8158994906694,772892
4824,TX,NIAMS,647243.9649354744,2108393.2737660822,7.637478786238598,772892
4824,TX,NIBIB,461878.15072761994,1504565.2629464278,5.450162178585916,772892
4824,TX,NICHD,1226085.5435457916,3993966.1906797243,14.467809413840342,772892
4824,TX,NIDA,1616939.5275058008,5267170.66295026,19.07988642456845,772892
4824,TX,NIDCD,425930.8508102238,1387467.152400977,5.025984039560641,772892
4824,TX,NIDCR,154268.15319017152,502527.5694535044,1.820364207644024,772892
4824,TX,NIDDK,3795193.488516394,12362819.67438123,44.783283164493454,772892
4824,TX,NIEHS,130163.22579036023,424005.91525863134,1.5359260643262507,772892
4824,TX,NIGMS,5388798.182675014,17553977.259822838,63.58781855556517,772892
4824,TX,NIMH,1604121.1236093587,5225414.790327531,18.928629258590433,772892
4824,TX,NIMHD,551526.7197386216,1796594.930499054,6.5080152929157356,772892
4824,TX,NINDS,3399253.6818454214,11073048.165604712,40.111193445775974,772892
4824,TX,NINR,36786.463078092296,119831.67943053177,0.4340802643214891,772892
4824,TX,NLM,163978.84002266874,534160.0726678482,1.9349503122674911,772892
4824,TX,OD,5274859.17586643,17182821.63908444,62.24333827522387,772892
4825,TX,FIC,5444.7574626543055,17736.264273537818,0.06424813805932081,826421
4825,TX,NCATS,333889.35189315816,1087642.5302533829,3.9398943523392664,826421
4825,TX,NCCIH,17467.430769648126,56900.04934750117,0.2061156830818479,826421
4825,TX,NCI,2602358.7526887264,8477167.787330696,30.707833281726973,826421
4825,TX,NEI,1299227.6415064451,4232226.129317786,15.330886169776052,826421
4825,TX,NHGRI,77357.5103787207,251991.6189161293,0.9128186224689043,826421
4825,TX,NHLBI,2060992.6497169898,6713671.004066975,24.319713266660482,826421
4825,TX,NIA,5483950.151447546,17863934.21858043,64.71061178708105,826421
4825,TX,NIAAA,341295.00260056317,1111766.3923289608,4.027281030686646,826421
4825,TX,NIAID,1807145.8690859347,5886766.662204092,21.32432125521403,826421
4825,TX,NIAMS,285913.10563314264,931360.200258624,3.3737746464710834,826421
4825,TX,NIBIB,280761.41337501805,914578.5941039409,3.312984677825213,826421
4825,TX,NICHD,630958.5171947302,2055343.5269364193,7.445310502897817,826421
4825,TX,NIDA,983668.4293885529,3204293.9177434123,11.607287466784925,826421
4825,TX,NIDCD,116179.73459631512,378454.77785987454,1.3709208682365184,826421
4825,TX,NIDCR,124671.28336853297,406115.9462679656,1.471121143748689,826421
4825,TX,NIDDK,1375213.958751025,4479751.094950643,16.227524713262095,826421
4825,TX,NIEHS,161065.0392226207,524668.3843080688,1.9005674628269242,826421
4825,TX,NIGMS,2867094.11524272,9339541.618491115,33.8317105598641,826421
4825,TX,NIMH,693022.089413336,2257515.23544304,8.177660655077366,826421
4825,TX,NIMHD,495203.1701962375,1613121.3109008675,5.843397408315603,826421
4825,TX,NINDS,1503395.7757109534,4897302.583011827,17.74007015338925,826421
4825,TX,NINR,17350.41190134353,56518.86109669727,0.20473486043585368,826421
4825,TX,NLM,184073.6565942777,599618.8152632578,2.172069147812477,826421
4825,TX,OD,5600059.564590777,18242159.924735174,66.08070286217118,826421
4826,TX,FIC,7073.574878656344,23042.127085922806,0.08346818356814485,884703
4826,TX,NCATS,562216.1974194755,1831415.8389406367,6.634151129549812,884703
4826,TX,NCCIH,35561.714591717144,115842.06869544213,0.4196282321822623,884703
4826,TX,NCI,4103419.5828246684,13366864.299352808,48.42035107733109,884703
4826,TX,NEI,758867.1960126141,2472005.2691634293,8.954632912948846,884703
4826,TX,NHGRI,129638.30462539896,422295.98776077956,1.5297319945797079,884703
4826,TX,NHLBI,2479775.7967718523,8077854.555017641,29.26135440190786,884703
4826,TX,NIA,2521015.829037525,8212193.708952447,29.747986782642798,884703
4826,TX,NIAAA,329353.82830388995,1072868.0897847507,3.886375173985902,884703
4826,TX,NIAID,2850120.5929155177,9284250.472886752,33.63142299640311,884703
4826,TX,NIAMS,418754.44399184064,1364090.0508976874,4.94130243910372,884703
4826,TX,NIBIB,311977.75430091645,1016265.6345482878,3.6813375007508142,884703
4826,TX,NICHD,928419.2248741627,3024319.970530664,10.95534685351512,884703
4826,TX,NIDA,955973.9748447014,3114079.4007386873,11.280492903167476,884703
4826,TX,NIDCD,430289.2107427927,1401664.4833369185,5.077412686764954,884703
4826,TX,NIDCR,140456.7360562371,457536.9622575486,1.657389485463598,884703
4826,TX,NIDDK,2611364.868074002,8506505.153346878,30.814105443273228,884703
4826,TX,NIEHS,143671.13630399297,468007.8514874484,1.695319408387117,884703
4826,TX,NIGMS,4172180.5215071053,13590852.63832534,49.23173015378384,884703
4826,TX,NIMH,1177869.3489696863,3836902.2305066977,13.898858317842299,884703
4826,TX,NIMHD,262391.9424570055,854740.1544669789,3.096224920992665,884703
4826,TX,NINDS,2389061.671453713,7782353.844284238,28.190927723153813,884703
4826,TX,NINR,25473.82908687351,82980.84310324202,0.3005911832251074,884703
4826,TX,NLM,66625.41131132218,217031.87156746135,0.7861798534736018,884703
4826,TX,OD,1530195.133311244,4984601.327174452,18.056302573072678,884703
4827,TX,FIC,5611.965896717562,18280.944729123177,0.06622119758126724,793985
4827,TX,NCATS,136579.6506187813,444907.3800582566,1.6116398773016194,793985
4827,TX,NCCIH,13497.5824426711,43968.29260056213,0.159271472823519,793985
4827,TX,NCI,920563.0329855961,2998728.4733014535,10.862643789230034,793985
4827,TX,NEI,211071.88230311242,687565.3710782671,2.4906482111767265,793985
4827,TX,NHGRI,88317.7691197981,287694.5950122096,1.0421496756136177,793985
4827,TX,NHLBI,510953.613263853,1664428.2832662363,6.0292526365134655,793985
4827,TX,NIA,767196.0085842588,2499136.325389291,9.052912901294254,793985
4827,TX,NIAAA,161122.89350879638,524856.8442929271,1.9012501434037974,793985
4827,TX,NIAID,846739.4236638647,2758248.515555396,9.991525199233605,793985
4827,TX,NIAMS,100403.99810695049,327065.4123272064,1.184767177662016,793985
4827,TX,NIBIB,109523.16009636079,356771.02696785086,1.2923732891370574,793985
4827,TX,NICHD,297990.7929449608,970703.1931182423,3.516291356750538,793985
4827,TX,NIDA,302075.31876122946,984008.5110881105,3.5644887613825076,793985
4827,TX,NIDCD,106405.84553221356,346616.39376101,1.25558897728012,793985
4827,TX,NIDCR,154699.34169634522,503932.1633862304,1.8254522320168736,793985
4827,TX,NIDDK,334678.0485538849,1090211.7048221773,3.949200972935842,793985
4827,TX,NIEHS,249503.0872023078,812754.7869738137,2.9441364289872323,793985
4827,TX,NIGMS,1061622.507001065,3458228.85079025,12.527145582612567,793985
4827,TX,NIMH,353445.9083617615,1151347.8938415013,4.170661718668786,793985
4827,TX,NIMHD,92877.6529898562,302548.38894714945,1.0959563052803032,793985
4827,TX,NINDS,633100.1241713186,2062319.7986192917,7.47058146522156,793985
4827,TX,NINR,33275.75812411807,108395.57942475661,0.39265394586459323,793985
4827,TX,NLM,19710.67402417197,64207.40058673709,0.23258595348522926,793985
4827,TX,OD,601081.5143888706,1958019.372260918,7.092761869788673,793985
4828,TX,FIC,21542.36514357097,70174.1232523442,0.25419990869413744,825116
4828,TX,NCATS,681230.796784808,2219105.171519965,8.038523402060735,825116
4828,TX,NCCIH,31310.9946763551,101995.3744599751,0.3694697371809902,825116
4828,TX,NCI,2482315.3941490073,8086127.278006416,29.291321650958288,825116
4828,TX,NEI,265717.698907749,865573.7858499009,3.1354688471114387,825116
4828,TX,NHGRI,70615.73061334471,230030.3123909335,0.8332656212374676,825116
4828,TX,NHLBI,1047739.0181152388,3413003.4703014567,12.363320413759817,825116
4828,TX,NIA,3451133.7799527324,11242047.269215796,40.72337860344224,825116
4828,TX,NIAAA,279371.64933651796,910051.4462128243,3.296585462170912,825116
4828,TX,NIAID,2713119.0250484943,8837968.699962016,32.014804495572236,825116
4828,TX,NIAMS,159782.44428796088,520490.3391200031,1.8854328425979385,825116
4828,TX,NIBIB,121530.84227167338,395885.97852166544,1.434063938805746,825116
4828,TX,NICHD,531803.0904453977,1732345.3282022837,6.275276467255693,825116
4828,TX,NIDA,975902.324230211,3178995.8774892394,11.51564742591649,825116
4828,TX,NIDCD,152897.69065164178,498063.29608098627,1.804192749689373,825116
4828,TX,NIDCR,512898.6473393789,1670764.2199211163,6.052204038604671,825116
4828,TX,NIDDK,933162.1806533508,3039770.1200946034,11.01131373170954,825116
4828,TX,NIEHS,213730.88796661276,696227.0658325611,2.522024478006031,825116
4828,TX,NIGMS,2117883.235180848,6898991.739725855,24.991022175134006,825116
4828,TX,NIMH,877184.1026491624,2857421.87192801,10.350772411260117,825116
4828,TX,NIMHD,103332.77342798229,336605.88009788876,1.219326726450191,825116
4828,TX,NINDS,1093127.044534553,3560854.6899285717,12.898899125507727,825116
4828,TX,NINR,48637.11315571756,158435.09988252705,0.5739179352374673,825116
4828,TX,NLM,12063.95631947171,39298.264235677685,0.1423546845697662,825116
4828,TX,OD,1667571.4610360593,5432103.878053487,19.6773432402255,825116
4829,TX,FIC,54717.531578529604,178242.02586231325,0.6456668726266493,755796
4829,TX,NCATS,1311872.762502987,4273417.533949461,15.480098597535246,755796
4829,TX,NCCIH,90335.59196913002,294267.64065444603,1.0659599852357342,755796
4829,TX,NCI,16916154.945043255,55104271.70637224,199.6106283515104,755796
4829,TX,NEI,2047830.0118776583,6670793.791471826,24.164394140156368,755796
4829,TX,NHGRI,1325389.2682965328,4317447.469250246,15.639593365899088,755796
4829,TX,NHLBI,5007790.166968862,16312845.969172796,59.09192397023257,755796
4829,TX,NIA,5167034.159695562,16831582.30561141,60.971003084407634,755796
4829,TX,NIAAA,409701.42021720036,1334599.8810888445,4.834476758562964,755796
4829,TX,NIAID,6692921.841638828,21802152.136189017,78.97647773133816,755796
4829,TX,NIAMS,910511.2517360006,2965984.857100833,10.744032770484807,755796
4829,TX,NIBIB,611838.7963160034,1993061.1526217954,7.219697796528841,755796
4829,TX,NICHD,3062135.194658974,9974886.74680035,36.1331952969759,755796
4829,TX,NIDA,987351.0579404909,3216290.0578224612,11.650742483697792,755796
4829,TX,NIDCD,523534.77761985734,1705411.349530886,6.177710375914317,755796
4829,TX,NIDCR,1399531.6711824806,4558965.89509014,16.514473719953273,755796
4829,TX,NIDDK,3783183.6394949798,12323697.664339436,44.64156694604076,755796
4829,TX,NIEHS,883224.2035095383,2877097.463693713,10.422045601412552,755796
4829,TX,NIGMS,4351236.261854519,14174125.621975837,51.34458788988333,755796
4829,TX,NIMH,1942682.7021725152,6328277.07050244,22.923655885635682,755796
4829,TX,NIMHD,933963.8906919515,3042381.6856625653,11.020773910165028,755796
4829,TX,NINDS,5556832.949423681,18101349.489098176,65.57062880319944,755796
4829,TX,NINR,348412.89614647784,1134952.8872035567,4.111272174528438,755796
4829,TX,NLM,179934.03819653046,586134.033544762,2.1232216507190596,755796
4829,TX,OD,4744352.850897651,15454700.516524348,55.98336364059229,755796
4830,TX,FIC,16918.677762161817,55112.48976777084,0.19964039759350943,788414
4830,TX,NCATS,1528866.4920454323,4980273.286343102,18.040624606136102,788414
4830,TX,NCCIH,27036.587759855105,88071.51996256583,0.3190317355662903,788414
4830,TX,NCI,11137031.898180457,36278813.57871431,131.41697639852939,788414
4830,TX,NEI,1529374.784748527,4981929.046727698,18.04662246003262,788414
4830,TX,NHGRI,330002.6694988995,1074981.6860257552,3.894031500087014,788414
4830,TX,NHLBI,5890480.302260302,19188203.708898775,69.50766756667157,788414
4830,TX,NIA,4317177.967868772,14063180.936747827,50.94270002085152,788414
4830,TX,NIAAA,439031.60221102927,1430142.770299544,5.180572906090146,788414
4830,TX,NIAID,6735551.3608939275,21941017.53552927,79.47950605854835,788414
4830,TX,NIAMS,1142634.3819549526,3722124.540053237,13.483085707068442,788414
4830,TX,NIBIB,701183.6765573879,2284101.555856997,8.273967383377178,788414
4830,TX,NICHD,1933231.7900935719,6297490.781965652,22.81213512310415,788414
4830,TX,NIDA,2212135.352718007,7206017.438564727,26.103197162072483,788414
4830,TX,NIDCD,346032.6449300673,1127199.233362916,4.083185210174794,788414
4830,TX,NIDCR,68938.1946709081,224565.74927540595,0.8134706971167156,788414
4830,TX,NIDDK,6632379.983042802,21604937.40054002,78.26208379990507,788414
4830,TX,NIEHS,71249.22583637165,232093.91922166868,0.8407408648691855,788414
4830,TX,NIGMS,8225271.908594234,26793773.146584798,97.05820852141197,788414
4830,TX,NIMH,2552193.497694152,8313754.774715173,30.115883272790995,788414
4830,TX,NIMHD,435527.4477367975,1418728.0084416345,5.1392238832942105,788414
4830,TX,NINDS,4857259.537986998,15822493.362064628,57.315662548246586,788414
4830,TX,NINR,22031.042068370305,71765.98535861248,0.2599662964067696,788414
4830,TX,NLM,41594.716866242205,135494.53686096947,0.490817659021658,788414
4830,TX,OD,2158669.4518420156,7031852.59209293,25.472299531735786,788414
4831,TX,FIC,12652.399707007105,41215.11498668537,0.14929831654268386,901458
4831,TX,NCATS,175839.31579933804,572795.5002746364,2.074903926432189,901458
4831,TX,NCCIH,39368.55474247116,128242.82730112893,0.46454894596115975,901458
4831,TX,NCI,1403532.54873747,4571998.729358347,16.561684075102146,901458
4831,TX,NEI,419810.5596052708,1367530.34107621,4.953764603342195,901458
4831,TX,NHGRI,126326.79809187932,411508.77539642586,1.490656217484176,901458
4831,TX,NHLBI,1098569.7162517235,3578584.159898899,12.963122651770338,901458
4831,TX,NIA,1602994.2964369769,5221744.157676389,18.915332697956327,901458
4831,TX,NIAAA,433020.52721662016,1410561.7301154472,5.109642221156118,901458
4831,TX,NIAID,1371540.2503335963,4467784.01215543,16.184174953936438,901458
4831,TX,NIAMS,164878.96358620678,537092.21969391,1.9455717703172402,901458
4831,TX,NIBIB,300253.27547279967,978073.2161731259,3.5429886505790362,901458
4831,TX,NICHD,795675.1917723129,2591907.09117315,9.388967262913292,901458
4831,TX,NIDA,423389.7436090633,1379189.5111696997,4.995998974586947,901458
4831,TX,NIDCD,243959.2915851707,794695.9065152357,2.878719640705014,901458
4831,TX,NIDCR,250252.3238392026,815195.4207553053,2.9529774213025908,901458
4831,TX,NIDDK,518344.9539936778,1688505.5306770012,6.1164704571253985,901458
4831,TX,NIEHS,390590.0857448149,1272344.8254418005,4.608963011788816,901458
4831,TX,NIGMS,1953222.870510298,6362611.60466833,23.04802987202152,901458
4831,TX,NIMH,798045.2673619543,2599627.597971565,9.416934154871061,901458
4831,TX,NIMHD,149643.30349833705,487462.1497497996,1.7657909812803771,901458
4831,TX,NINDS,821804.8216453345,2677024.2013431434,9.697296895414947,901458
4831,TX,NINR,62988.592338035036,205184.95591186627,0.7432653895888135,901458
4831,TX,NLM,160893.31729438365,524109.00117270154,1.8985411440737272,901458
4831,TX,OD,1099720.5491169197,3582332.9909481783,12.976702479579654,901458
4832,TX,FIC,12109.266351061444,39445.86138762246,0.14288934294252503,765626
4832,TX,NCATS,1093337.3241147127,3561539.674380243,12.90138042455361,765626
4832,TX,NCCIH,75913.0450530939,247286.28191535323,0.895773931626508,765626
4832,TX,NCI,8098704.354824958,26381480.111035567,95.56471138693452,765626
4832,TX,NEI,1068168.704048717,3479553.0478036483,12.60439070777486,765626
4832,TX,NHGRI,248510.92751887595,809522.8328477398,2.9324289447227363,765626
4832,TX,NHLBI,4388727.870784253,14296254.309723431,51.78698887525419,765626
4832,TX,NIA,3610163.932123624,11760087.021346249,42.59993439905876,765626
4832,TX,NIAAA,397219.0989692641,1293938.7956467269,4.6871853678373165,765626
4832,TX,NIAID,5062060.030577058,16489629.719348252,59.732308360809284,765626
4832,TX,NIAMS,796726.2527487061,2595330.91590231,9.401369782434733,765626
4832,TX,NIBIB,565923.1114629242,1843491.0888603718,6.677892715262505,765626
4832,TX,NICHD,1480547.8561761533,4822875.624281476,17.47046470287861,765626
4832,TX,NIDA,1732093.7278448963,5642284.769213213,20.438705988569776,765626
4832,TX,NIDCD,770680.3758680577,2510486.6305948785,9.094028435243082,765626
4832,TX,NIDCR,149066.06944671212,485581.81334225024,1.758979619471203,765626
4832,TX,NIDDK,5130787.636602282,16713509.477392921,60.543294111906924,765626
4832,TX,NIEHS,103240.88791090016,336306.56358561845,1.218242477348622,765626
4832,TX,NIGMS,6829510.796007868,22247089.82315708,80.58822739289285,765626
4832,TX,NIMH,2091277.5515905286,6812323.887471149,24.67707510876824,765626
4832,TX,NIMHD,296947.76551451423,967305.5376160757,3.503983633071268,765626
4832,TX,NINDS,4626495.948939506,15070782.376198027,54.592652197486174,765626
4832,TX,NINR,30287.961487812758,98662.85007903755,0.35739794555619053,765626
4832,TX,NLM,48009.92473426,156392.03741949287,0.566517111864268,765626
4832,TX,OD,1819538.812407398,5927136.599595076,21.470557986407297,765626
4833,TX,FIC,10010.982466198053,32610.71441218673,0.11812959310113703,790618
4833,TX,NCATS,833201.6581626689,2714149.3268864234,9.831779566319494,790618
4833,TX,NCCIH,19344.052072947343,63013.13181351791,0.22825981446077864,790618
4833,TX,NCI,6074475.135061625,19787565.75613656,71.67880659372719,790618
4833,TX,NEI,1213209.2758163523,3952021.8269734248,14.315869454632958,790618
4833,TX,NHGRI,188708.34287965187,614716.2776105088,2.2267584459798924,790618
4833,TX,NHLBI,3458304.4190811263,11265405.582504075,40.80799214515729,790618
4833,TX,NIA,4758376.0890200995,15500381.129300302,56.148837850437175,790618
4833,TX,NIAAA,386769.05906378606,1259897.8543001458,4.563874896952676,790618
4833,TX,NIAID,3760008.935663459,12248206.207752783,44.36810544082881,790618
4833,TX,NIAMS,620224.7854430508,2020378.46112865,7.318652468228,790618
4833,TX,NIBIB,431734.0250763777,1406370.9572289926,5.094461495901257,790618
4833,TX,NICHD,1249802.9147990223,4071225.3830875047,14.747674394628463,790618
4833,TX,NIDA,1587238.3100490724,5170419.1279789405,18.729412058579054,790618
4833,TX,NIDCD,260235.956592475,847717.0436442089,3.0707842877912053,790618
4833,TX,NIDCR,84869.56532003988,276462.0921356325,1.0014608707764707,790618
4833,TX,NIDDK,3545772.0658181193,11550330.90903193,41.84011037665381,790618
4833,TX,NIEHS,95300.47976536355,310440.7324122435,1.1245456612312899,790618
4833,TX,NIGMS,4845597.218497016,15784503.42735486,57.178047178264784,790618
4833,TX,NIMH,1518532.5563457957,4946610.553739922,17.91868416488039,790618
4833,TX,NIMHD,445258.81065752025,1450427.863887446,5.2540539657587395,790618
4833,TX,NINDS,2824289.1031681728,9200104.552360343,33.32661141738444,790618
4833,TX,NINR,23405.693327446937,76243.90346280088,0.27618718126387387,790618
4833,TX,NLM,114392.517896892,372632.9303464693,1.3498317111833256,790618
4833,TX,OD,3986231.139826745,12985123.660018189,47.03752744995559,790618
4834,TX,FIC,2313.13536117489,7535.024350976863,0.027294997261863702,796178
4834,TX,NCATS,54179.92807738147,176490.78573157397,0.6393231513131014,796178
4834,TX,NCCIH,5052.575349349646,16458.733428015996,0.059620389122325826,796178
4834,TX,NCI,459169.06505363056,1495740.4328629759,5.418194967632841,796178
4834,TX,NEI,75946.9530805694,247396.7371083393,0.8961740463507188,796178
4834,TX,NHGRI,313657.84602303704,1021738.5231005701,3.701162583071837,796178
4834,TX,NHLBI,347076.06450034224,1130598.1662581852,4.095497561104039,796178
4834,TX,NIA,771665.315056416,2513695.064002226,9.105650717665709,796178
4834,TX,NIAAA,124155.7250586113,404436.5182133812,1.4650375556916133,796178
4834,TX,NIAID,551510.662490598,1796542.6241114133,6.507825817389057,796178
4834,TX,NIAMS,24446.142369532223,79633.15988058405,0.28846447996048025,796178
4834,TX,NIBIB,28504.060996408567,92851.80509305678,0.33634791975762113,796178
4834,TX,NICHD,134808.85088043762,439139.01069558086,1.590744440389164,796178
4834,TX,NIDA,119538.38970930605,389395.5764346995,1.4105529985698115,796178
4834,TX,NIDCD,78256.30902564712,254919.450034398,0.923424446502636,796178
4834,TX,NIDCR,137473.976091516,447820.6398388395,1.6221929178798888,796178
4834,TX,NIDDK,258756.62545894523,842898.1314865376,3.0533281804155536,796178
4834,TX,NIEHS,41363.40777813866,134741.0489152501,0.4880882117820362,796178
4834,TX,NIGMS,1238469.8886984163,4034308.1195880836,14.613944686641313,796178
4834,TX,NIMH,140878.93716899838,458912.27981097094,1.662371458594181,796178
4834,TX,NIMHD,350391.35957867245,1141397.7197841853,4.134618043028335,796178
4834,TX,NINDS,264376.1309670996,861203.6364539966,3.1196383454117758,796178
4834,TX,NINR,8883.606265219303,28938.293303734186,0.10482655392958778,796178
4834,TX,NLM,1481.5969460320266,4826.293028097548,0.017482843963177914,796178
4834,TX,OD,626158.1118096386,2039706.2356311434,7.388665719353735,796178
4835,TX,FIC,21266.299453013577,69274.84094671957,0.2509423335455602,873155
4835,TX,NCATS,697112.771251773,2270840.606617628,8.225930700770922,873155
4835,TX,NCCIH,80378.42043841559,261832.215036864,0.948465361173304,873155
4835,TX,NCI,3451028.87185646,11241705.531731127,40.722140687906226,873155
4835,TX,NEI,880264.8715706002,2867457.4579263045,10.387125484533083,873155
4835,TX,NHGRI,77132.98887400872,251260.24148196846,0.910169268713303,873155
4835,TX,NHLBI,1891853.508749037,6162701.282498452,22.323871403238638,873155
4835,TX,NIA,5314612.755253391,17312318.68182002,62.71243051199002,873155
4835,TX,NIAAA,1254384.474560288,4086149.7861060374,14.8017367998114,873155
4835,TX,NIAID,3428558.6228631833,11168508.832489602,40.456991749785566,873155
4835,TX,NIAMS,353146.3265706902,1150372.0079816764,4.167126653534145,873155
4835,TX,NIBIB,516334.8241872078,1681957.5450750333,6.092750925409052,873155
4835,TX,NICHD,1517330.193426225,4942693.86385236,17.904496282429456,873155
4835,TX,NIDA,1446557.9619287641,4712153.75078458,17.069383950759416,873155
4835,TX,NIDCD,673417.3609554933,2193652.951893363,7.946324859274821,873155
4835,TX,NIDCR,658066.849450789,2143648.754158412,7.765188823519311,873155
4835,TX,NIDDK,1317882.4462123597,4292994.0420310255,15.551012865305845,873155
4835,TX,NIEHS,769649.692151504,2507129.1846655393,9.081866367387747,873155
4835,TX,NIGMS,5214775.098570924,16987098.12323379,61.53434616313691,873155
4835,TX,NIMH,2545009.939394086,8290354.377303858,30.031117284850218,873155
4835,TX,NIMHD,310357.74548017944,1010988.4656813303,3.6622213966661175,873155
4835,TX,NINDS,1840056.5972243045,5993973.158673474,21.712667847246795,873155
4835,TX,NINR,177099.364478622,576900.1011731322,2.0897725008477397,873155
4835,TX,NLM,42308.91446599319,137821.0311923689,0.4992451906987197,873155
4835,TX,OD,1767416.0428254702,5757346.995133409,20.85550930534055,873155
4836,TX,FIC,59498.270765287685,193815.25464629356,0.7020795950303947,816162
4836,TX,NCATS,1152914.3226213763,3755611.3841645806,13.60438900693224,816162
4836,TX,NCCIH,67970.32066087067,221412.90558250362,0.802049783798274,816162
4836,TX,NCI,12295219.049766669,40051601.17111791,145.0835847872467,816162
4836,TX,NEI,1835310.1172659735,5978511.52911744,21.65665938373849,816162
4836,TX,NHGRI,942631.3750067952,3070615.963029232,11.123050225080183,816162
4836,TX,NHLBI,3840808.552419499,12511410.467229031,45.32154091855009,816162
4836,TX,NIA,4293920.158638155,13987418.764829766,50.66825787193023,816162
4836,TX,NIAAA,356077.24563414307,1159919.458980239,4.201711498482888,816162
4836,TX,NIAID,7925893.316391747,25818549.205837496,93.52554113342262,816162
4836,TX,NIAMS,704220.180356183,2293992.9484878774,8.30979812820296,816162
4836,TX,NIBIB,483601.33463009977,1575328.4022046488,5.706495748635177,816162
4836,TX,NICHD,2482709.54186209,8087411.211781244,29.295972593972664,816162
4836,TX,NIDA,1133173.4691383555,3691305.6741744503,13.371446935832594,816162
4836,TX,NIDCD,518703.41387823364,1689673.2115677574,6.120700283763157,816162
4836,TX,NIDCR,995978.6613297268,3244394.423316854,11.752548203690777,816162
4836,TX,NIDDK,2989719.690202358,9738993.682076404,35.27869234438783,816162
4836,TX,NIEHS,727252.1637899288,2369019.4942480107,8.58157553272116,816162
4836,TX,NIGMS,3437376.546612463,11197233.1653977,40.56104325002706,816162
4836,TX,NIMH,1561396.4331457557,5086239.371355213,18.42447791111992,816162
4836,TX,NIMHD,732394.67800045,2385771.202968525,8.64225720040531,816162
4836,TX,NINDS,4335733.256996302,14123624.678070573,51.161652432556366,816162
4836,TX,NINR,242851.74074811407,791088.0664090139,2.865650540827746,816162
4836,TX,NLM,114835.96968834923,374077.47185631737,1.3550644423225209,816162
4836,TX,OD,3570776.7203045506,11631783.41873172,42.1351652995937,816162
4837,TX,FIC,10972.102564185263,35741.557277719905,0.1294708102573861,775784
4837,TX,NCATS,431033.93721805635,1404090.4252943655,5.086200459173065,775784
4837,TX,NCCIH,83479.00827626298,271932.36103465647,0.9850522976599032,775784
4837,TX,NCI,3548800.4232767466,11560195.765009329,41.87584499466561,775784
4837,TX,NEI,1788989.74963985,5827623.213687528,21.110079045750233,775784
4837,TX,NHGRI,142533.19906709783,464301.0278688197,1.6818917489917544,775784
4837,TX,NHLBI,2858182.2005935297,9310511.110799007,33.72654996700365,775784
4837,TX,NIA,6819906.1209523305,22215802.652660523,80.4748922272375,775784
4837,TX,NIAAA,2486067.219231976,8098348.8253638595,29.33559318693732,775784
4837,TX,NIAID,4036699.479084486,13149523.967775054,47.63305385319694,775784
4837,TX,NIAMS,592709.8461648878,1930748.7140085753,6.993976184745676,775784
4837,TX,NIBIB,1142809.2371803941,3722694.129885165,13.48514899872865,775784
4837,TX,NICHD,2770134.6270397403,9023696.676197456,32.68758859906894,775784
4837,TX,NIDA,1481129.8477206163,4824771.458192971,17.477332203103273,775784
4837,TX,NIDCD,1352845.138496593,4406884.799208159,15.9635726342598,775784
4837,TX,NIDCR,567844.067094266,1849748.590129971,6.700559991712338,775784
4837,TX,NIDDK,1478073.764391152,4814816.285360184,17.441270419815595,775784
4837,TX,NIEHS,1600870.1310641707,5214824.70191161,18.890267546557215,775784
4837,TX,NIGMS,8295933.243425784,27023952.014438786,97.89201227242425,775784
4837,TX,NIMH,4729865.354886509,15407507.586503515,55.8124111876608,775784
4837,TX,NIMHD,680661.210809932,2217249.7486758446,8.031802287557198,775784
4837,TX,NINDS,2743540.5557099483,8937066.650810692,32.37377855737739,775784
4837,TX,NINR,346377.1420312692,1128321.4305719365,4.087250275968977,775784
4837,TX,NLM,94321.74973557377,307252.525301116,1.1129966468797705,775784
4837,TX,OD,1546718.4682523971,5038425.990110605,18.251277925378286,775784
4838,TX,FIC,48018.134953354274,156418.7821581885,0.5666139924495804,810804
4838,TX,NCATS,1078947.8876475762,3514666.172726783,12.7315850742414,810804
4838,TX,NCCIH,91596.61395712206,298375.41210013046,1.0808400446940403,810804
4838,TX,NCI,16334833.781182155,53210621.55560598,192.75103861794943,810804
4838,TX,NEI,2091534.4832446228,6813160.84076953,24.68010690228655,810804
4838,TX,NHGRI,1302771.8539097027,4243771.379635526,15.372707876134493,810804
4838,TX,NHLBI,4786998.553437744,15593618.632816905,56.48658293056538,810804
4838,TX,NIA,4710735.100512418,15345190.899391899,55.58667418604654,810804
4838,TX,NIAAA,459307.4807778782,1496191.3212416975,5.419828273178963,810804
4838,TX,NIAID,5639699.988025446,18371288.36264533,66.54845985870027,810804
4838,TX,NIAMS,877232.1578999535,2857578.4116147836,10.351339463219452,810804
4838,TX,NIBIB,669457.5679315994,2180753.950234976,7.899599301592874,810804
4838,TX,NICHD,2953628.3276251587,9621426.28829405,34.852814265976875,810804
4838,TX,NIDA,1180630.0922755525,3845895.3350113695,13.93143508885152,810804
4838,TX,NIDCD,514785.7748324735,1676911.526236404,6.074472143023187,810804
4838,TX,NIDCR,1325117.7353178735,4316562.952226023,15.636389276750908,810804
4838,TX,NIDDK,3667599.005945064,11947181.42451377,43.27766827015176,810804
4838,TX,NIEHS,901351.5699022381,2936147.2493139957,10.63594852484641,810804
4838,TX,NIGMS,4448005.908657854,14489352.157066377,52.48646972216268,810804
4838,TX,NIMH,1870632.7962081265,6093574.940640263,22.07346699525589,810804
4838,TX,NIMHD,854863.9244785992,2784714.027477475,10.087394308847472,810804
4838,TX,NINDS,5224250.436472317,17017963.978738446,61.646155150373346,810804
4838,TX,NINR,317882.60069206345,1035500.6357042389,3.751014688166349,810804
4838,TX,NLM,164146.91080118265,534707.5622052294,1.9369335474539553,810804
4838,TX,OD,4668257.65143831,15206820.867740048,55.08544028697206,810804
4901,UT,FIC,79476.92718357027,218295.91831369666,0.913984662611058,871848
4901,UT,NCATS,2457127.5274694934,6748888.375917211,28.256966565899173,871848
4901,UT,NCCIH,766085.7894926989,2104175.4739475264,8.809986579166036,871848
4901,UT,NCI,10133814.929335613,27834121.353369005,116.53887168735955,871848
4901,UT,NEI,2887894.566162223,7932058.002914822,33.210787510865565,871848
4901,UT,NHGRI,1577610.4515795629,4333155.979639321,18.142520193164973,871848
4901,UT,NHLBI,7752066.703519863,21292274.12083096,89.14876709047843,871848
4901,UT,NIA,3658343.8926762776,10048218.619656969,42.070954765777195,871848
4901,UT,NIAAA,1478671.4220950427,4061404.3271313705,17.00472135409299,871848
4901,UT,NIAID,7084442.768291163,19458539.66237192,81.47109183534837,871848
4901,UT,NIAMS,1075021.775243421,2952716.894702685,12.362750415299342,871848
4901,UT,NIBIB,837376.070216542,2299985.4762832695,9.629824807490232,871848
4901,UT,NICHD,5285416.251540687,14517229.53046837,60.7822868927179,871848
4901,UT,NIDA,2309892.052389015,6344482.916621967,26.563758602473673,871848
4901,UT,NIDCD,2217159.486254272,6089778.294798666,25.497334091924127,871848
4901,UT,NIDCR,529519.8981243839,1454409.9340862923,6.089478828430415,871848
4901,UT,NIDDK,4868903.010654471,13373210.20774012,55.992384622526416,871848
4901,UT,NIEHS,999823.819326683,2746173.845998222,11.497973922256854,871848
4901,UT,NIGMS,8187787.917631967,22489051.172158923,94.15956105276761,871848
4901,UT,NIMH,2604142.386369908,7152687.878070824,29.947637443253946,871848
4901,UT,NIMHD,313640.56301404285,861463.2843748009,3.606866474661493,871848
4901,UT,NINDS,7424485.161978488,20392519.739685565,85.3815793627526,871848
4901,UT,NINR,651624.9674965382,1789790.7696813338,7.493687126210189,871848
4901,UT,NLM,797436.6561233794,2190285.57487364,9.170521545418863,871848
4901,UT,OD,3997631.9832845177,10980126.884569574,45.97276780777195,871848
4902,UT,FIC,88660.33835618847,243519.6058192369,1.0195938910961675,880783
4902,UT,NCATS,2710852.655372395,7445784.465859072,31.174805536782543,880783
4902,UT,NCCIH,848910.84871665,2331667.565091387,9.762474760241476,880783
4902,UT,NCI,11206476.721505705,30780356.182264,128.8744822973156,880783
4902,UT,NEI,3146139.8173961015,8641369.324652795,36.180607900055165,880783
4902,UT,NHGRI,1737261.6718488375,4771663.241729193,19.978509226261632,880783
4902,UT,NHLBI,8592474.156769048,23600585.768826216,98.81345280284405,880783
4902,UT,NIA,3780954.342690407,10384987.562911017,43.48097494093968,880783
4902,UT,NIAAA,1236380.1019398521,3395912.9938976285,14.218371172308299,880783
4902,UT,NIAID,7477500.996879739,20538136.093702435,85.991261464117,880783
4902,UT,NIAMS,1245915.283649711,3422102.874676913,14.328025761971675,880783
4902,UT,NIBIB,931631.849456652,2558873.843193438,10.713766268751497,880783
4902,UT,NICHD,4653943.175320286,12782789.10921862,53.520346516183295,880783
4902,UT,NIDA,2657205.5814106623,7298434.314182093,30.557864186222616,880783
4902,UT,NIDCD,1949079.3259879244,5353453.843906672,22.41441224886113,880783
4902,UT,NIDCR,597445.9365520171,1640979.5142327796,6.870628270348197,880783
4902,UT,NIDDK,5441837.369383124,14946864.80668132,62.58112974790592,880783
4902,UT,NIEHS,1041295.667334792,2860082.818902848,11.974900174350108,880783
4902,UT,NIGMS,8004398.417862563,21985342.98061315,92.05058180541948,880783
4902,UT,NIMH,2870149.316062073,7883317.874130387,33.006717134713845,880783
4902,UT,NIMHD,343533.28208905354,943568.3530106423,3.950632744024116,880783
4902,UT,NINDS,8233465.344241708,22614511.430139825,94.68485145877963,880783
4902,UT,NINR,728735.4071637813,2001586.7567085412,8.380457182383486,880783
4902,UT,NLM,883191.9119880255,2425825.9133414417,10.156706987862293,880783
4902,UT,OD,4423327.839026338,12149367.707593065,50.86827014880289,880783
4903,UT,FIC,59266.60724951806,162785.08635579527,0.6815659833694577,830117
4903,UT,NCATS,1823064.1514130193,5007333.2875374975,20.965237741249723,830117
4903,UT,NCCIH,597831.6500884871,1642038.9373085517,6.875063976017602,830117
4903,UT,NCI,7847960.951959705,21555662.80187328,90.25155094753661,830117
4903,UT,NEI,2655853.891645722,7294721.685008203,30.542319753925803,830117
4903,UT,NHGRI,1154534.0970094758,3171110.029820813,13.277142115608973,830117
4903,UT,NHLBI,5780729.494313238,15877685.48939378,66.47838918460224,830117
4903,UT,NIA,3023575.305790376,8304726.558484395,34.771116016589325,830117
4903,UT,NIAAA,945780.2388223776,2597734.6265515704,10.876472746457344,830117
4903,UT,NIAID,6454866.579607751,17729309.341984123,74.23096566548914,830117
4903,UT,NIAMS,816573.5904568108,2242848.183948553,9.390596290253324,830117
4903,UT,NIBIB,994472.9756614099,2731476.9097545007,11.436439220106214,830117
4903,UT,NICHD,3397034.7978288815,9330491.968100851,39.06590017503214,830117
4903,UT,NIDA,1717651.1617201082,4717799.882024013,19.752988359781245,830117
4903,UT,NIDCD,1736760.9420546335,4770287.908357278,19.972750833628286,830117
4903,UT,NIDCR,396995.7706687722,1090411.5118168348,4.56545136269088,830117
4903,UT,NIDDK,3657637.10998368,10046277.329493944,42.06282676481232,830117
4903,UT,NIEHS,820336.1394516989,2253182.6183202076,9.433865603694537,830117
4903,UT,NIGMS,6884679.556808406,18909858.488586724,79.17381490329666,830117
4903,UT,NIMH,1927763.9632947557,5294907.83768593,22.16928557788969,830117
4903,UT,NIMHD,232688.58394976877,639115.9033754009,2.6759187154223407,830117
4903,UT,NINDS,5968423.006407719,16393215.329765586,68.63686457368877,830117
4903,UT,NINR,485795.8426400348,1334314.918053411,5.5866521903604,830117
4903,UT,NLM,592999.4806137957,1628766.6215521968,6.81949402705865,830117
4903,UT,OD,3119237.0829507797,8567476.720484462,35.871226453933964,830117
4904,UT,FIC,59322.50388731486,162938.61528942297,0.6822087947041209,920865
4904,UT,NCATS,1828976.9879248065,5023573.8257907955,21.033235361135276,920865
4904,UT,NCCIH,578327.9978344714,1588469.0796135315,6.650771975096421,920865
4904,UT,NCI,7610160.507486978,20902506.367155075,87.51684583610025,920865
4904,UT,NEI,2349288.9134190083,6452692.610453679,27.016822504318593,920865
4904,UT,NHGRI,1132613.7776290441,3110902.414624159,13.025058442734007,920865
4904,UT,NHLBI,5786639.502191398,15893918.258358592,66.54635427520108,920865
4904,UT,NIA,2655401.66954212,7293479.585660809,30.537119199734377,920865
4904,UT,NIAAA,870463.6771400197,2390865.8084012973,10.010332287110227,920865
4904,UT,NIAID,5505472.1653779745,15121647.812525466,63.31292990184671,920865
4904,UT,NIAMS,869451.8129204941,2388086.5636967313,9.998695848585683,920865
4904,UT,NIBIB,716036.7287314286,1966707.833126631,8.234422380411429,920865
4904,UT,NICHD,3230971.2227382385,8874372.1619194,37.15616906148974,920865
4904,UT,NIDA,1550331.8630254786,4258231.032868777,17.828816424793004,920865
4904,UT,NIDCD,1414862.511492787,3886143.0880507096,16.27091888216705,920865
4904,UT,NIDCR,408164.24571082834,1121087.4903915732,4.693888825674526,920865
4904,UT,NIDDK,3623461.0897338013,9952407.49847339,41.669802531938714,920865
4904,UT,NIEHS,704736.8739852993,1935670.9994689804,8.104474050830941,920865
4904,UT,NIGMS,5832303.898239847,16019342.725847282,67.07149482975824,920865
4904,UT,NIMH,1935698.573105597,5316701.495247927,22.260533590714363,920865
4904,UT,NIMHD,232755.63524542097,639300.0703365206,2.6766898053223414,920865
4904,UT,NINDS,5617791.78211067,15430151.358751832,64.6046054942727,920865
4904,UT,NINR,494363.819043006,1357848.2168768125,5.685183918994569,920865
4904,UT,NLM,595003.372728376,1634270.6273669095,6.842538786376323,920865
4904,UT,OD,3033325.9042281965,8331508.115289879,34.88324789862426,920865
5000,VT,FIC,91931.43039179214,211407.20156891132,0.689485727938441,648493
5000,VT,NCATS,489201.6421201122,1124977.0586922427,3.6690123159008414,648493
5000,VT,NCCIH,133662.43625050204,307372.58717911254,1.0024682718787654,648493
5000,VT,NCI,13240609.886385696,30448349.070791535,99.30457414789272,648493
5000,VT,NEI,465356.1091556359,1070141.434222407,3.490170818667269,648493
5000,VT,NHGRI,130425.46836767126,299928.7965325265,0.9781910127575345,648493
5000,VT,NHLBI,11743487.719311126,27005539.507194478,88.07615789483344,648493
5000,VT,NIA,8132570.139308085,18701807.28600428,60.99427604481064,648493
5000,VT,NIAAA,338737.6751578266,778967.3636740097,2.5405325636837,648493
5000,VT,NIAID,11877449.100743366,27313599.554190375,89.08086825557525,648493
5000,VT,NIAMS,1581784.4121769697,3637500.413498566,11.863383091327274,648493
5000,VT,NIBIB,1405459.5083778729,3232020.434342246,10.540946312834047,648493
5000,VT,NICHD,2315138.1198021127,5323934.035041118,17.363535898515845,648493
5000,VT,NIDA,7793749.837801671,17922649.91326529,58.45312378351253,648493
5000,VT,NIDCD,573937.4527382504,1319837.081201511,4.304530895536878,648493
5000,VT,NIDCR,1077700.0644022676,2478298.812222772,8.082750483017007,648493
5000,VT,NIDDK,3070882.4985926,7061857.654206266,23.031618739444504,648493
5000,VT,NIEHS,545842.056907191,1255228.3942235978,4.093815426803933,648493
5000,VT,NIGMS,25220796.592636395,57998205.904822245,189.15597444477297,648493
5000,VT,NIMH,8310901.539886432,19111901.44191441,62.33176154914824,648493
5000,VT,NIMHD,210361.94658970408,483752.18633701035,1.5777145994227806,648493
5000,VT,NINDS,4352437.7665067585,10008945.6271768,32.64328324880069,648493
5000,VT,NINR,55440.541908127714,127492.08587651506,0.41580406431095784,648493
5000,VT,NLM,319643.8620753333,735058.8812991921,2.397328965565,648493
5000,VT,OD,8153952.412906917,18750978.354108464,61.15464309680188,648493
5101,VA,FIC,33056.32087747563,91347.33683001035,0.28097872745854285,823798
5101,VA,NCATS,1994749.4323903297,5512260.392419884,16.955370175317803,823798
5101,VA,NCCIH,81215.51800822622,224429.73332753286,0.6903319030699229,823798
5101,VA,NCI,8050230.907006973,22245886.25417175,68.42696270955928,823798
5101,VA,NEI,352509.06544069573,974118.2164765588,2.9963270562459137,823798
5101,VA,NHGRI,52705.17697908363,145644.68841038554,0.44799400432221087,823798
5101,VA,NHLBI,4593046.213449064,12692354.393910259,39.04089281431704,823798
5101,VA,NIA,2155120.2699826104,5955426.737929163,18.318522294852187,823798
5101,VA,NIAAA,2837095.3031003154,7839986.223262237,24.11531007635268,823798
5101,VA,NIAID,3024616.5798637695,8358179.681475454,25.70924092884204,823798
5101,VA,NIAMS,530780.801217583,1466751.6331124126,4.511636810349455,823798
5101,VA,NIBIB,223825.7272851047,618516.6273439158,1.90251868192339,823798
5101,VA,NICHD,1854700.0466517517,5125250.039413082,15.76495039653989,823798
5101,VA,NIDA,5268739.294471373,14559554.427895585,44.78428400300667,823798
5101,VA,NIDCD,155745.164710106,430383.83107279247,1.323833900035901,823798
5101,VA,NIDCR,1592597.9242443917,4400961.00107307,13.53708235607733,823798
5101,VA,NIDDK,2393992.552770857,6615522.789032045,20.348936698552283,823798
5101,VA,NIEHS,120092.22058839496,331861.0248676216,1.0207838750013571,823798
5101,VA,NIGMS,3163385.0574411443,8741650.392255178,26.888772988249727,823798
5101,VA,NIMH,2086896.5284095567,5766898.282981722,17.73862049148123,823798
5101,VA,NIMHD,261831.7318995554,723541.8453029047,2.2255697211462206,823798
5101,VA,NINDS,2700518.301411497,7462571.403786595,22.954405561997724,823798
5101,VA,NINR,296817.57486411673,820221.1942664875,2.522949386344992,823798
5101,VA,NLM,60629.701407032924,167543.19928280325,0.5153524619597799,823798
5101,VA,OD,4372275.0466149105,12082278.692688005,37.16433789622674,823798
5102,VA,FIC,18800.865309185217,51954.02665830336,0.15980735512807434,788048
5102,VA,NCATS,278322.7253331117,769112.8069782864,2.3657431653314496,788048
5102,VA,NCCIH,84930.51458115215,234695.69863344906,0.7219093739397933,788048
5102,VA,NCI,1883638.880722371,5205219.175516123,16.010930486140154,788048
5102,VA,NEI,208915.32907418947,577313.4585856487,1.7757802971306105,788048
5102,VA,NHGRI,51976.29689284848,143630.51221114074,0.44179852358921207,788048
5102,VA,NHLBI,1941694.9806725334,5365650.523482553,16.504407335716532,788048
5102,VA,NIA,873747.5013920092,2414500.6218287563,7.426853761832078,788048
5102,VA,NIAAA,291497.720327822,805520.3887529285,2.477730622786487,788048
5102,VA,NIAID,2198665.9194761855,6075760.126708723,18.688660315547576,788048
5102,VA,NIAMS,164209.99051205153,453775.40258505236,1.395784919352438,788048
5102,VA,NIBIB,125229.4124487588,346057.06310697686,1.0644500058144497,788048
5102,VA,NICHD,652200.4693731209,1802280.9064971465,5.543703989671528,788048
5102,VA,NIDA,843167.8376535662,2329997.2418543864,7.166926620055312,788048
5102,VA,NIDCD,268035.1526838503,740684.2844140703,2.278298797812728,788048
5102,VA,NIDCR,131168.67050892225,362469.51894418366,1.1149336993258392,788048
5102,VA,NIDDK,614195.3435680276,1697258.1170266357,5.220660420328235,788048
5102,VA,NIEHS,87384.90443258606,241478.12240353844,0.7427716876769815,788048
5102,VA,NIGMS,1279635.3803445508,3536125.0437153485,10.876900732928682,788048
5102,VA,NIMH,477256.6285416463,1318843.7443882334,4.056681342603993,788048
5102,VA,NIMHD,194448.82285837637,537336.9342486719,1.6528149942961992,788048
5102,VA,NINDS,660074.492098731,1824039.8617296256,5.610633182839213,788048
5102,VA,NINR,46149.77999476905,127529.60359498343,0.3922731299555369,788048
5102,VA,NLM,29810.79488735543,82378.69942753174,0.25339175654252116,788048
5102,VA,OD,1512197.7144027348,4178784.2779939524,12.853680572423245,788048
5103,VA,FIC,21928.71456741972,60597.47796083877,0.1863940738230676,775248
5103,VA,NCATS,315718.8281531416,872452.6315489825,2.6836100393017035,775248
5103,VA,NCCIH,120715.47908574122,333583.3279666349,1.0260815722288004,775248
5103,VA,NCI,2220542.7167623616,6136214.137240303,18.87461309248007,775248
5103,VA,NEI,262516.2694723425,725433.4860715781,2.231388290514911,775248
5103,VA,NHGRI,63796.97082207589,176295.58365006844,0.5422742519876451,775248
5103,VA,NHLBI,2074553.3909509429,5732789.443732784,17.633703823083014,775248
5103,VA,NIA,1151041.726583221,3180771.2870805003,9.783854675957379,775248
5103,VA,NIAAA,337977.5732833381,933962.1109722317,2.8728093729083737,775248
5103,VA,NIAID,2363250.36542642,6530570.293784545,20.08762810612457,775248
5103,VA,NIAMS,198730.98427641738,549170.1943039615,1.6892133663495477,775248
5103,VA,NIBIB,146364.97743116686,404462.7635083229,1.2441023081649183,775248
5103,VA,NICHD,723837.8781961326,2000242.637859809,6.152621964667127,775248
5103,VA,NIDA,927650.4310469462,2563455.1618565,7.8850286638990426,775248
5103,VA,NIDCD,493256.11439235986,1363056.4814477887,4.192676972335058,775248
5103,VA,NIDCR,156759.42816875334,433186.6313642962,1.3324551394344033,775248
5103,VA,NIDDK,711526.7030066533,1966222.1226616728,6.047976975556553,775248
5103,VA,NIEHS,115110.27381552855,318093.98855353787,0.9784373274319926,775248
5103,VA,NIGMS,1965344.9034293722,5431004.362104828,16.705431679149665,775248
5103,VA,NIMH,455838.8382974012,1259658.1469695964,3.87463012552791,775248
5103,VA,NIMHD,222312.4349100615,614334.8180972749,1.8896556967355227,775248
5103,VA,NINDS,773952.7141114386,2138729.216977435,6.578598069947228,775248
5103,VA,NINR,53015.541646388134,146502.34543487662,0.45063210399429915,775248
5103,VA,NLM,45610.19010002863,126038.50904614908,0.38768661585024333,775248
5103,VA,OD,1680468.6089174799,4643781.52124129,14.283983175798578,775248
5104,VA,FIC,38646.708167871526,106795.72846194082,0.32849701942690795,810465
5104,VA,NCATS,3043763.6718890704,8411090.465801189,25.871991211057097,810465
5104,VA,NCCIH,35500.16744202123,98100.62544067737,0.30175142325718046,810465
5104,VA,NCI,11987251.920046575,33125390.537723497,101.89164132039589,810465
5104,VA,NEI,490542.5969765673,1355557.9884880534,4.169612074300822,810465
5104,VA,NHGRI,75775.94167529147,209398.09041303894,0.6440955042399775,810465
5104,VA,NHLBI,6254609.6594160255,17283893.673969653,53.16418210503622,810465
5104,VA,NIA,3187807.7148861703,8809139.594220025,27.09636557653245,810465
5104,VA,NIAAA,4298388.723554769,11878102.3457581,36.536304150215535,810465
5104,VA,NIAID,4067453.490793038,11239939.418577148,34.57335467174082,810465
5104,VA,NIAMS,742401.2074283981,2051540.260918084,6.310410263141383,810465
5104,VA,NIBIB,265882.8301526538,734736.5889051609,2.260004056297557,810465
5104,VA,NICHD,2364089.5172198764,6532889.193150646,20.09476089636895,810465
5104,VA,NIDA,7838599.410451358,21661066.979475103,66.62809498883654,810465
5104,VA,NIDCD,200584.18140060882,554291.2911901934,1.704965541905175,810465
5104,VA,NIDCR,2434107.9115145975,6726376.96426841,20.689917247874078,810465
5104,VA,NIDDK,3197690.780473108,8836450.308090128,27.180371634021416,810465
5104,VA,NIEHS,136544.65330220474,377325.42843364336,1.1606295530687403,810465
5104,VA,NIGMS,3847074.7350262166,10630948.10015951,32.70013524772284,810465
5104,VA,NIMH,3013736.791028525,8328114.637665644,25.616762723742465,810465
5104,VA,NIMHD,228328.5674966731,630959.7078374297,1.9407928237217211,810465
5104,VA,NINDS,3394032.6460231505,9379018.44786316,28.84927749119678,810465
5104,VA,NINR,439295.6935828481,1213943.071233579,3.734013395454209,810465
5104,VA,NLM,54265.75818706192,149957.174902278,0.4612589445900263,810465
5104,VA,OD,4716693.337646458,13034038.98561017,40.09189336999489,810465
5105,VA,FIC,643983.6008237076,1779574.5363038857,5.473860607001515,805334
5105,VA,NCATS,3294787.193238187,9104765.06564323,28.00569114252459,805334
5105,VA,NCCIH,241026.9398861222,666050.1979180214,2.0487289890320386,805334
5105,VA,NCI,17884107.389627732,49420671.697846785,152.01491281183573,805334
5105,VA,NEI,3152839.5292099244,8712509.039139744,26.799135998284356,805334
5105,VA,NHGRI,441069.4171708768,1218844.5521527515,3.7490900459524528,805334
5105,VA,NHLBI,26714915.102033574,73823592.08260897,227.07677836728539,805334
5105,VA,NIA,7736920.599685301,21380089.29263728,65.76382509732505,805334
5105,VA,NIAAA,892017.2248482185,2464986.8991289823,7.582146411209857,805334
5105,VA,NIAID,19835566.10594038,54813303.180630356,168.60231190049322,805334
5105,VA,NIAMS,3249601.135715099,8979898.598141268,27.621609653578343,805334
5105,VA,NIBIB,3559219.899845849,9835494.4050907,30.253369148689714,805334
5105,VA,NICHD,6554192.636048044,18111756.737629265,55.710637406408374,805334
5105,VA,NIDA,2812740.7605440244,7772685.248950053,23.908296464624208,805334
5105,VA,NIDCD,1813659.5912814632,5011839.466159564,15.416106525892436,805334
5105,VA,NIDCR,358174.915082658,989775.1396287412,3.044486778202593,805334
5105,VA,NIDDK,13288819.276733547,36722122.07293936,112.95496385223515,805334
5105,VA,NIEHS,361570.1762567226,999157.5529724013,3.073346498182142,805334
5105,VA,NIGMS,17858495.349272963,49349895.77314958,151.79721046882017,805334
5105,VA,NIMH,4058145.26924777,11214217.220031956,34.49423478860604,805334
5105,VA,NIMHD,1981383.2973164993,5475324.617043364,16.841758027190245,805334
5105,VA,NINDS,12965637.265610415,35829045.79452082,110.20791675768854,805334
5105,VA,NINR,806156.8593581541,2227721.6645664466,6.8523333045443096,805334
5105,VA,NLM,173591.50855009793,479700.1475490989,1.4755278226758324,805334
5105,VA,OD,3273671.516701375,9046414.324671447,27.826207891961687,805334
5106,VA,FIC,102448.39165865432,283104.33502939116,0.8708113290985617,797837
5106,VA,NCATS,678260.7073019503,1874295.3735873746,5.765216012066578,797837
5106,VA,NCCIH,86069.92229754748,237844.32067284844,0.7315943395291536,797837
5106,VA,NCI,3827931.794337575,10578048.787574671,32.537420251869385,797837
5106,VA,NEI,652686.9228750315,1803625.1647422146,5.547838844437767,797837
5106,VA,NHGRI,132157.16974623204,365201.12277636555,1.1233359428429723,797837
5106,VA,NHLBI,4994180.2803546935,13800842.203531822,42.450532383014895,797837
5106,VA,NIA,2103339.9857591074,5812337.8841619855,17.87838987895241,797837
5106,VA,NIAAA,572210.1181960716,1581236.7806489,4.863786004666609,797837
5106,VA,NIAID,4739752.076445436,13097759.155430421,40.28789264978621,797837
5106,VA,NIAMS,672095.7977940422,1857259.355954537,5.712814281249358,797837
5106,VA,NIBIB,699769.5590469701,1933732.6089791046,5.948041251899245,797837
5106,VA,NICHD,1365188.82205531,3772542.129751215,11.604104987470135,797837
5106,VA,NIDA,1272615.9058073228,3516727.5340136937,10.817235199362244,797837
5106,VA,NIDCD,462530.1577177236,1278148.8377875774,3.9315063406006505,797837
5106,VA,NIDCR,110949.44668815851,306596.0218407843,0.9430702968493473,797837
5106,VA,NIDDK,2462237.5217700186,6804109.903527532,20.929018935045157,797837
5106,VA,NIEHS,200681.1174906079,554559.1629142412,1.7057894986701672,797837
5106,VA,NIGMS,3640432.9938283237,10059917.439902158,30.94368044754075,797837
5106,VA,NIMH,1492223.5064386905,4123587.854000879,12.683899804728869,797837
5106,VA,NIMHD,436837.7385023274,1207150.7953633883,3.713120777269783,797837
5106,VA,NINDS,2992267.135532715,8268785.716595774,25.434270652028076,797837
5106,VA,NINR,157430.51974380147,435041.11566631286,1.3381594178223124,797837
5106,VA,NLM,155863.36166765683,430710.4547564655,1.324838574175083,797837
5106,VA,OD,2671997.3404809716,7383757.011994691,22.711977394088258,797837
5107,VA,FIC,120463.9231030031,332888.1819710489,1.0239433463755263,825445
5107,VA,NCATS,740450.5831278148,2046149.9352470988,6.293829956586426,825445
5107,VA,NCCIH,50327.063734681884,139073.04626177918,0.427780041744796,825445
5107,VA,NCI,5406638.468206786,14940622.917594697,45.95642697975768,825445
5107,VA,NEI,608269.0535617752,1680881.4969133448,5.170286955275089,825445
5107,VA,NHGRI,104598.59579127863,289046.1765877465,0.8890880642258683,825445
5107,VA,NHLBI,5288444.138706451,14614006.496236654,44.951775179004834,825445
5107,VA,NIA,1880918.4243766593,5197701.5076224655,15.987806607201604,825445
5107,VA,NIAAA,438781.5779388409,1212522.371843687,3.7296434124801476,825445
5107,VA,NIAID,4749797.6030484205,13125518.811613543,40.37327962591157,825445
5107,VA,NIAMS,542007.0109551534,1497773.9712008883,4.607059593118803,825445
5107,VA,NIBIB,634474.9421330694,1753298.452784646,5.39303700813109,825445
5107,VA,NICHD,1959774.4856746057,5415611.153985431,16.65808312823415,825445
5107,VA,NIDA,1467560.4000438899,4055434.1990472404,12.474263400373063,825445
5107,VA,NIDCD,358578.2706405132,990889.7662728323,3.0479153004443624,825445
5107,VA,NIDCR,237989.44495229755,657656.4303881146,2.022910282094529,825445
5107,VA,NIDDK,2475908.0119866696,6841886.729299533,21.045218101886693,825445
5107,VA,NIEHS,426804.1101816575,1179424.0187135434,3.6278349365440885,825445
5107,VA,NIGMS,3117736.5891585015,8615506.105858505,26.500761007847263,825445
5107,VA,NIMH,1313969.768514771,3631004.172359532,11.168743032375554,825445
5107,VA,NIMHD,778181.4720108457,2150414.902557554,6.614542512092188,825445
5107,VA,NINDS,2496887.5481198393,6899861.261940274,21.223544159018633,825445
5107,VA,NINR,170735.33421881878,471807.4386281142,1.4512503408599597,825445
5107,VA,NLM,402900.1025659122,1113368.0458375516,3.4246508718102535,825445
5107,VA,OD,6977253.965823065,19280838.0136113,59.30665870949605,825445
5108,VA,FIC,162792.4530036878,449858.20088781486,1.3837358505313464,788825
5108,VA,NCATS,1478815.0326336087,4086535.080415184,12.569927777385674,788825
5108,VA,NCCIH,115153.10752497504,318212.354577966,0.9788014139622878,788825
5108,VA,NCI,9839536.651421683,27190426.66847707,83.6360615370843,788825
5108,VA,NEI,686009.495119414,1895708.256570019,5.831080708515018,788825
5108,VA,NHGRI,279165.7453355058,771442.3956944221,2.3729088353517995,788825
5108,VA,NHLBI,6372527.087544994,17609744.91026876,54.16648024413245,788825
5108,VA,NIA,3927012.609676249,10851847.213167189,33.379607182248115,788825
5108,VA,NIAAA,546268.7269853004,1509550.7327806975,4.643284179375054,788825
5108,VA,NIAID,7863822.113714214,21730767.015944842,66.84248796657083,788825
5108,VA,NIAMS,518668.5227399237,1433280.746077566,4.408682443289351,788825
5108,VA,NIBIB,568908.4655474487,1572113.0436877504,4.835721957153314,788825
5108,VA,NICHD,4550780.248211116,12575557.26523563,38.681632109794485,788825
5108,VA,NIDA,2404687.145362147,6645076.06434412,20.43984073557825,788825
5108,VA,NIDCD,871736.9410719477,2408944.6698686318,7.409763999111555,788825
5108,VA,NIDCR,529986.6266574115,1464557.0231520755,4.5048863265879975,788825
5108,VA,NIDDK,2802349.687641969,7743970.715353665,23.819972344956735,788825
5108,VA,NIEHS,1838805.303372928,5081326.746391486,15.629845078669888,788825
5108,VA,NIGMS,3115280.518819118,8608719.038253447,26.4798844099625,788825
5108,VA,NIMH,2700876.033530603,7463559.9553105235,22.95744628501013,788825
5108,VA,NIMHD,1905770.025863124,5266376.047059676,16.199045219836556,788825
5108,VA,NINDS,3508267.9428050513,9694694.538124096,29.820277513842935,788825
5108,VA,NINR,236150.42900470653,652574.5215506788,2.0072786465400054,788825
5108,VA,NLM,572088.6954629696,1580901.2429058887,4.862753911435242,788825
5108,VA,OD,13307862.99645953,36774747.19981762,113.11683546990601,788825
5109,VA,FIC,17432.69724586079,48173.25173831766,0.1481779265898167,782270
5109,VA,NCATS,168701.99469472794,466188.5389603214,1.4339669549051874,782270
5109,VA,NCCIH,277244.1437139141,766132.2708553254,2.35657522156827,782270
5109,VA,NCI,2898871.947372467,8010698.867100383,24.640411552665967,782270
5109,VA,NEI,558763.354372503,1544078.19700561,4.749488512166275,782270
5109,VA,NHGRI,69545.50593432918,192180.9985794701,0.5911368004417981,782270
5109,VA,NHLBI,4183021.3734618723,11559297.95651034,35.55568167442591,782270
5109,VA,NIA,3063410.072164794,8465381.030989481,26.038985613400747,782270
5109,VA,NIAAA,1282139.804515655,3543045.731567182,10.898188338383067,782270
5109,VA,NIAID,6887245.691486731,19032110.5105185,58.54158837763721,782270
5109,VA,NIAMS,1356195.2631059668,3747689.465061419,11.527659736400718,782270
5109,VA,NIBIB,1092016.053678622,3017660.6358855455,9.282136456268287,782270
5109,VA,NICHD,1494486.0413402412,4129840.108706043,12.70313135139205,782270
5109,VA,NIDA,2875037.3163276087,7944834.608390418,24.437817188784674,782270
5109,VA,NIDCD,75099.50513434767,207528.83591315828,0.6383457936419552,782270
5109,VA,NIDCR,52496.843086588684,145068.98168484334,0.44622316623600383,782270
5109,VA,NIDDK,2834200.2303336607,7831986.022993635,24.090701957836117,782270
5109,VA,NIEHS,622887.2260263381,1721277.1334667609,5.294541421223873,782270
5109,VA,NIGMS,5644712.388251593,15598512.785174988,47.980055300138545,782270
5109,VA,NIMH,5338145.7193369195,14751351.09195447,45.37423861436382,782270
5109,VA,NIMHD,279188.6922316517,771505.8067999474,2.3731038839690393,782270
5109,VA,NINDS,6056606.975253419,16736736.053177917,51.48115928965406,782270
5109,VA,NINR,106539.60994716932,294409.94573033066,0.9055866845509392,782270
5109,VA,NLM,19984.588267852403,55225.10876751857,0.16986900027674542,782270
5109,VA,OD,1191752.6824621032,3293271.326426196,10.129897800927877,782270
5110,VA,FIC,66862.01934536657,184765.49235210248,0.5683271644356158,821178
5110,VA,NCATS,513785.9206596957,1419788.2373836113,4.367180325607413,821178
5110,VA,NCCIH,42289.542958702,116862.2829913293,0.35946111514896695,821178
5110,VA,NCI,7420483.261783783,20505651.142123744,63.07410772516216,821178
5110,VA,NEI,393701.80353474995,1087949.6055042455,3.3464653300453744,821178
5110,VA,NHGRI,134862.918038011,372678.14665638155,1.1463348033230936,821178
5110,VA,NHLBI,4802664.709630833,13271610.973839084,40.82265003186208,821178
5110,VA,NIA,2470100.9323391328,6825839.533287358,20.99585792488263,821178
5110,VA,NIAAA,398588.56930912606,1101453.6200875947,3.3880028391275716,821178
5110,VA,NIAID,5243199.31055957,14488977.622882351,44.567194139756346,821178
5110,VA,NIAMS,299954.6599270807,828890.1676520352,2.549614609380186,821178
5110,VA,NIBIB,447694.5189190055,1237152.258057548,3.805403410811547,821178
5110,VA,NICHD,1654574.4323642233,4572225.945643104,14.063882675095899,821178
5110,VA,NIDA,1813525.6573791876,5011469.355241006,15.414968087723095,821178
5110,VA,NIDCD,289421.7841726308,799783.7781994212,2.460085165467362,821178
5110,VA,NIDCR,227254.09929453878,627990.5386689281,1.9316598440035797,821178
5110,VA,NIDDK,1771625.8339392925,4895684.017269833,15.058819588483987,821178
5110,VA,NIEHS,690342.1167229947,1907680.9575383519,5.867907992145455,821178
5110,VA,NIGMS,2064163.2011245838,5704077.350414411,17.545387209558964,821178
5110,VA,NIMH,1546695.7496073062,4274115.6263761865,13.146913871662102,821178
5110,VA,NIMHD,896717.7936735434,2477976.379881276,7.622101246225118,821178
5110,VA,NINDS,1838466.6874101397,5080391.020164618,15.626966842986187,821178
5110,VA,NINR,106956.7661446489,295562.7088530973,0.9091325122295156,821178
5110,VA,NLM,1375191.5368620479,3800183.480464513,11.689128063327408,821178
5110,VA,OD,14907975.271250254,41196473.24346632,126.71778980562715,821178
5111,VA,FIC,102023.22800669198,281929.4442280938,0.8671974380568818,792747
5111,VA,NCATS,795707.6057083358,2198846.3551722127,6.763514648520854,792747
5111,VA,NCCIH,64386.62243272446,177925.0179869966,0.5472862906781579,792747
5111,VA,NCI,9370607.756865023,25894595.658148892,79.6501659333527,792747
5111,VA,NEI,557560.7764312745,1540755.0113229407,4.739266599665833,792747
5111,VA,NHGRI,184196.2069434944,509005.0105951958,1.5656677590197026,792747
5111,VA,NHLBI,6229807.413413376,17215355.52272946,52.95336301401369,792747
5111,VA,NIA,3291882.487475869,9096738.2457002,27.981001143544884,792747
5111,VA,NIAAA,479747.4486386619,1325726.8389476186,4.077853313428626,792747
5111,VA,NIAID,7650959.271268548,21142545.058651134,65.03315380578266,792747
5111,VA,NIAMS,387234.95785858727,1070079.2220336322,3.2914971417979917,792747
5111,VA,NIBIB,697139.6657786818,1926465.2017229933,5.9256871591187945,792747
5111,VA,NICHD,2876560.6047838223,7949044.040656482,24.45076514066249,792747
5111,VA,NIDA,3499890.339606787,9671543.9962348,29.74906788665769,792747
5111,VA,NIDCD,448330.1379777523,1238908.7181448676,3.8108061728108944,792747
5111,VA,NIDCR,355588.8952168142,982628.9714689538,3.0225056093429203,792747
5111,VA,NIDDK,1998184.6680588108,5521753.27067643,16.98456967849989,792747
5111,VA,NIEHS,1372794.6851214513,3793560.056639115,11.668754823532336,792747
5111,VA,NIGMS,2559044.600376147,7071625.119444645,21.751879103197247,792747
5111,VA,NIMH,2407424.2590305177,6652639.762831117,20.4631062017594,792747
5111,VA,NIMHD,1292677.1915093374,3572164.587310017,10.987756127829368,792747
5111,VA,NINDS,2657404.30371456,7343430.835049136,22.587936581573757,792747
5111,VA,NINR,145643.19766482903,402468.20822562434,1.2379671801510468,792747
5111,VA,NLM,1410462.488127535,3897650.693391972,11.988931149084047,792747
5111,VA,OD,23451906.29594499,64806642.93107271,199.3412035155324,792747
5301,WA,FIC,372246.404650118,899774.5887928187,2.9035219562709207,810553
5301,WA,NCATS,2781813.136074333,6724053.5820953585,21.698142461379796,810553
5301,WA,NCCIH,590464.6172481903,1427240.2675871784,4.605624014535884,810553
5301,WA,NCI,24216550.070779454,58534981.42553351,188.88909055207975,810553
5301,WA,NEI,2342128.755600281,5661271.436458482,18.26860429368219,810553
5301,WA,NHGRI,4003318.8146265503,9676613.380921252,31.225886754087092,810553
5301,WA,NHLBI,12054014.762736872,29136335.612531744,94.0213151493476,810553
5301,WA,NIA,10786391.596801497,26072303.029206183,84.13385445505168,810553
5301,WA,NIAAA,1216301.8893976493,2939981.4711691975,9.487154737301665,810553
5301,WA,NIAID,77213090.49401993,186635454.0454994,602.2621058533554,810553
5301,WA,NIAMS,1972281.833859371,4767296.75256999,15.383798304103093,810553
5301,WA,NIBIB,873944.0232199429,2112451.8982521123,6.816763381115555,810553
5301,WA,NICHD,5840678.890217133,14117784.29842882,45.55729534369364,810553
5301,WA,NIDA,5732571.406568812,13856472.529047133,44.71405697123674,810553
5301,WA,NIDCD,1432767.6152800855,3463211.1305037895,11.175587399184666,810553
5301,WA,NIDCR,1213646.239856219,2933562.3736459743,9.466440670878507,810553
5301,WA,NIDDK,7023216.625505404,16976152.817799978,54.781089678942145,810553
5301,WA,NIEHS,1822657.777998097,4405633.290802962,14.216730668385157,810553
5301,WA,NIGMS,7908707.857941209,19116516.027737353,61.68792129194143,810553
5301,WA,NIMH,10819257.250840422,26151744.173509713,84.39020655655528,810553
5301,WA,NIMHD,721659.3419826427,1744357.3116340712,5.6289428674646125,810553
5301,WA,NINDS,5490531.903927863,13271427.27074551,42.82614885063733,810553
5301,WA,NINR,969378.432672611,2343130.9738570745,7.5611517748463655,810553
5301,WA,NLM,464089.9786454702,1121774.0842684149,3.6199018334346675,810553
5301,WA,OD,8310599.941110183,20087948.603996456,64.82267954065942,810553
5302,WA,FIC,258975.1710036727,625981.2723145011,2.020006333828647,789531
5302,WA,NCATS,1744580.5248353467,4216909.027838978,13.607728093715703,789531
5302,WA,NCCIH,367242.51152630505,887679.4393928563,2.8644915899051795,789531
5302,WA,NCI,12110764.439780796,29273507.971185725,94.46396263029021,789531
5302,WA,NEI,1619406.9046323209,3914345.88353743,12.631373856132102,789531
5302,WA,NHGRI,2589522.049828174,6259257.600470537,20.19827198865976,789531
5302,WA,NHLBI,7503030.44143437,18135933.7412192,58.523637443188086,789531
5302,WA,NIA,6692535.910019484,16176848.644324563,52.20178009815198,789531
5302,WA,NIAAA,902053.7405423783,2180397.2404472893,7.036019176230551,789531
5302,WA,NIAID,38585485.950313754,93266823.5894636,300.96679041244727,789531
5302,WA,NIAMS,1231516.5574598114,2976757.573042145,9.60582914818653,789531
5302,WA,NIBIB,601594.8371618937,1454143.6544860771,4.692439729862771,789531
5302,WA,NICHD,3708386.9824346597,8963719.543083383,28.925418462990347,789531
5302,WA,NIDA,3873687.9093178124,9363276.31960392,30.214765692678935,789531
5302,WA,NIDCD,818802.7340482409,1979167.2508513995,6.386661325576279,789531
5302,WA,NIDCR,725622.4739953995,1753936.7875741052,5.659855297164117,789531
5302,WA,NIDDK,4324935.049274225,10454007.36421896,33.734493384338954,789531
5302,WA,NIEHS,1069585.482771942,2585346.227438942,8.342766765621146,789531
5302,WA,NIGMS,5141145.104531225,12426907.727159237,40.10093181534355,789531
5302,WA,NIMH,5711479.309287356,13805489.81189762,44.549538612441374,789531
5302,WA,NIMHD,585525.2327008521,1415301.0449527835,4.5670968150666464,789531
5302,WA,NINDS,3219273.22183092,7781459.278585218,25.110331130281175,789531
5302,WA,NINR,652448.4742415721,1577064.412941742,5.0890980990842625,789531
5302,WA,NLM,322931.7050768698,780573.6697895391,2.5188672995995844,789531
5302,WA,OD,5531726.709861606,13371001.206467666,43.14746833692053,789531
5303,WA,FIC,58711.63478971965,141914.70055950584,0.4579507513598132,802855
5303,WA,NCATS,1243187.923416307,3004968.9899234627,9.696865802647194,802855
5303,WA,NCCIH,451607.82579713716,1091602.8756118414,3.5225410412176696,802855
5303,WA,NCI,5972017.386844275,14435248.860393977,46.58173561738534,802855
5303,WA,NEI,1573045.9381368307,3802284.5740300203,12.269758317467279,802855
5303,WA,NHGRI,643660.733669214,1555823.144896874,5.020553722619868,802855
5303,WA,NHLBI,3001793.7219918803,7255779.17773249,23.413991031536668,802855
5303,WA,NIA,3173456.8056579684,7670714.227707626,24.75296308413215,802855
5303,WA,NIAAA,1026763.8502798307,2481840.011433333,8.00875803218268,802855
5303,WA,NIAID,9859224.762964884,23831203.729827326,76.9019531511261,802855
5303,WA,NIAMS,477156.72307612293,1153358.3371989494,3.7218224399937587,802855
5303,WA,NIBIB,209444.83270910993,506259.1226441825,1.6336696951310574,802855
5303,WA,NICHD,1821046.5908320567,4401738.813242716,14.204163408490041,802855
5303,WA,NIDA,1905648.229231836,4606233.4798168875,14.864056188008322,802855
5303,WA,NIDCD,868157.4338733056,2098464.85637651,6.771627984211784,802855
5303,WA,NIDCR,603504.0790539071,1458758.574380084,4.707331816620475,802855
5303,WA,NIDDK,1691908.9457375773,4089594.0347813307,13.196889776753103,802855
5303,WA,NIEHS,489825.421237818,1183980.4534546959,3.8206382856549803,802855
5303,WA,NIGMS,2560423.0202091075,6188920.944205515,19.97129955763104,802855
5303,WA,NIMH,1722122.3929480778,4162624.403107906,13.432554664995006,802855
5303,WA,NIMHD,310734.1022978686,751090.2607152467,2.4237259979233747,802855
5303,WA,NINDS,1822082.9548208346,4404243.858208076,14.21224704760251,802855
5303,WA,NINR,276560.4229770024,668487.4259414058,2.1571712992206185,802855
5303,WA,NLM,163993.46716273506,396396.45309603604,1.2791490438693334,802855
5303,WA,OD,3841839.2210614765,9286293.331933776,29.966345924279516,802855
5304,WA,FIC,43425.59735750299,104966.08836868555,0.33871965938852333,794949
5304,WA,NCATS,226141.645856401,546617.7882916725,1.7639048376799278,794949
5304,WA,NCCIH,902563.0271662667,2181628.261504478,7.03999161189688,794949
5304,WA,NCI,5266165.847605147,12729101.344840094,41.07609361132015,794949
5304,WA,NEI,212503.97833231324,513653.529845408,1.6575310309920432,794949
5304,WA,NHGRI,296059.2795416022,715619.0447513536,2.309262380424497,794949
5304,WA,NHLBI,1832631.0295737784,4429740.114195576,14.294522030675472,794949
5304,WA,NIA,2140436.917957676,5173752.449006295,16.695407960069872,794949
5304,WA,NIAAA,539829.5481273059,1304847.820198566,4.210670475392986,794949
5304,WA,NIAID,6938622.426917932,16771676.134351974,54.12125492995987,794949
5304,WA,NIAMS,230586.25719407172,557361.0709365524,1.7985728061137594,794949
5304,WA,NIBIB,114081.27109928662,275751.29674873047,0.8898339145744356,794949
5304,WA,NICHD,733093.539152561,1771995.4564978457,5.718129605389976,794949
5304,WA,NIDA,633448.1113685581,1531137.7270761004,4.940895268674754,794949
5304,WA,NIDCD,203370.43058428715,491576.39473667764,1.5862893585574398,794949
5304,WA,NIDCR,515263.6316486648,1245468.3685188007,4.019056326859586,794949
5304,WA,NIDDK,2099225.4808339416,5074138.313239362,16.373958750504745,794949
5304,WA,NIEHS,354684.6184774331,857325.1554749946,2.7665400241239784,794949
5304,WA,NIGMS,3513449.8131657727,8492527.587625248,27.404908542693025,794949
5304,WA,NIMH,1597955.7835705641,3862495.3528368617,12.4640551118504,794949
5304,WA,NIMHD,155147.16752885358,375013.6391427482,1.2101479067250578,794949
5304,WA,NINDS,640345.3103608612,1547809.27664541,4.994693420814718,794949
5304,WA,NINR,115982.52292174115,280346.9034634509,0.904663678789581,794949
5304,WA,NLM,36729.49807774527,88780.62653293487,0.2864900850064131,794949
5304,WA,OD,7481918.975620228,18084904.20746296,58.358968009837774,794949
5305,WA,FIC,89185.58707083142,215574.7481519108,0.6956475791524851,801690
5305,WA,NCATS,169971.19510036148,410845.50520185457,1.3257753217828194,801690
5305,WA,NCCIH,1310541.5180900355,3167772.585053507,10.222223841102277,801690
5305,WA,NCI,3225229.789345109,7795857.182819468,25.15679235689185,801690
5305,WA,NEI,310248.23760547634,749915.8539289217,2.4199362533227156,801690
5305,WA,NHGRI,236288.31125862454,571143.7785386037,1.8430488278172714,801690
5305,WA,NHLBI,1660374.9176256463,4013371.6271960572,12.95092435748004,801690
5305,WA,NIA,8188857.443476189,19793678.99016312,63.873088059114274,801690
5305,WA,NIAAA,2546938.719564399,6156327.396178759,19.866122012602315,801690
5305,WA,NIAID,9592576.29422001,23186674.96253765,74.82209509491608,801690
5305,WA,NIAMS,672286.7258921418,1625016.3998468602,5.243836461958706,801690
5305,WA,NIBIB,333543.47894076584,806223.8959447761,2.6016391357379733,801690
5305,WA,NICHD,2520896.5025728,6093379.507919384,19.66299272006784,801690
5305,WA,NIDA,1821949.534398608,4403921.361324169,14.211206368309142,801690
5305,WA,NIDCD,145001.7951541025,350490.7743343647,1.1310140022019994,801690
5305,WA,NIDCR,307623.82413985603,743572.2586185242,2.399465828290877,801690
5305,WA,NIDDK,896839.1156149791,2167792.7211258216,6.995345101796836,801690
5305,WA,NIEHS,1008852.6942480226,2438546.099519068,7.869051015134576,801690
5305,WA,NIGMS,5538047.556372244,13386279.626887271,43.196770939703505,801690
5305,WA,NIMH,1677737.2826591763,4055339.0301403487,13.086350804741574,801690
5305,WA,NIMHD,715577.8934512746,1729657.5515202843,5.581507568919942,801690
5305,WA,NINDS,1293753.0955525474,3127192.485967401,10.09127414530987,801690
5305,WA,NINR,307209.0516335353,742569.6921554093,2.3962306027415754,801690
5305,WA,NLM,28752.94700902848,69500.12343556991,0.22427298667042214,801690
5305,WA,OD,1891978.4146053616,4573191.517071886,14.75743163392182,801690
5306,WA,FIC,140113.4163267102,338674.8400651953,1.0928846473483396,799758
5306,WA,NCATS,975267.3979971018,2357365.47360527,7.607085704377393,799758
5306,WA,NCCIH,202830.54751556017,490271.4175492778,1.5820782706213694,799758
5306,WA,NCI,7096984.335630847,17154460.278168052,55.356477817920606,799758
5306,WA,NEI,1710321.9877683748,4134101.0793483774,13.340511504593323,799758
5306,WA,NHGRI,1528838.8477742,3695429.501540738,11.924943012638758,799758
5306,WA,NHLBI,4125778.0949680936,9972615.564519888,32.18106914075113,799758
5306,WA,NIA,3873216.075953047,9362135.828610703,30.211085392433766,799758
5306,WA,NIAAA,505104.97207155474,1220913.3865780837,3.939818782158127,799758
5306,WA,NIAID,23237984.59032022,56169643.99906556,181.2562798044977,799758
5306,WA,NIAMS,728512.1856239806,1760921.647763098,5.682395047867049,799758
5306,WA,NIBIB,340543.9946880763,823145.1773841345,2.656243158566995,799758
5306,WA,NICHD,1875799.9345952088,4534085.7392414445,14.63123948984263,799758
5306,WA,NIDA,2108828.3211277104,5097349.797806124,16.448860904796142,799758
5306,WA,NIDCD,419574.78322425066,1014174.2763057107,3.272683309149155,799758
5306,WA,NIDCR,385612.5571479729,932082.5552829276,3.0077779457541887,799758
5306,WA,NIDDK,2482314.4263725504,6000120.926199885,19.36205252570589,799758
5306,WA,NIEHS,574067.4505705979,1387605.8917533397,4.477726114450664,799758
5306,WA,NIGMS,2898221.817042038,7005430.572554353,22.606130172927895,799758
5306,WA,NIMH,3024634.1725585237,7310987.923229336,23.592146545956485,799758
5306,WA,NIMHD,210386.20956260985,508534.5696617383,1.6410124345883568,799758
5306,WA,NINDS,1690756.2561728933,4086807.8137027305,13.187898798148568,799758
5306,WA,NINR,532419.4059173593,1286936.411044412,4.152871366155402,799758
5306,WA,NLM,182460.9382941269,441035.06084541,1.42319531869419,799758
5306,WA,OD,3097522.423392799,7487169.600481211,24.160674902463832,799758
5307,WA,FIC,1283201.6651009722,3101688.11876024,10.008972987787583,811726
5307,WA,NCATS,8598337.609847069,20783453.085258756,67.06703335680713,811726
5307,WA,NCCIH,1974209.9234569874,4771957.230154674,15.398837402964501,811726
5307,WA,NCI,75264407.60367103,181925199.42799863,587.062379308634,811726
5307,WA,NEI,8160307.653221592,19724669.92663544,63.65039969512842,811726
5307,WA,NHGRI,13319306.721361268,32194733.323167,103.89059242661789,811726
5307,WA,NHLBI,39430475.4156699,95309288.04104029,307.55770824222526,811726
5307,WA,NIA,37323106.83614165,90215466.65447196,291.1202333219049,811726
5307,WA,NIAAA,4134301.8866192643,9993218.829002984,32.24755471563026,811726
5307,WA,NIAID,243268124.89578602,588015019.917363,1897.491374187131,811726
5307,WA,NIAMS,6494906.411011569,15699148.929883221,50.66027000589024,811726
5307,WA,NIBIB,3010367.580683954,7276503.4616548,23.48086712933484,811726
5307,WA,NICHD,19142493.97352686,46270237.74665672,149.3114529935095,811726
5307,WA,NIDA,19752943.5940554,47745784.721532315,154.0729600336321,811726
5307,WA,NIDCD,3636590.202261163,8790176.111769449,28.36540357763707,811726
5307,WA,NIDCR,3967873.7792627933,9590937.490648657,30.949415478249787,811726
5307,WA,NIDDK,21948808.87871438,53053515.726766706,171.20070925397215,811726
5307,WA,NIEHS,5171148.347813624,12499430.001517389,40.33495711294626,811726
5307,WA,NIGMS,26494689.818861924,64041581.97140081,206.658580587123,811726
5307,WA,NIMH,37176122.12725494,89860182.88451405,289.97375259258854,811726
5307,WA,NIMHD,2114050.219748115,5109971.898718849,16.4895917140353,811726
5307,WA,NINDS,18167263.68942067,43912961.982812285,141.70465677748123,811726
5307,WA,NINR,3318015.0296049123,8020132.824861673,25.880517230918315,811726
5307,WA,NLM,1633570.979547883,3948582.5464670807,12.741853640473487,811726
5307,WA,OD,28252782.058137216,68291150.81046218,220.37170005347028,811726
5308,WA,FIC,183280.0055082678,443014.86738374305,1.4295840429644886,794910
5308,WA,NCATS,1387038.5528890132,3352677.226630408,10.818900712534303,794910
5308,WA,NCCIH,346187.8860776507,836787.2972026423,2.7002655114056755,794910
5308,WA,NCI,13325087.095828336,32208705.342759944,103.93567934746102,794910
5308,WA,NEI,1129582.84821254,2730368.729049689,8.810746216057812,794910
5308,WA,NHGRI,1954087.8199504972,4723319.131352305,15.241884995613878,794910
5308,WA,NHLBI,6265933.843709071,15145688.385964504,48.874283980930755,794910
5308,WA,NIA,5766401.6190779805,13938245.1537628,44.97793262880825,794910
5308,WA,NIAAA,722628.677904139,1746700.3398521307,5.636503687652285,794910
5308,WA,NIAID,42736866.55075653,103301324.19450444,333.3475590959009,794910
5308,WA,NIAMS,1015296.0721590683,2454120.696447135,7.919309362840733,794910
5308,WA,NIBIB,423005.36386236164,1022466.4968467747,3.2994418381264206,794910
5308,WA,NICHD,2813343.9784660237,6800268.28932387,21.944083032034985,794910
5308,WA,NIDA,2992231.3497573636,7232665.510447286,23.339404528107437,794910
5308,WA,NIDCD,637826.0336389964,1541719.8123869123,4.975043062384172,794910
5308,WA,NIDCR,599461.7989729397,1448987.785858818,4.67580203198893,794910
5308,WA,NIDDK,3580724.928227453,8655141.485931423,27.929654440174133,794910
5308,WA,NIEHS,872438.4177082459,2108812.627158427,6.805019658124318,794910
5308,WA,NIGMS,4311602.738439091,10421781.198030422,33.630501359824905,794910
5308,WA,NIMH,5219821.271778408,12617079.65400207,40.71460591987159,794910
5308,WA,NIMHD,371914.83157050225,898973.1276433243,2.9009356862499174,794910
5308,WA,NINDS,2721594.742940847,6578496.823876634,21.228438994938603,794910
5308,WA,NINR,479948.3362144132,1160106.0788351237,3.743597022472423,794910
5308,WA,NLM,220823.34010673448,533762.6570957688,1.722422052832529,794910
5308,WA,OD,4100117.959621658,9910591.22407956,31.980920085048933,794910
5309,WA,FIC,424436.2538769934,1025925.1695389479,3.3106027802405484,775676
5309,WA,NCATS,2960653.339019219,7156336.790352553,23.093096044349906,775676
5309,WA,NCCIH,652225.8012085849,1576526.1793035162,5.087361249426962,775676
5309,WA,NCI,26704342.90455533,64548344.472293824,208.29387465553157,775676
5309,WA,NEI,2646336.5104731526,6396586.550665154,20.64142478169059,775676
5309,WA,NHGRI,4616560.971993855,11158910.33015362,36.00917558155207,775676
5309,WA,NHLBI,13617986.656512065,32916686.87993425,106.2202959207941,775676
5309,WA,NIA,12957476.5089098,31320136.210731905,101.06831676949643,775676
5309,WA,NIAAA,1541418.4766031029,3725836.32405211,12.023064117504202,775676
5309,WA,NIAID,85784759.61209905,207354445.4437829,669.1211249743726,775676
5309,WA,NIAMS,2248608.2537657116,5435218.5584972035,17.53914437937255,775676
5309,WA,NIBIB,984357.2934084341,2379337.0945631377,7.677986888585786,775676
5309,WA,NICHD,6054953.872516335,14635718.606667658,47.228640205627414,775676
5309,WA,NIDA,6604060.005955973,15962989.304912958,51.511668046456585,775676
5309,WA,NIDCD,1263001.90158109,3052862.3042251137,9.851414832332502,775676
5309,WA,NIDCR,1281343.024503851,3097195.509676318,9.994475591130039,775676
5309,WA,NIDDK,7836218.010185676,18941297.34962226,61.12250047944827,775676
5309,WA,NIEHS,1778430.9728058954,4298730.564656187,13.871761587885985,775676
5309,WA,NIGMS,9259208.515817123,22380875.760766532,72.22182642337356,775676
5309,WA,NIMH,10298340.643664187,24892611.727467973,80.32705702058065,775676
5309,WA,NIMHD,727650.1421580715,1758837.9612711119,5.675671108832958,775676
5309,WA,NINDS,5709329.157067902,13800292.576128695,44.532767425129634,775676
5309,WA,NINR,1090247.6483826295,2635289.736183909,8.50393165738451,775676
5309,WA,NLM,538993.5810112766,1302827.1640990756,4.204149931887957,775676
5309,WA,OD,9361953.357295252,22629225.23126971,73.02323618690296,775676
5310,WA,FIC,73339.19571127294,177271.6776822353,0.572045726547929,776532
5310,WA,NCATS,545310.5815465783,1318096.2882277493,4.253422536063311,776532
5310,WA,NCCIH,104560.77439266119,252738.8488048506,0.8155740402627573,776532
5310,WA,NCI,4085084.15902463,9874252.305607269,31.863656440392116,776532
5310,WA,NEI,457466.4893379494,1105764.1314694087,3.568238616836005,776532
5310,WA,NHGRI,791555.202199855,1913305.9384028767,6.174130577158869,776532
5310,WA,NHLBI,2292795.52651364,5542025.728882135,17.883805106806392,776532
5310,WA,NIA,2141831.138700828,5177122.486648525,16.706282881866457,776532
5310,WA,NIAAA,268362.9849201006,648673.0063401309,2.0932312823767845,776532
5310,WA,NIAID,14143165.47819507,34186121.72851707,110.31669072992153,776532
5310,WA,NIAMS,395251.52808063355,955381.3729450416,3.0829619190289415,776532
5310,WA,NIBIB,197098.87723746436,476417.1231809627,1.537371242452222,776532
5310,WA,NICHD,1010898.7901204297,2443491.8157146513,7.885010562939351,776532
5310,WA,NIDA,1170165.1429538156,2828462.1346728313,9.127288115039763,776532
5310,WA,NIDCD,218166.9706819218,527341.8195079911,1.70170237131899,776532
5310,WA,NIDCR,211610.26205838463,511493.2854942841,1.6505600440554,776532
5310,WA,NIDDK,1448641.852950371,3501581.5096229804,11.299406453012894,776532
5310,WA,NIEHS,289473.64139152155,699700.5837953729,2.257894402853868,776532
5310,WA,NIGMS,1861881.3233794188,4500442.398360756,14.522674322359466,776532
5310,WA,NIMH,1550323.770590257,3747361.7360783243,12.092525410604004,776532
5310,WA,NIMHD,129989.7526637137,314204.4484222962,1.0139200707769669,776532
5310,WA,NINDS,928887.9395407974,2245259.4662949275,7.245325928418219,776532
5310,WA,NINR,183378.60381135886,443253.1940579868,1.430353109728599,776532
5310,WA,NLM,89814.78439132779,217095.61108905936,0.7005553182523567,776532
5310,WA,OD,1621870.5644345398,3920300.913479359,12.65059040258941,776532
5401,WV,FIC,3523.0278326479342,9840.66422439433,0.027127314311389098,861893
5401,WV,NCATS,64974.06580077127,181488.1957258124,0.5003003066659388,861893
5401,WV,NCCIH,18646.711258000687,52084.75013417687,0.14357967668660532,861893
5401,WV,NCI,418498.81995349866,1168967.8768084804,3.22244091364194,861893
5401,WV,NEI,276457.54452317744,772212.4255567879,2.1287230928284666,861893
5401,WV,NHGRI,19869.87883652553,55501.35142210412,0.1529980670412466,861893
5401,WV,NHLBI,678996.0179580125,1896599.2151709893,5.228269338276697,861893
5401,WV,NIA,598953.7111104722,1673021.797435812,4.611943575550637,861893
5401,WV,NIAAA,266600.46019781864,744679.2178487778,2.052823543523204,861893
5401,WV,NIAID,795549.251552308,2222160.4342564465,6.125729236952772,861893
5401,WV,NIAMS,111507.53972242387,311467.38232605474,0.8586080558626639,861893
5401,WV,NIBIB,105349.66487383778,294266.9565561473,0.811192419528551,861893
5401,WV,NICHD,161891.50420245255,452201.9153169897,1.2465645823588847,861893
5401,WV,NIDA,996775.1563128269,2784232.7924841386,7.675168703608768,861893
5401,WV,NIDCD,45158.90469150314,126139.68407865192,0.3477235661245742,861893
5401,WV,NIDCR,42083.11968350895,117548.27665075562,0.324040021563019,861893
5401,WV,NIDDK,511717.275099347,1429349.4463510588,3.9402230182649722,861893
5401,WV,NIEHS,159681.16698085883,446027.9117457389,1.229544985752613,861893
5401,WV,NIGMS,6044695.448668489,16884288.479879178,46.54415495474737,861893
5401,WV,NIMH,324147.24270976265,905421.2246664345,2.495933768865173,861893
5401,WV,NIMHD,37379.503369454105,104409.94479936981,0.28782217594479664,861893
5401,WV,NINDS,467012.25835957687,1304477.580507367,3.5959943893687423,861893
5401,WV,NINR,21851.24991611421,61035.79747940451,0.16825462435407945,861893
5401,WV,NLM,6108.5975382702345,17062.7823882101,0.04703620104468081,861893
5401,WV,OD,549040.4031203701,1533601.9212407952,4.227611104026851,861893
5402,WV,FIC,15951.654961115386,44556.809583234826,0.12282774320058848,908086
5402,WV,NCATS,220288.00529604324,615317.3905386496,1.696217640779533,908086
5402,WV,NCCIH,96614.22454444937,269866.7703478158,0.7439295289922603,908086
5402,WV,NCI,2551005.9029935715,7125573.148520811,19.6427454530505,908086
5402,WV,NEI,2803857.666520386,7831848.949226923,21.589704032206974,908086
5402,WV,NHGRI,62654.909008064016,175010.23291516886,0.482442799362093,908086
5402,WV,NHLBI,2652870.0978346094,7410104.348822319,20.427099753326495,908086
5402,WV,NIA,4319966.596963533,12066705.902055196,33.26374279661921,908086
5402,WV,NIAAA,468298.5149993651,1308070.4047198966,3.6058985654951115,908086
5402,WV,NIAID,4176230.891901955,11665217.501237072,32.156977867645054,908086
5402,WV,NIAMS,769563.5594005121,2149576.1450451682,5.925639407383944,908086
5402,WV,NIBIB,783853.5154647741,2189491.4298767545,6.035672069078761,908086
5402,WV,NICHD,1059447.7103139984,2959292.3121096776,8.15774736941779,908086
5402,WV,NIDA,1891316.033236155,5282900.649496616,14.563133455918395,908086
5402,WV,NIDCD,351873.45099884766,982867.1941419105,2.7094255726911274,908086
5402,WV,NIDCR,193530.36406478257,540576.8618509334,1.490183803298826,908086
5402,WV,NIDDK,914325.5735324296,2553931.273982234,7.040306916199709,908086
5402,WV,NIEHS,1355458.7601134942,3786122.381629144,10.437032452873908,908086
5402,WV,NIGMS,15919271.376698215,44466354.44187076,122.57838960057626,908086
5402,WV,NIMH,1475799.6179281753,4122263.34630037,11.36365705804695,908086
5402,WV,NIMHD,245968.35467782995,687048.7839410559,1.8939563310192908,908086
5402,WV,NINDS,1795145.1983483797,5014272.373120226,13.822618027282525,908086
5402,WV,NINR,158572.51622136903,442931.18348116,1.2210083749045417,908086
5402,WV,NLM,71225.25605537767,198949.273872377,0.5484344716264081,908086
5402,WV,OD,3743427.803840096,10456294.36261498,28.82439408956874,908086
5501,WI,FIC,9649.781447715548,22847.522775617876,0.09070794560852614,739693
5501,WI,NCATS,1083874.3102762436,2566259.4665090665,10.18841851659669,739693
5501,WI,NCCIH,93655.56523900294,221745.71221693864,0.8803623132466276,739693
5501,WI,NCI,5237671.832097044,12401091.892436499,49.234115221712216,739693
5501,WI,NEI,992193.8878826133,2349190.2458157195,9.326622546096566,739693
5501,WI,NHGRI,141171.8214139074,334248.6482730947,1.3270151212907295,739693
5501,WI,NHLBI,7336487.445039479,17370400.034630414,68.96298198337111,739693
5501,WI,NIA,3402053.9965481255,8054949.906499308,31.97930756755238,739693
5501,WI,NIAAA,214991.47325976417,509029.41258104413,2.020919848641783,739693
5501,WI,NIAID,3264629.8146301755,7729574.441437939,30.687520257523648,739693
5501,WI,NIAMS,497113.0320513373,1177000.8868478767,4.67286250128257,739693
5501,WI,NIBIB,328433.408438965,777622.770032735,3.0872740393262705,739693
5501,WI,NICHD,1434955.1950351826,3397504.0448526386,13.488578833330717,739693
5501,WI,NIDA,1043449.2684252515,2470546.2040481325,9.808423123197363,739693
5501,WI,NIDCD,484773.8938005979,1147785.8477568093,4.55687460172562,739693
5501,WI,NIDCR,175378.1508851074,415238.0360533275,1.6485546183200095,739693
5501,WI,NIDDK,1977091.2425153777,4681104.690048549,18.58465767964455,739693
5501,WI,NIEHS,274870.5872428229,650803.5478735724,2.583783520082535,739693
5501,WI,NIGMS,3363823.811494207,7964433.346257183,31.619943828045546,739693
5501,WI,NIMH,1288811.4009887804,3051483.3933920967,12.114827169294536,739693
5501,WI,NIMHD,278117.3615344546,658490.8462831035,2.6143031984238734,739693
5501,WI,NINDS,1917021.845447647,4538880.026717183,18.02000534720788,739693
5501,WI,NINR,147202.57398264526,348527.4956661591,1.3837041954368654,739693
5501,WI,NLM,72646.10209949591,172002.1827718207,0.6828733597352615,739693
5501,WI,OD,2797749.4594059517,6624154.634028799,26.298844918415945,739693
5502,WI,FIC,85375.85945502862,202142.0800000088,0.802533078877269,763361
5502,WI,NCATS,8863946.910118205,20986923.901653443,83.32110095511113,763361
5502,WI,NCCIH,974142.7385099413,2306451.0347099756,9.156941741993448,763361
5502,WI,NCI,41278190.41534519,97733238.90917318,388.01498990424477,763361
5502,WI,NEI,7689428.102992693,18206047.946940035,72.28062416813131,763361
5502,WI,NHGRI,2121635.904298997,5023339.119925409,19.94337750041057,763361
5502,WI,NHLBI,18976410.628123425,44929926.794162504,178.3782599043602,763361
5502,WI,NIA,61109293.85138225,144686798.41468444,574.4273622029931,763361
5502,WI,NIAAA,1621607.771025659,3839436.2278949525,15.243113047641195,763361
5502,WI,NIAID,44436572.546812,105211253.62627079,417.7037819400328,763361
5502,WI,NIAMS,2823492.625494888,6685106.022070102,26.540830679651947,763361
5502,WI,NIBIB,4589223.266275275,10865778.014427688,43.13869870298758,763361
5502,WI,NICHD,10664544.410344822,25250149.200490378,100.24671745724133,763361
5502,WI,NIDA,5394175.04303665,12771640.251046887,50.705245404544506,763361
5502,WI,NIDCD,7354094.763259889,17412088.398894206,69.12849077464296,763361
5502,WI,NIDCR,1517964.035609482,3594041.7991919266,14.26886193472913,763361
5502,WI,NIDDK,12951936.736540506,30665945.2527317,121.74820532348075,763361
5502,WI,NIEHS,3657435.713728191,8659610.191435529,34.379895709044995,763361
5502,WI,NIGMS,41367772.484218,97945339.91580717,388.8570613516492,763361
5502,WI,NIMH,10593176.284314984,25081172.846595243,99.57585707256085,763361
5502,WI,NIMHD,627246.3300852517,1485113.926174793,5.896115502801366,763361
5502,WI,NINDS,15802317.247997083,37414712.98467849,148.54178213117257,763361
5502,WI,NINR,226018.46496111795,535137.7182880996,2.124573570634509,763361
5502,WI,NLM,776200.7985470108,1837789.3343329502,7.296287506341901,763361
5502,WI,OD,37072918.80603633,87776532.69857925,348.4854367767415,763361
5503,WI,FIC,5676.833473525439,13440.882861701231,0.05336223465113913,740873
5503,WI,NCATS,461196.3459365654,1091961.9345691972,4.335245651803715,740873
5503,WI,NCCIH,59652.089567287585,141236.6158121072,0.5607296419325033,740873
5503,WI,NCI,2778861.739870403,6579434.698701135,26.121300354781788,740873
5503,WI,NEI,309205.0203168867,732096.243039566,2.906527190978735,740873
5503,WI,NHGRI,95038.83051165879,225020.8314507745,0.8933650068095926,740873
5503,WI,NHLBI,1502580.2446974826,3557618.019530009,14.124254300156336,740873
5503,WI,NIA,2666773.623058628,6314046.739853692,25.0676720567511,740873
5503,WI,NIAAA,115106.94852588551,272535.56387016806,1.0820053161433238,740873
5503,WI,NIAID,1961872.4191903165,4645071.4996160595,18.441600740388974,740873
5503,WI,NIAMS,206866.3622883471,489791.8102602349,1.9445438055104627,740873
5503,WI,NIBIB,214930.90539300223,508886.0077046942,2.020350510694221,740873
5503,WI,NICHD,703279.2503203478,1665134.9853231683,6.61082495301127,740873
5503,WI,NIDA,336250.1130669919,796130.167115951,3.160751062829724,740873
5503,WI,NIDCD,285653.68842220225,676334.4006832995,2.6851446711687013,740873
5503,WI,NIDCR,85533.24762219036,202514.72364518605,0.8040125276485894,740873
5503,WI,NIDDK,893771.2469794592,2116157.6593415844,8.401449721606916,740873
5503,WI,NIEHS,164635.82287540103,389803.7207587539,1.5475767350287697,740873
5503,WI,NIGMS,1773079.338770302,4198071.302964302,16.666945784440838,740873
5503,WI,NIMH,622268.2301914591,1473327.415638883,5.8493213637997155,740873
5503,WI,NIMHD,131208.89315323732,310659.6963801588,1.2333635956404307,740873
5503,WI,NINDS,950273.5860632531,2249936.697352676,8.93257170899458,740873
5503,WI,NINR,31217.84064637999,73913.62478397149,0.29344770207597193,740873
5503,WI,NLM,32761.160757183774,77567.70146671399,0.3079549111175275,740873
5503,WI,OD,2910075.5152252438,6890105.9545360785,27.35470984311729,740873
5504,WI,FIC,6485.918133276504,15356.530411982454,0.06096763045279913,722345
5504,WI,NCATS,2530042.712707235,5990312.714859378,23.78240149944801,722345
5504,WI,NCCIH,156598.29339031456,370773.48272018286,1.472023957868957,722345
5504,WI,NCI,11913804.992480325,28207989.205227435,111.98976692931505,722345
5504,WI,NEI,2273101.824426691,5381960.82328706,21.367157149610897,722345
5504,WI,NHGRI,158443.79546505705,375143.0273480678,1.4893716773715362,722345
5504,WI,NHLBI,22162761.121344928,52474161.43402722,208.32995454064232,722345
5504,WI,NIA,3903371.479596278,9241905.556616092,36.691691908205016,722345
5504,WI,NIAAA,715457.4956306001,1693969.0826134153,6.7253004589276415,722345
5504,WI,NIAID,4989515.613574639,11813539.222428195,46.901446767601605,722345
5504,WI,NIAMS,376853.887398459,892266.6095670764,3.5424265415455145,722345
5504,WI,NIBIB,572393.411772233,1355240.1764680063,5.38049807065899,722345
5504,WI,NICHD,3520162.4025842077,8334591.938966285,33.089526584291555,722345
5504,WI,NIDA,2736818.125798615,6479889.1872013,25.726090382506982,722345
5504,WI,NIDCD,739478.1703491083,1750842.175096432,6.951094801281617,722345
5504,WI,NIDCR,370676.36981213774,877640.2706686272,3.4843578762340948,722345
5504,WI,NIDDK,4680008.331807823,11080727.323246688,43.992078318993535,722345
5504,WI,NIEHS,533627.445410514,1263455.0615234717,5.016097986858831,722345
5504,WI,NIGMS,5872027.0160808,13903037.256943304,55.197053951159525,722345
5504,WI,NIMH,3048630.3421486653,7218158.416755737,28.657125216197453,722345
5504,WI,NIMHD,802079.5335406413,1899061.7051503356,7.539547615282028,722345
5504,WI,NINDS,3553029.1499629775,8412409.63497998,33.398474009651984,722345
5504,WI,NINR,477332.19057107915,1130166.331196041,4.486922591368144,722345
5504,WI,NLM,186004.55366677174,440397.87836607144,1.7484428044676543,722345
5504,WI,OD,5210892.039534812,12337686.112335978,48.98238517162723,722345
5505,WI,FIC,10796.529562142528,25562.646823165072,0.10148737788413977,750363
5505,WI,NCATS,2756022.304650415,6525358.394569454,25.9066096637139,750363
5505,WI,NCCIH,190900.05371068075,451988.81950367906,1.794460504880399,750363
5505,WI,NCI,11630546.29145432,27537325.35049157,109.32713513967062,750363
5505,WI,NEI,2361695.8654032457,5591722.503379311,22.19994113479051,750363
5505,WI,NHGRI,167815.02889496426,397331.03962435864,1.577461271612664,750363
5505,WI,NHLBI,19849446.471165903,46996989.80651351,186.58479682895947,750363
5505,WI,NIA,4744264.936426341,11232865.923012903,44.5960904024076,750363
5505,WI,NIAAA,261881.1448840476,620048.8015881057,2.461682761910047,750363
5505,WI,NIAID,5866171.066411648,13889172.285579573,55.14200802426949,750363
5505,WI,NIAMS,629163.6948526611,1489653.6181284303,5.914138731615014,750363
5505,WI,NIBIB,491122.0828591273,1162816.280817344,4.616547578875797,750363
5505,WI,NICHD,3186305.39771043,7544127.868460421,29.95127073847804,750363
5505,WI,NIDA,1978176.3668369958,4683673.909132617,18.59485784826776,750363
5505,WI,NIDCD,860355.2231851418,2037039.4566291287,8.087339097940333,750363
5505,WI,NIDCR,295347.1939881024,699285.4478538976,2.776263623488162,750363
5505,WI,NIDDK,4941639.814684902,11700185.006950796,46.45141425803808,750363
5505,WI,NIEHS,378159.6573682742,895358.2452985916,3.5547007792617773,750363
5505,WI,NIGMS,5618317.448545569,13302336.074842889,52.812184016328345,750363
5505,WI,NIMH,2023214.6749484295,4790309.875545605,19.018217944515236,750363
5505,WI,NIMHD,725402.6303417756,1717515.905207409,6.818784725212691,750363
5505,WI,NINDS,3656461.9825743968,8657304.714898659,34.37074263619933,750363
5505,WI,NINR,431327.5524883356,1021242.4118228854,4.0544789933903544,750363
5505,WI,NLM,106232.54967823319,251523.89320278174,0.9985859669753919,750363
5505,WI,OD,5404937.56539349,12797122.3799431,50.806413114698806,750363
5506,WI,FIC,10465.988312863008,24780.033376206346,0.09838029014091228,743039
5506,WI,NCATS,958183.8753979628,2268665.6723782495,9.00692842874085,743039
5506,WI,NCCIH,103034.61602099938,243952.23342328885,0.9685253905973942,743039
5506,WI,NCI,4645302.560591083,10998555.420948572,43.66584406955618,743039
5506,WI,NEI,824313.2737439643,1951703.9218093306,7.748544773193264,743039
5506,WI,NHGRI,175962.8974667151,416622.52449108474,1.654051236187122,743039
5506,WI,NHLBI,4196433.345134359,9935780.09500074,39.44647344426297,743039
5506,WI,NIA,4911048.423986948,11627754.610521993,46.16385518547731,743039
5506,WI,NIAAA,219600.9935433145,519943.2472863908,2.064249339307156,743039
5506,WI,NIAID,3953881.238020052,9361496.12581508,37.16648363738849,743039
5506,WI,NIAMS,279348.93101817166,661406.7995595004,2.6258799515708136,743039
5506,WI,NIBIB,406530.29716773715,962530.6307551072,3.8213847933767293,743039
5506,WI,NICHD,1253643.3727023853,2968217.0177129665,11.784247703402421,743039
5506,WI,NIDA,785083.7664004392,1858821.2936002074,7.379787404164128,743039
5506,WI,NIDCD,633503.4021904034,1499928.6241247638,5.954931980589792,743039
5506,WI,NIDCR,172607.4087877398,408677.8260094041,1.6225096426047543,743039
5506,WI,NIDDK,1574949.8333290408,3728965.50895041,14.804528433292983,743039
5506,WI,NIEHS,345235.9284060306,817405.6355530921,3.2452177270166875,743039
5506,WI,NIGMS,3800421.9201240293,8998154.70924961,35.723966049165874,743039
5506,WI,NIMH,1209293.5659519415,2863211.19708219,11.36735951994825,743039
5506,WI,NIMHD,170641.63610514897,404023.5199631449,1.6040313793884002,743039
5506,WI,NINDS,1706234.9849699065,4039805.7604594454,16.038608858717122,743039
5506,WI,NINR,75852.30468822674,179593.4206735469,0.7130116640693314,743039
5506,WI,NLM,104362.99126612706,247097.3910449474,0.9810121179015944,743039
5506,WI,OD,3354221.160026554,7941697.411842268,31.529678904249607,743039
5507,WI,FIC,6119.965497483286,14490.074396746759,0.057527675676342885,754076
5507,WI,NCATS,341441.10259515984,808420.7305981828,3.2095463643945026,754076
5507,WI,NCCIH,78421.08833217579,185675.45922838428,0.7371582303224524,754076
5507,WI,NCI,4429116.368045187,10486697.304292904,41.633693859624756,754076
5507,WI,NEI,255445.28173388803,604810.7849863059,2.401185648298547,754076
5507,WI,NHGRI,58167.58740589679,137721.80077441953,0.5467753216154299,754076
5507,WI,NHLBI,1276005.6988135905,3021163.6836980814,11.99445356884775,754076
5507,WI,NIA,1937650.7547055967,4587722.529178079,18.21391709423261,754076
5507,WI,NIAAA,100467.50175536756,237874.14740969092,0.944394516500455,754076
5507,WI,NIAID,1746202.1125934045,4134434.831967596,16.414299858378,754076
5507,WI,NIAMS,176015.33862198854,416746.6879756135,1.6545441830466923,754076
5507,WI,NIBIB,160464.6766277828,379927.81223074766,1.5083679603011584,754076
5507,WI,NICHD,585330.6884462055,1385871.4114928194,5.502108471394331,754076
5507,WI,NIDA,428702.5877556993,1015027.3548457868,4.029804324903573,754076
5507,WI,NIDCD,212856.37403362617,503974.1967233896,2.0008499159160857,754076
5507,WI,NIDCR,89136.84348698548,211046.85870349043,0.8378863287776636,754076
5507,WI,NIDDK,874957.2804293915,2071612.3469341057,8.224598436036281,754076
5507,WI,NIEHS,358915.582228267,849794.5765834722,3.3738064729457093,754076
5507,WI,NIGMS,1873298.5510499175,4435357.582194498,17.609006379869225,754076
5507,WI,NIMH,648771.6495950054,1536078.8345943487,6.098453506193051,754076
5507,WI,NIMHD,139575.79510100977,330469.7805617387,1.3120124739494918,754076
5507,WI,NINDS,913577.4958167442,2163052.3712955588,8.587628460677395,754076
5507,WI,NINR,24148.615648745432,57176.01471326268,0.22699698709820706,754076
5507,WI,NLM,23752.06819596792,56237.12018927403,0.22326944104209845,754076
5507,WI,OD,8906950.46130047,21088742.229912248,83.72533433622442,754076
5508,WI,FIC,5466.290629392277,12942.38634624755,0.051383131916287406,747225
5508,WI,NCATS,388434.4244210878,919685.529343859,3.651283589558225,747225
5508,WI,NCCIH,51700.967974840474,122410.96337019115,0.48598909896350045,747225
5508,WI,NCI,3787015.566276743,8966412.85307147,35.59794632300138,747225
5508,WI,NEI,330297.7840011403,782037.0008989883,3.1047991696107187,747225
5508,WI,NHGRI,69157.66633488944,163742.70912312012,0.6500820635479607,747225
5508,WI,NHLBI,1538573.4672980253,3642838.1851461395,14.462590592601437,747225
5508,WI,NIA,1937356.698921244,4587026.301365387,18.211152969859693,747225
5508,WI,NIAAA,75882.55519842637,179665.04397657246,0.7132960188652079,747225
5508,WI,NIAID,1748693.1067253507,4140332.6904291515,16.437715203218296,747225
5508,WI,NIAMS,129821.7793059968,307375.464981871,1.2203247254763698,747225
5508,WI,NIBIB,157977.6549877216,374039.35932923603,1.4849899568845828,747225
5508,WI,NICHD,493804.2006371585,1169166.6574919333,4.641759485989289,747225
5508,WI,NIDA,317318.5249982922,751306.365465953,2.982794134983947,747225
5508,WI,NIDCD,243251.7266479511,575940.43916022,2.2865662304907404,747225
5508,WI,NIDCR,66527.88674993168,157516.25215228362,0.6253621354493578,747225
5508,WI,NIDDK,693043.2969973393,1640899.59948104,6.51460699177499,747225
5508,WI,NIEHS,144809.46333549827,342861.3932459629,1.3612089553536837,747225
5508,WI,NIGMS,1483811.2917419758,3513179.2845753473,13.947826142374572,747225
5508,WI,NIMH,480368.0030383331,1137354.1410820887,4.5154592285603306,747225
5508,WI,NIMHD,81413.7059136319,192760.99776845347,0.7652888355881399,747225
5508,WI,NINDS,737057.6341120842,1745111.1378595512,6.928341760653591,747225
5508,WI,NINR,30284.380759151827,71703.49742003829,0.2846731791360272,747225
5508,WI,NLM,33593.32043431958,79537.98310255479,0.31577721208260406,747225
5508,WI,OD,1331282.5750110638,3152041.2268558866,12.514056205104,747225
5600,WY,FIC,517.5283690358274,2021.0375101140498,0.004036721278479453,587618
5600,WY,NCATS,36092.203719953846,140946.2783201646,0.28151918901564,587618
5600,WY,NCCIH,23061.79422520902,90060.28262085936,0.17988199495663038,587618
5600,WY,NCI,202788.59937074798,791924.4440943864,1.5817510750918342,587618
5600,WY,NEI,27479.041433224542,107310.39456250618,0.21433652317915142,587618
5600,WY,NHGRI,14776.154070268567,57703.42925716949,0.11525400174809482,587618
5600,WY,NHLBI,368893.21671065234,1440591.6135338405,2.877367090343088,587618
5600,WY,NIA,2523383.9684590194,9854249.46303393,19.682394953980353,587618
5600,WY,NIAAA,20929.961210995018,81735.10714293743,0.16325369744576113,587618
5600,WY,NIAID,759999.7367927074,2967930.0066129,5.927997946983117,587618
5600,WY,NIAMS,32452.43757119355,126732.36396336791,0.25312901305530966,587618
5600,WY,NIBIB,114566.45723005268,447401.7683208091,0.8936183663944108,587618
5600,WY,NICHD,455640.18171705125,1779353.4682571052,3.553993417393,587618
5600,WY,NIDA,152985.5317123427,597434.8781525106,1.193287147356273,587618
5600,WY,NIDCD,63867.91794091773,249415.23126927353,0.4981697599391583,587618
5600,WY,NIDCR,67461.91709496014,263450.4176208357,0.5262029533406891,587618
5600,WY,NIDDK,406622.45890654286,1587930.8093505509,3.1716551794710344,587618
5600,WY,NIEHS,69708.39706210697,272223.30921667634,0.5437254970844344,587618
5600,WY,NIGMS,8535840.648243302,33333929.428053584,66.57955705629776,587618
5600,WY,NIMH,147122.93997461296,574540.4466249972,1.1475589318019812,587618
5600,WY,NIMHD,67489.35380120395,263557.5626891844,0.5264169596493908,587618
5600,WY,NINDS,368533.2557447223,1439185.9038996482,2.874559394808834,587618
5600,WY,NINR,7618.528205850642,29751.666183192592,0.05942452000563501,587618
5600,WY,NLM,7668.778449747079,29947.902049443335,0.05981647190802722,587618
5600,WY,OD,474141.25533494493,1851603.350575259,3.6983017916125704,587618
0101,AL,NIH_tot,9351835.457524767,23028495.84506526,86.0368862092279,760389
0102,AL,NIH_tot,17032710.312160037,41942322.49223025,156.70093487187236,703362
0103,AL,NIH_tot,37354643.35660877,91984215.63751951,343.66271888080075,737665
0104,AL,NIH_tot,34710155.04528004,85472275.99033979,319.33342641657646,735310
0105,AL,NIH_tot,16620045.895318113,40926153.97089426,152.90442223692665,773877
0106,AL,NIH_tot,144296988.52762684,355325178.2344121,1327.5322944541672,728184
0107,AL,NIH_tot,153893324.97509426,378955747.33628166,1415.818589770868,718912
0200,AK,NIH_tot,17827339.910452433,70871878.90781091,139.053251301529,740133
0401,AZ,NIH_tot,34330183.79469991,100837890.65257612,350.167874705939,819479
0402,AZ,NIH_tot,19548911.955830086,57420928.99843922,199.39890194946685,853923
0403,AZ,NIH_tot,19687595.34991048,57828283.09276147,200.81347256908685,834750
0404,AZ,NIH_tot,32012684.990680378,94030712.0955165,326.5293869049398,793264
0405,AZ,NIH_tot,21771879.66753147,63950441.81367089,222.073172608821,902036
0406,AZ,NIH_tot,107944072.95228754,317063628.0321032,1101.029544113333,833838
0407,AZ,NIH_tot,74697900.58180395,219409799.14030752,761.9185859344001,813289
0408,AZ,NIH_tot,17887389.682839993,52540547.28296291,182.4513747649679,815902
0409,AZ,NIH_tot,9412277.621835519,27646639.682973936,96.00523174272229,915903
0501,AR,NIH_tot,14623624.897262016,41047425.603542395,128.68789909590572,754656
0502,AR,NIH_tot,73462632.24270567,206204135.62354425,646.4711637358098,773214
0503,AR,NIH_tot,11803056.723074045,33130300.875365242,103.86689916305158,816102
0504,AR,NIH_tot,12037949.504508415,33789627.41296958,105.93395563967408,744382
0601,CA,NIH_tot,15140815.401744427,40627185.76563354,133.23917553535097,759259
0602,CA,NIH_tot,90045560.50841342,241618275.96976203,792.4009324740383,752654
0603,CA,NIH_tot,35246454.20551408,94576428.32250199,310.168797008524,807351
0604,CA,NIH_tot,152814802.8334873,410046303.16934276,1344.7702649346884,760875
0605,CA,NIH_tot,28209668.230718467,75694696.83014865,248.24508043032262,772810
0606,CA,NIH_tot,51972742.98138566,139457897.59850106,457.3601382361941,761692
0607,CA,NIH_tot,60578715.57345623,162550210.52318794,533.0926970464147,764481
0608,CA,NIH_tot,156373347.09838736,419594906.4030016,1376.0854544658096,748589
0609,CA,NIH_tot,36909858.20362927,99039822.2310584,324.8067521919377,784710
0610,CA,NIH_tot,114331702.09599325,306785016.30895174,1006.1189784447408,773816
0611,CA,NIH_tot,418207824.6754242,1122172520.495324,3680.228857143735,729775
0612,CA,NIH_tot,268497202.49079114,720455631.5962688,2362.775381918964,756336
0613,CA,NIH_tot,22907382.965348072,61467132.2807674,201.58497009506308,790923
0614,CA,NIH_tot,139665045.40993994,374761701.68361795,1229.0523996074714,728854
0615,CA,NIH_tot,399294608.1860408,1071422891.8028493,3513.792552037158,723474
0616,CA,NIH_tot,234795916.94355586,630025337.5772003,2066.2040691032917,751938
0617,CA,NIH_tot,148004564.10640696,397139041.75991935,1302.4401641363809,762984
0618,CA,NIH_tot,65050915.55430903,174550416.23088294,572.4480568779196,766286
0619,CA,NIH_tot,89916030.95633507,241270710.7274157,791.2610724157488,741135
0620,CA,NIH_tot,8439466.334137805,22645528.488533273,74.26730374041267,816324
0621,CA,NIH_tot,12363590.593096446,33175088.55554086,108.7995972192487,775200
0622,CA,NIH_tot,7019579.64549029,18835561.935530677,61.77230088031457,770684
0623,CA,NIH_tot,24418131.20190071,65520906.639872,214.8795545767263,758179
0624,CA,NIH_tot,34243905.1410086,91886299.29034075,301.34636524087574,756496
0625,CA,NIH_tot,12670655.01672848,33999031.19336463,111.50176414721064,792416
0626,CA,NIH_tot,45307412.57403073,121572888.80183244,398.7052306514704,751974
0627,CA,NIH_tot,53990538.16179734,144872225.52314764,475.1167358238166,748971
0628,CA,NIH_tot,105284776.48583202,282509498.93294954,926.5060330753221,750492
0629,CA,NIH_tot,82262901.20413567,220735150.6613918,723.9135305963939,724033
0630,CA,NIH_tot,130788487.10807277,350943329.058331,1150.9386865510405,741397
0631,CA,NIH_tot,76847321.14841689,206203583.42974874,676.2564261060686,724696
0632,CA,NIH_tot,140864500.8259629,377980187.3933602,1239.6076072684737,763344
0633,CA,NIH_tot,28883251.810404357,77502116.34451815,254.17261593155837,783103
0634,CA,NIH_tot,117420333.36847329,315072707.1062474,1033.2989336425649,754617
0635,CA,NIH_tot,43506752.71133492,116741197.72038421,382.8594238597473,764929
0636,CA,NIH_tot,194793333.75941885,522686839.94649136,1714.181337082886,754490
0637,CA,NIH_tot,196032854.21872598,526012831.7523735,1725.089117124789,744775
0638,CA,NIH_tot,52216648.952041,140112367.84440476,459.5065107779611,722610
0639,CA,NIH_tot,43229568.54605347,115997432.45574169,380.4202032052706,780819
0640,CA,NIH_tot,44861178.40017804,120375513.48253496,394.77836992156676,744076
0641,CA,NIH_tot,28971535.68097964,77739007.49699582,254.94951399262087,824187
0642,CA,NIH_tot,48104933.18184136,129079445.50971064,423.3234120002039,722218
0643,CA,NIH_tot,95834125.2968961,257150669.08981773,843.3403026126856,719690
0644,CA,NIH_tot,53238552.63770616,142854430.92162317,468.4992632118142,742823
0645,CA,NIH_tot,36751274.77241712,98614297.02992126,323.4112179972708,741928
0646,CA,NIH_tot,38597701.40264392,103568793.58234568,339.65977234326664,763396
0647,CA,NIH_tot,113884043.49840488,305583818.84889203,1002.1795827859628,756257
0648,CA,NIH_tot,110832240.92759648,297394950.10738534,975.3237201628491,768439
0649,CA,NIH_tot,147180415.3417786,394927612.3176706,1295.187655007652,748243
0650,CA,NIH_tot,410016146.425099,1100191879.084828,3608.142088540873,759815
0651,CA,NIH_tot,322945863.7556313,866557133.8734746,2841.923601049557,766304
0652,CA,NIH_tot,157905160.58617356,423705204.9222887,1389.5654131583271,756396
0801,CO,NIH_tot,137299334.9370491,384556601.4431827,1318.0736153956714,735987
0802,CO,NIH_tot,104215255.0255337,291892632.32432055,1000.4664482451234,728333
0803,CO,NIH_tot,5252471.087475261,14711450.944057114,50.423722439762514,742698
0804,CO,NIH_tot,57080403.131814234,159874378.46979758,547.9718700654167,789599
0805,CO,NIH_tot,23986949.341827706,67184154.40331413,230.27471368154593,745409
0806,CO,NIH_tot,113802069.76796561,318743985.2293097,1092.49986977247,730108
0807,CO,NIH_tot,57622706.2098303,161393294.99426326,553.1779796143709,728241
0808,CO,NIH_tot,53903999.513001695,150977707.69551864,517.4783953248163,757119
0901,CT,NIH_tot,96997821.11154291,220626871.53880185,737.183440447726,734950
0902,CT,NIH_tot,106169757.3163366,241488944.18773377,806.8901556041582,731305
0903,CT,NIH_tot,427157981.6164593,971594290.0252779,3246.4006602850905,741529
0904,CT,NIH_tot,89738308.57899392,204114711.56861866,682.0111452003534,739251
0905,CT,NIH_tot,95702977.89546493,217681679.52703482,727.3426320055333,728034
1000,DE,NIH_tot,83474703.84784882,196395463.18439847,459.11087116316844,1051917
1198,DC,NIH_tot,99768746.93043876,196631608.0279521,159.62999508870203,702250
1201,FL,NIH_tot,3625086.729640086,11644170.645740395,40.60097137196897,817541
1202,FL,NIH_tot,55404418.59790862,177964984.78427657,620.5294882965765,819004
1203,FL,NIH_tot,232227170.4735082,745938788.0188593,2600.944309303292,845635
1204,FL,NIH_tot,23034039.07222533,73987824.73937467,257.9812376089238,842213
1205,FL,NIH_tot,43912763.32439166,141052545.16931063,491.8229492331866,852413
1206,FL,NIH_tot,13332570.124569753,42825657.220125064,149.3247853951812,834806
1207,FL,NIH_tot,11129282.650134927,35748459.55636361,124.6479656815112,813213
1208,FL,NIH_tot,6034363.00749557,19383026.624744475,67.58486568395038,831434
1209,FL,NIH_tot,5947129.839809175,19102824.25545944,66.60785420586274,909540
1210,FL,NIH_tot,13128628.855152925,42170575.80555316,147.04064317771272,802532
1211,FL,NIH_tot,5378462.360743567,17276202.808645017,60.23877844032794,893440
1212,FL,NIH_tot,17370491.815281868,55795898.4108666,194.5495083311568,871072
1213,FL,NIH_tot,13620988.421930375,43752087.98503931,152.5550703256201,762930
1214,FL,NIH_tot,46946163.151734546,150796153.49115816,525.7970272994271,826751
1215,FL,NIH_tot,80749296.6235939,259375474.17023844,904.3921221842518,835404
1216,FL,NIH_tot,20283998.35211629,65154396.5165791,227.18078154370247,882786
1217,FL,NIH_tot,5150995.87256482,16545555.84704706,57.691153772726,877095
1218,FL,NIH_tot,5124637.414235055,16460889.628100924,57.39593903943261,875428
1219,FL,NIH_tot,4114781.64452059,13217123.67513896,46.08555441863059,826915
1220,FL,NIH_tot,12006806.659999885,38567161.58438831,134.47623459199872,818131
1221,FL,NIH_tot,21633650.767020892,69489626.04449306,242.29688859063398,859087
1222,FL,NIH_tot,11877497.525567634,38151806.659202404,133.0279722863575,804159
1223,FL,NIH_tot,12821217.365259673,41183136.85202122,143.59763449090832,802266
1224,FL,NIH_tot,38299102.467129916,123020859.35202844,428.949947631855,830040
1225,FL,NIH_tot,25193433.655415636,80924033.68923663,282.16645694065505,807029
1226,FL,NIH_tot,25385668.544772655,81541512.94495651,284.3194877014538,851047
1227,FL,NIH_tot,108079557.8253133,347163229.0461264,1210.4910476435084,788713
1228,FL,NIH_tot,51282534.37120686,164725046.84699416,574.3643849575168,791591
1301,GA,NIH_tot,6434791.548522484,18899650.24687773,75.93054027256532,806580
1302,GA,NIH_tot,7007151.436547533,20580730.607825756,82.68438695126089,757227
1303,GA,NIH_tot,22615719.342494816,66424713.59508812,266.86548824143887,799818
1304,GA,NIH_tot,116688979.12898196,342727635.6309257,1376.9299537219874,759754
1305,GA,NIH_tot,221800318.89006037,651450543.5114858,2617.2437629027113,771555
1306,GA,NIH_tot,79866246.98559414,234575451.77280384,942.421714430011,803570
1307,GA,NIH_tot,42640667.97188569,125240064.86999953,503.1598820682512,815698
1308,GA,NIH_tot,6958012.879891486,20436405.56987656,82.10455198271954,787897
1309,GA,NIH_tot,28660098.523537748,84177682.22193523,338.1891625777455,828902
1310,GA,NIH_tot,72226798.76578337,212137599.9255737,852.2762254362439,835755
1311,GA,NIH_tot,35128652.51613421,103176496.2691733,414.51809969038374,811695
1312,GA,NIH_tot,53845720.31330599,158150465.87582973,635.3794996970109,786415
1313,GA,NIH_tot,82870869.60431232,243400340.06785202,977.8762613308851,820432
1314,GA,NIH_tot,17093104.269339498,50204220.27471994,201.6986303782061,795580
1501,HI,NIH_tot,52783316.70251756,149328513.6696411,480.3281819929097,719060
1502,HI,NIH_tot,11504533.586456792,32547308.66213488,104.69125563675681,727086
1601,ID,NIH_tot,23904169.52158309,99587470.36566512,219.9183595985644,1033662
1602,ID,NIH_tot,9744314.146953532,40595913.42285625,89.6476901519725,967957
1701,IL,NIH_tot,129966945.28130665,371789500.1023779,1286.6727582849358,735259
1702,IL,NIH_tot,101767693.9969746,291121407.79959506,1007.5001705700485,732352
1703,IL,NIH_tot,63357579.211321816,181243643.54097188,627.2400341920861,732771
1704,IL,NIH_tot,62327590.38329603,178297209.50227156,617.0431447946307,712078
1705,IL,NIH_tot,155429355.19104093,444628456.4327884,1538.7506163913054,773710
1706,IL,NIH_tot,70035746.07182091,200347518.86320233,693.3538861110269,764465
1707,IL,NIH_tot,154204313.87952644,441124046.1704179,1526.6227074073115,760384
1708,IL,NIH_tot,30305873.15018898,86694392.98036225,300.02814418687086,752591
1709,IL,NIH_tot,249765249.82836118,714490112.6639632,2472.6759733007766,740435
1710,IL,NIH_tot,57775023.273315795,165273923.87884983,571.9727304058263,749775
1711,IL,NIH_tot,31129137.890311632,89049462.45991042,308.1784651140851,766584
1712,IL,NIH_tot,16725452.292279597,47845608.22964263,165.58197769356798,745901
1713,IL,NIH_tot,78447876.25526793,224411650.46936187,776.6339749271526,741808
1714,IL,NIH_tot,22959051.446252592,65677732.453828484,227.29460931790067,766577
1715,IL,NIH_tot,40298761.251646936,115280514.3497503,398.9577363913046,739197
1716,IL,NIH_tot,11622198.645384591,33247003.03685268,115.05976658930743,752764
1717,IL,NIH_tot,10673402.905293165,30532833.729077213,105.66668876240232,743507
1801,IN,NIH_tot,32202420.539032947,86636473.04843934,283.38130074348993,760512
1802,IN,NIH_tot,32207220.218483966,86649385.96903467,283.42353792265885,751821
1803,IN,NIH_tot,10156235.597810391,27324046.35784326,89.37487326073145,774688
1804,IN,NIH_tot,96042319.98127925,258389516.2937203,845.1724158352573,789018
1805,IN,NIH_tot,44243878.49070574,119032467.81627066,389.3461307182107,791265
1806,IN,NIH_tot,56707880.81226062,152565263.8959377,499.0293511478933,777157
1807,IN,NIH_tot,110653832.46559727,297699912.41783005,973.7537256972565,757121
1808,IN,NIH_tot,16505869.927378204,44406921.3173281,145.25165536092817,758402
1809,IN,NIH_tot,57666734.13711344,155144935.51209235,507.46726040659814,764291
1901,IA,NIH_tot,168560005.22302085,413971076.65714556,1331.624041261865,804704
1902,IA,NIH_tot,27227278.003397293,66868208.591930136,215.09549622683866,797329
1903,IA,NIH_tot,11874517.289384438,29162948.236542936,93.80868658613706,837909
1904,IA,NIH_tot,21071842.045297306,51750906.90759948,166.4675521578488,801546
2001,KS,NIH_tot,30866550.55728577,85271001.39987609,250.01905951401477,731386
2002,KS,NIH_tot,15779401.553280447,43591698.70445354,127.81315258157159,739248
2003,KS,NIH_tot,66574855.79978659,183917688.22901937,539.2563319782714,754087
2004,KS,NIH_tot,7241907.132278756,20006274.172691874,58.65944777145793,745885
2101,KY,NIH_tot,11345606.106549377,29658414.580171645,97.57221251632465,759138
2102,KY,NIH_tot,16440746.470826864,42977560.675035305,141.39041964911107,775395
2103,KY,NIH_tot,69448493.0996506,181544483.4744108,597.2570406569952,763950
2104,KY,NIH_tot,53590395.70803761,140090018.8582193,460.87740308912345,776082
2105,KY,NIH_tot,10749053.97994758,28098974.72977653,92.44186422754915,736508
2106,KY,NIH_tot,132724350.68473119,346953153.54016364,1141.4294158886883,777299
2201,LA,NIH_tot,64693019.398770735,178995862.9595544,633.9915901079534,798569
2202,LA,NIH_tot,73989043.04856677,204716563.44241488,725.0926218759544,736254
2203,LA,NIH_tot,9258910.748294393,25618014.661531463,90.73732533328504,777847
2204,LA,NIH_tot,12601727.274187243,34867085.648300394,123.49692728703499,767466
2205,LA,NIH_tot,25531522.987487037,70641887.36727566,250.20892527737297,763961
2206,LA,NIH_tot,29369273.192112833,81260365.46714394,287.8188772827058,753643
2301,ME,NIH_tot,32712799.522382643,76248287.49855441,304.22903555815856,707732
2302,ME,NIH_tot,97458115.5471407,227159231.91536373,906.3604745884089,697280
2401,MD,NIH_tot,112752121.02616298,246917013.81964943,947.1178166197689,791864
2402,MD,NIH_tot,361070272.7218238,790711453.6571052,3032.9902908633208,783097
2403,MD,NIH_tot,178931189.0181938,391843226.2690641,1503.0219877528284,782840
2404,MD,NIH_tot,103021189.61260699,225607148.3869492,865.3779927458988,763420
2405,MD,NIH_tot,67821715.38355738,148523462.63843992,569.7024092218822,805367
2406,MD,NIH_tot,93729591.06981806,205259382.46541867,787.3285649864719,821685
2407,MD,NIH_tot,476352904.5834926,1043170058.830024,4001.364398501339,741484
2408,MD,NIH_tot,150760958.8523784,330152953.4134309,1266.3920543599784,773463
2501,MA,NIH_tot,81954633.80656649,183577322.43359703,647.4416070718752,779993
2502,MA,NIH_tot,212890822.6991209,476872696.35092795,1681.8374993230555,801772
2503,MA,NIH_tot,183911687.44465864,411959807.2394767,1452.9023308128033,792213
2504,MA,NIH_tot,416392192.83990526,932713140.1040944,3289.4983234352526,802402
2505,MA,NIH_tot,654674156.3263854,1466461664.248721,5171.925834978446,790877
2506,MA,NIH_tot,278370341.1047923,623545972.8312562,2199.1256947278594,796651
2507,MA,NIH_tot,915070086.344986,2049745188.1339915,7229.05368212539,789900
2508,MA,NIH_tot,586514423.3375446,1313784741.679423,4633.463944366605,784982
2509,MA,NIH_tot,145067427.20468873,324949165.4300301,1146.0326749170413,797381
2601,MI,NIH_tot,9390867.3515798,23924575.86263942,91.09141331032406,787617
2602,MI,NIH_tot,16303121.607081857,41534530.84616827,158.14027958869394,788872
2603,MI,NIH_tot,26458110.632226706,67405815.81064786,256.64367313259896,791175
2604,MI,NIH_tot,15691326.287846,39975894.88854253,152.20586499210614,785367
2605,MI,NIH_tot,55994051.07453537,142652842.66461986,543.1422954229931,775260
2606,MI,NIH_tot,473678240.2876779,1206762971.935457,4594.678930790475,768949
2607,MI,NIH_tot,149468874.57419837,380793306.40871704,1449.8480833697238,792585
2608,MI,NIH_tot,28978423.178376585,73826671.9946915,281.09070483025283,769318
2609,MI,NIH_tot,19672174.400667273,50117674.03494009,190.82009168647252,782471
2610,MI,NIH_tot,29707471.41937936,75684026.51758978,288.16247276797975,775317
2611,MI,NIH_tot,58076985.499309234,147959415.61435083,563.3467593432996,787210
2612,MI,NIH_tot,62895035.404585406,160234085.90339187,610.0818434244783,751709
2613,MI,NIH_tot,58780961.48205627,149752894.97830692,570.1753263759457,784609
2701,MN,NIH_tot,283874093.9463289,701580140.0455613,2583.254254911592,718116
2702,MN,NIH_tot,48764706.695423305,120519450.2853234,443.75883092835215,746020
2703,MN,NIH_tot,68162155.52078134,168459241.74087724,620.2756152391103,710658
2704,MN,NIH_tot,114161171.67886601,282143430.916127,1038.8666622776807,708464
2705,MN,NIH_tot,163303060.50982553,403595067.34000754,1486.057850639412,705006
2706,MN,NIH_tot,35077783.20834774,86692926.83133446,319.20782719596434,755084
2707,MN,NIH_tot,10852491.64005944,26821371.752632413,98.7576739245409,722392
2708,MN,NIH_tot,14623233.517738055,36140565.26494213,133.07142501141627,727411
2801,MS,NIH_tot,22858440.742732003,73606556.15250616,203.44012261031483,753783
2802,MS,NIH_tot,19369225.53603219,62370920.3569286,172.3861072706865,694703
2803,MS,NIH_tot,22976039.754229,73985237.19819322,204.48675381263814,734735
2804,MS,NIH_tot,7716910.774831173,24849255.146683395,68.68050589599744,759824
2901,MO,NIH_tot,477184186.6057497,1121958964.9929996,4103.784004809448,742814
2902,MO,NIH_tot,108364106.74407949,254786483.8308818,931.9313179990836,773921
2903,MO,NIH_tot,95027067.41533831,223428338.98584247,817.2327797719092,799877
2904,MO,NIH_tot,39807901.58759696,93596630.64581807,342.347953653334,784156
2905,MO,NIH_tot,36922962.51737797,86813540.71085127,317.53747764945047,776496
2906,MO,NIH_tot,19413174.372615635,45644398.19612836,166.95329960449448,788896
2907,MO,NIH_tot,14880586.635258552,34987344.611184925,127.97304506322351,803037
2908,MO,NIH_tot,34752978.04479945,81711457.27798896,298.87561118527526,776269
3001,MT,NIH_tot,32522660.97864063,85864997.57382657,299.2084810034939,579075
3002,MT,NIH_tot,7797593.655992587,20586887.42576174,71.7378616351318,558158
3101,NE,NIH_tot,41886931.31812555,108388752.01269397,385.35976812675506,672915
3102,NE,NIH_tot,100370354.86293608,259723430.68152243,923.4072647390124,682617
3103,NE,NIH_tot,10154348.678605523,26275908.64598703,93.42000784317078,649934
3201,NV,NIH_tot,5928719.963459479,31398161.3339298,51.57986368209747,792232
3202,NV,NIH_tot,29913864.8408537,158422114.75382906,260.2506241154272,802677
3203,NV,NIH_tot,5234045.880310865,27719207.179975677,45.53619915870451,839433
3204,NV,NIH_tot,3813397.4533024654,20195534.48419612,33.17655784373145,833125
3301,NH,NIH_tot,46839085.14352654,113086630.98188452,327.8735960046858,708843
3302,NH,NIH_tot,111977828.64966698,270355310.0547208,783.8448005476688,700189
3401,NJ,NIH_tot,118291375.13653672,384688432.03512764,1040.9641012015234,784146
3402,NJ,NIH_tot,33073193.266447376,107555388.93160313,291.0441007447369,794193
3403,NJ,NIH_tot,79672454.20519878,259098107.94922295,701.1175970057492,795627
3404,NJ,NIH_tot,28949122.862499107,94143741.84012115,254.7522811899921,795125
3405,NJ,NIH_tot,100453461.47816467,326678800.91792476,883.990461007849,794119
3406,NJ,NIH_tot,81688598.70860776,265654693.05001694,718.8596686357482,786792
3407,NJ,NIH_tot,39568862.13301861,128679572.0634372,348.20598677056387,789429
3408,NJ,NIH_tot,67684022.5902711,220111233.7567153,595.6193987943856,780391
3409,NJ,NIH_tot,60234616.52324406,195885457.90272856,530.0646254045477,772342
3410,NJ,NIH_tot,50756205.393186495,165061273.87749842,446.6546074600413,800200
3411,NJ,NIH_tot,38140598.840850495,124034800.91454071,335.63726979948433,800060
3412,NJ,NIH_tot,121714040.4711443,395819080.90476346,1071.0835561460704,808427
3501,NM,NIH_tot,80135572.98898013,186541153.36382142,625.0574693140449,711081
3502,NM,NIH_tot,34966079.826068684,81394724.16654786,272.7354226433358,710491
3503,NM,NIH_tot,6687148.497353356,15566474.998350369,52.15975827935617,708684
3601,NY,NIH_tot,91560533.79172608,215833962.40528613,650.0797899212553,782097
3602,NY,NIH_tot,65079876.28163755,153411595.46604723,462.0671215996266,777625
3603,NY,NIH_tot,115056055.01569915,271219522.47730327,816.8979906114639,775796
3604,NY,NIH_tot,88751552.62417151,209212402.75935578,630.1360236316177,777491
3605,NY,NIH_tot,116880013.20746905,275519105.57810485,829.8480937730301,766680
3606,NY,NIH_tot,138884827.89757693,327390650.5536236,986.082278072796,726418
3607,NY,NIH_tot,170467422.6037948,401839720.21489304,1210.318700486943,777946
3608,NY,NIH_tot,166581425.5752723,392679330.8874449,1182.728121584433,739447
3609,NY,NIH_tot,202986984.17732403,478497484.6405933,1441.2075876590013,711601
3610,NY,NIH_tot,265905180.7590114,626813392.3056865,1887.926783388981,757254
3611,NY,NIH_tot,122615351.14735717,289038912.2244405,870.568993146236,759734
3612,NY,NIH_tot,199463182.02611217,470190890.636255,1416.1885923853956,752016
3613,NY,NIH_tot,378510080.7651783,892254852.158537,2687.421573432766,747542
3614,NY,NIH_tot,224455073.08179674,529103815.7926294,1593.6310188807568,737491
3615,NY,NIH_tot,254235483.16129968,599304628.7775605,1805.071930445228,754448
3616,NY,NIH_tot,132585415.57379012,312541161.73609066,941.3564505739096,773517
3617,NY,NIH_tot,83639319.28346688,197161429.1250758,593.8391669126148,783152
3618,NY,NIH_tot,51087601.450228475,120427863.33975329,362.72197029662203,791202
3619,NY,NIH_tot,117833635.57787961,277767062.05367786,836.6188126029451,776282
3620,NY,NIH_tot,58629625.55157835,138206538.04749745,416.27034141620635,790733
3621,NY,NIH_tot,15749082.603840781,37125022.778561875,111.81848648726952,767674
3622,NY,NIH_tot,47632753.27481736,112283813.27442878,338.1925482512032,765288
3623,NY,NIH_tot,49577309.05249654,116867678.84656802,351.9988942727254,773707
3624,NY,NIH_tot,59657769.76534438,140630163.4938711,423.5701653339451,772889
3625,NY,NIH_tot,168528253.39652482,397268552.30611414,1196.5505991153261,768525
3626,NY,NIH_tot,81561919.20655529,192264412.12951303,579.0896263665425,760693
3701,NC,NIH_tot,36409317.956063785,91084926.35296158,353.1703841738187,753478
3702,NC,NIH_tot,317541055.8308334,794390153.6220925,3080.1482415590835,790747
3703,NC,NIH_tot,31527570.36143663,78872293.84314805,305.8174325059353,775182
3704,NC,NIH_tot,1064460989.7420212,2662954328.703788,10325.271600497606,804357
3705,NC,NIH_tot,53577993.33077308,134035676.87156215,519.7065353084988,755224
3706,NC,NIH_tot,67838539.56920156,169711181.84662673,658.0338338212549,794243
3707,NC,NIH_tot,23983809.84504503,60000122.93653894,232.64295549693676,805748
3708,NC,NIH_tot,27983995.892016634,70007359.32383497,271.4447601525613,788892
3709,NC,NIH_tot,104509142.97622593,261449764.1149934,1013.7386868693914,790294
3710,NC,NIH_tot,81250754.42896408,203264422.37164202,788.1323179609515,787565
3711,NC,NIH_tot,15384371.081280634,38486969.42403728,149.22839948842213,770851
3712,NC,NIH_tot,32974950.645259455,82493194.58937511,319.8570212590166,801527
3713,NC,NIH_tot,183970079.86284685,460236612.9372958,1784.5097746696138,835054
3714,NC,NIH_tot,26217688.769026957,65588601.61987662,254.31158105956152,792862
3800,ND,NIH_tot,23790173.63349287,87875665.28735165,176.04728488784724,796568
3901,OH,NIH_tot,144269372.6180992,376251545.61913586,1428.266788919182,809863
3902,OH,NIH_tot,35405982.73915165,92338072.09402812,350.51922911760147,790454
3903,OH,NIH_tot,149383082.14939484,389587994.5138742,1478.8925132790084,787191
3904,OH,NIH_tot,34733660.610548064,90584669.86145116,343.8632400444258,810105
3905,OH,NIH_tot,26120268.048241295,68121119.86618546,258.5906536775888,796997
3906,OH,NIH_tot,10808624.30365099,28188669.06027597,107.0053806061448,775304
3907,OH,NIH_tot,89355337.36927359,233036875.28679755,884.6178399558087,789433
3908,OH,NIH_tot,76332244.38747992,199072917.62745112,755.6892194360512,791238
3909,OH,NIH_tot,25462202.432445437,66404898.32471232,252.0758040812099,776236
3910,OH,NIH_tot,15254280.349255722,39782848.255035914,151.01737545763166,791001
3911,OH,NIH_tot,189945692.76980782,495374445.6733832,1880.462358421097,759075
3912,OH,NIH_tot,38099758.69737349,99363384.18515092,377.1876111039974,812727
3913,OH,NIH_tot,31529640.399218477,82228651.29125282,312.143439952263,785020
3914,OH,NIH_tot,56753348.154408984,148011560.42095667,561.858146728649,785649
3915,OH,NIH_tot,97473936.60206491,254210014.4927612,964.9919723604426,823011
4001,OK,NIH_tot,15607507.523299837,43952176.35871793,163.8788289946483,827396
4002,OK,NIH_tot,7734523.233516548,21781128.64610981,81.21249395192373,815354
4003,OK,NIH_tot,25139637.836836077,70795531.83936594,263.9661972867788,797016
4004,OK,NIH_tot,37121056.6690144,104536309.01044287,389.7710950246512,819271
4005,OK,NIH_tot,58562990.10298831,164918765.2325533,614.9113960813773,836356
4101,OR,NIH_tot,123846018.3116638,300537712.29159755,1089.8449611426415,716626
4102,OR,NIH_tot,6495508.299177789,15762680.391494874,57.160473032764536,704768
4103,OR,NIH_tot,106747878.88836476,259045577.32614818,939.3813342176102,700007
4104,OR,NIH_tot,77466835.33081445,187989131.87667826,681.7081509111672,712690
4105,OR,NIH_tot,60685844.44085926,147266622.74149117,534.0354310795614,717312
4106,OR,NIH_tot,42909185.76773501,104127921.93671782,377.6008347560681,720968
4201,PA,NIH_tot,83797203.48515287,201498953.50472358,712.2762296237993,768164
4202,PA,NIH_tot,181652090.79902953,436801046.7608828,1544.042771791751,738540
4203,PA,NIH_tot,407573067.8979193,980051162.121315,3464.371077132315,767563
4204,PA,NIH_tot,131886080.93305765,317133581.845114,1121.0316879309903,786204
4205,PA,NIH_tot,255801144.04733655,615100035.4084826,2174.30972440236,768273
4206,PA,NIH_tot,70607380.76222046,169782674.6189418,600.1627364788737,796009
4207,PA,NIH_tot,26123443.30079385,62816493.4881459,222.04926805674776,788445
4208,PA,NIH_tot,14481136.186108379,34821374.29057784,123.08965758192123,773187
4209,PA,NIH_tot,30026790.49101699,72202491.3649715,255.2277191736444,770915
4210,PA,NIH_tot,61200217.161902696,147162186.79744074,520.2018458761729,792599
4211,PA,NIH_tot,39369507.923000105,94668011.7778154,334.640817345501,781923
4212,PA,NIH_tot,374953541.89557666,901614172.8194377,3187.1051061124017,754530
4213,PA,NIH_tot,30550696.981562734,73462278.15007587,259.6809243432833,769505
4214,PA,NIH_tot,75468705.63706833,181472227.8998206,641.4839979150807,752379
4215,PA,NIH_tot,91107899.0325304,219078269.2923824,774.4171417765083,758111
4216,PA,NIH_tot,43015022.78541971,103434025.42997286,365.6276936760675,758988
4217,PA,NIH_tot,242063595.14255545,582066692.8516064,2057.5405587117216,753416
4401,RI,NIH_tot,144803108.4756149,301343772.47696203,1071.5430027195505,555745
4402,RI,NIH_tot,111527852.34265547,232096010.33426064,825.3061073356503,556563
4501,SC,NIH_tot,88128663.58074073,254831918.8031065,907.72523488163,797468
4502,SC,NIH_tot,42416264.08196151,122650424.11045586,436.88752004420354,764414
4503,SC,NIH_tot,28345677.929626245,81964064.84666231,291.96048267515033,766747
4504,SC,NIH_tot,11484372.313556405,33208090.466861613,118.28903482963105,810387
4505,SC,NIH_tot,10284888.341438143,29739675.200261913,105.93434991681285,782718
4506,SC,NIH_tot,82180475.45834486,237632200.44764468,846.4588972209523,762934
4507,SC,NIH_tot,6793660.842026963,19644478.3993025,69.97470667287772,794163
4600,SD,NIH_tot,29742794.39916481,92842958.90572627,246.86519351306796,924669
4701,TN,NIH_tot,9160618.21707848,24660388.674899396,91.60618217078482,797902
4702,TN,NIH_tot,14310399.769975651,38523603.10823412,143.10399769975652,813928
4703,TN,NIH_tot,6977011.665046306,18782118.779776115,69.77011665046308,809872
4704,TN,NIH_tot,52419794.3990427,141114111.89789498,524.197943990427,826508
4705,TN,NIH_tot,236881211.64681128,637684336.4240191,2368.8121164681124,835216
4706,TN,NIH_tot,112677028.42444684,303326615.06394726,1126.7702842444687,803181
4707,TN,NIH_tot,169026375.96294886,455019085.9155071,1690.2637596294887,816216
4708,TN,NIH_tot,46852149.49857237,126126009.13061167,468.5214949857239,774995
4709,TN,NIH_tot,110975656.38904925,298746520.721047,1109.7565638904923,749932
4801,TX,NIH_tot,11526794.59023753,37548463.1742575,136.01617616480286,795955
4802,TX,NIH_tot,52996356.09001617,172635307.19122526,625.3570018621909,882070
4803,TX,NIH_tot,26497665.756603293,86315984.81925407,312.6724559279188,920628
4804,TX,NIH_tot,22550918.250305995,73459478.85498469,266.1008353536107,874662
4805,TX,NIH_tot,30573225.84600445,99592096.98845685,360.76406498285263,856312
4806,TX,NIH_tot,32495137.115908723,105852711.24485295,383.44261796772287,848575
4807,TX,NIH_tot,167113141.06787166,544370039.2332723,1971.9350646008854,770214
4808,TX,NIH_tot,38581810.907721065,125680014.05105963,455.26536871110875,946825
4809,TX,NIH_tot,213371314.691016,695055758.07727,2517.7815133539893,822791
4810,TX,NIH_tot,81854940.1856309,266641969.1207386,965.8882941904449,832921
4811,TX,NIH_tot,4694118.481102706,15291062.362867557,55.39059807701193,802030
4812,TX,NIH_tot,51851410.69197985,168905654.53036207,611.8466461653624,852259
4813,TX,NIH_tot,8927443.209041687,29081091.881248597,105.34382986669192,799858
4814,TX,NIH_tot,124726629.12946543,406296234.74712217,1471.7742237276925,787873
4815,TX,NIH_tot,13054347.163015919,42524456.37659057,154.04129652358782,812527
4816,TX,NIH_tot,20906303.22631789,68102155.43079975,246.69437807055112,784072
4817,TX,NIH_tot,26602720.490846112,86658199.97621875,313.912101791984,798340
4818,TX,NIH_tot,86750398.51855431,282588894.82466054,1023.6547025189411,825192
4819,TX,NIH_tot,19371887.526800632,63103805.63491437,228.58827281624744,787118
4820,TX,NIH_tot,81906220.7616029,266809015.28464526,966.4934049869142,766778
4821,TX,NIH_tot,38816736.938231446,126445284.16464043,458.03749587113117,846025
4822,TX,NIH_tot,88660379.81888816,288810647.27783996,1046.1924818628804,894683
4823,TX,NIH_tot,32315975.144889347,105269092.21543552,381.3285067096943,806011
4824,TX,NIH_tot,47936367.64854297,156152425.6607659,565.6491382528072,772892
4825,TX,NIH_tot,29347759.38272997,95600147.44799042,346.3035607162136,826421
4826,TX,NIH_tot,29341747.82466692,95580564.83421315,346.2326243310696,884703
4827,TX,NIH_tot,8112047.554342864,26424945.50219897,95.72216114124579,793985
4828,TX,NIH_tot,20565604.246877838,66992330.5802861,242.6741301131585,825116
4829,TX,NIH_tot,69242473.8816302,225556936.95113382,817.0611918032364,755796
4830,TX,NIH_tot,63351805.19582224,206368119.58397603,747.5513013107025,788414
4831,TX,NIH_tot,14817317.518290862,48267321.57160441,174.84434671583222,901458
4832,TX,NIH_tot,50526049.23310815,164588297.6501438,596.2073809506759,765626
4833,TX,NIH_tot,42335293.09187103,137906959.40550804,499.55645848407806,790618
4834,TX,NIH_tot,6158514.663795117,20061324.009146813,72.6704730327824,796178
4835,TX,NIH_tot,36246002.942192785,118071133.82948807,427.70283471787485,873155
4836,TX,NIH_tot,56800966.52985347,185028802.52718082,670.2514050522709,816162
4837,TX,NIH_tot,51630497.82390775,168186032.20807746,609.2398743221115,775784
4838,TX,NIH_tot,66182286.338126384,215588394.66610944,780.9509787898913,810804
4901,UT,NIH_tot,79975396.97745384,219665044.2382071,919.7170652407187,871848
4902,UT,NIH_tot,84830767.35900365,233001084.94528475,975.5538246285419,880783
4903,UT,NIH_tot,63092512.972390935,173293539.9756379,725.5638991824957,830117
4904,UT,NIH_tot,58635927.0354726,161052823.65558615,674.3131609079348,920865
5000,VT,NIH_tot,111631460.22050042,256709751.07958594,837.235951653753,648493
5101,VA,NIH_tot,48257172.46108591,133353140.04258746,410.1859659192303,823798
5102,VA,NIH_tot,14917356.128090456,41222396.16128625,126.79752708876885,788048
5103,VA,NIH_tot,17601822.05685313,48640608.68143581,149.61548748325163,775248
5104,VA,NIH_tot,66353068.61578114,183359065.60855648,564.0010832341395,810465
5105,VA,NIH_tot,153952292.5600287,425429435.30705404,1308.594486760244,805334
5106,VA,NIH_tot,36682158.29353694,101366921.07120435,311.79834549506404,797837
5107,VA,NIH_tot,42749450.88857532,118133185.6043771,363.37033255289026,825445
5108,VA,NIH_tot,70703322.60550964,195380491.64591682,600.9782421468317,788825
5109,VA,NIH_tot,48445725.71974694,133874185.26395813,411.78866861784894,782270
5110,VA,NIH_tot,51417099.09695045,142085233.48499846,437.04534232407883,821178
5111,VA,NIH_tot,74287165.10795462,205284027.77838525,631.4409034176143,792747
5301,WA,NIH_tot,196172309.6615604,474177472.3765945,1530.1440153601702,810553
5302,WA,NIH_tot,109892259.42791101,265625836.28228745,857.1596235377057,789531
5303,WA,NIH_tot,45767918.42077688,110627824.6412198,356.9897636820597,802855
5304,WA,NIH_tot,36823661.710040495,89008233.9522928,287.2245613383159,794949
5305,WA,NIH_tot,46490261.925601125,112373835.67558102,362.6240430196889,801690
5306,WA,NIH_tot,63948095.14261642,154571999.332307,498.79514211240803,799758
5307,WA,NIH_tot,633037406.9007812,1530144993.6635191,4937.6917738260945,811726
5308,WA,NIH_tot,104177246.06337811,251811804.13642612,812.5825192943496,794910
5309,WA,NIH_tot,216942893.4153705,524383043.80081654,1692.1545686398906,775676
5310,WA,NIH_tot,36210925.334828556,87527159.55329907,282.4452176116626,776532
5401,WV,NIH_tot,12726468.52427203,35548088.025054075,97.99380763689462,861893
5402,WV,NIH_tot,48096517.555917524,134345143.47130045,370.34318518056506,908086
5501,WI,NIH_tot,37857817.26118189,89634915.23580563,355.8634822551099,739693
5502,WI,NIH_tot,342575121.738513,811105716.6101592,3220.20614434202,763361
5503,WI,NIH_tot,19297769.296923637,45690798.89726008,181.3990313910822,740873
5504,WI,NIH_tot,81489596.21718818,192940681.1580044,766.0022044415691,722345
5505,WI,NIH_tot,78565703.52801958,186017860.65982014,738.5176131633839,750363
5506,WI,NIH_tot,35870158.71535213,84928790.63163157,337.1794919243101,743039
5507,WI,NIH_tot,25645491.469815552,60720126.52548075,241.06761981626622,754076
5508,WI,NIH_tot,16356943.972451586,38727887.46304354,153.75527334104493,747225
5600,WY,NIH_tot,14949642.263351368,58380930.56291525,116.60720965414066,587618
