{"STATE_LOSSES": {"Alabama": {"state_code": "AL", "idc_loss": 137155882.470028, "term_loss": 53570577.2109732, "idc_job_loss": 592.39668385991, "term_job_loss": 231.379301570799}, "Alaska": {"state_code": "AK", "idc_loss": 3428494.51879316, "term_loss": 2933337.0780365, "idc_job_loss": 14.8081784535109, "term_job_loss": 12.66951972003}, "Arizona": {"state_code": "AZ", "idc_loss": 133973289.33053, "term_loss": 44084707.9095386, "idc_job_loss": 578.650590087181, "term_job_loss": 190.408419268858}, "Arkansas": {"state_code": "AR", "idc_loss": 46355302.6789298, "term_loss": 11132319.2695154, "idc_job_loss": 200.215456251548, "term_job_loss": 48.0821449300346}, "California": {"state_code": "CA", "idc_loss": 2271507094.07446, "term_loss": 932928492.601997, "idc_job_loss": 9810.9774488748, "term_job_loss": 4029.4571063448}, "Colorado": {"state_code": "CO", "idc_loss": 222803650.787174, "term_loss": 41888764.6312938, "idc_job_loss": 962.322151272262, "term_job_loss": 180.923813194737}, "Connecticut": {"state_code": "CT", "idc_loss": 439477104.233735, "term_loss": 143634238.152545, "idc_job_loss": 1898.1670672223, "term_job_loss": 620.377666914185}, "Delaware": {"state_code": "DE", "idc_loss": 34530894.1354185, "term_loss": 19018384.9402976, "idc_job_loss": 149.144074669999, "term_job_loss": 82.1432370825621}, "District of Columbia": {"state_code": "DC", "idc_loss": 31796894.2684636, "term_loss": 13055343.8173294, "idc_job_loss": 137.335522053151, "term_job_loss": 56.3879743599547}, "Florida": {"state_code": "FL", "idc_loss": 359946317.939494, "term_loss": 186756109.263863, "idc_job_loss": 1554.66175620675, "term_job_loss": 806.627450650302}, "Georgia": {"state_code": "GA", "idc_loss": 327344305.609631, "term_loss": 297184079.65538, "idc_job_loss": 1413.84880933521, "term_job_loss": 1283.58230149026}, "Hawaii": {"state_code": "HI", "idc_loss": 30121349.4703669, "term_loss": 84424897.6193483, "idc_job_loss": 130.098594520946, "term_job_loss": 364.643706738887}, "Idaho": {"state_code": "ID", "idc_loss": 11143584.2061112, "term_loss": 1793277.15055412, "idc_job_loss": 48.1307998689482, "term_job_loss": 7.74543109707417}, "Illinois": {"state_code": "IL", "idc_loss": 608232221.358804, "term_loss": 219174993.754261, "idc_job_loss": 2627.04555182633, "term_job_loss": 946.649441108828}, "Indiana": {"state_code": "IN", "idc_loss": 203126068.035562, "term_loss": 21157179.8584572, "idc_job_loss": 877.331740664234, "term_job_loss": 91.3810108780174}, "Iowa": {"state_code": "IA", "idc_loss": 98145570.5747762, "term_loss": 13829026.7963141, "idc_job_loss": 423.905336737863, "term_job_loss": 59.7296263755694}, "Kansas": {"state_code": "KS", "idc_loss": 52825225.1218775, "term_loss": 3932373.1678914, "idc_job_loss": 228.160014888109, "term_job_loss": 16.9845053847224}, "Kentucky": {"state_code": "KY", "idc_loss": 124799833.540734, "term_loss": 26609967.4134398, "idc_job_loss": 539.029068271679, "term_job_loss": 114.932412445283}, "Louisiana": {"state_code": "LA", "idc_loss": 79194458.6250983, "term_loss": 25085621.1833833, "idc_job_loss": 342.052661721169, "term_job_loss": 108.348534047379}, "Maine": {"state_code": "ME", "idc_loss": 72661194.6865749, "term_loss": 63547617.471144, "idc_job_loss": 313.834521731377, "term_job_loss": 274.471624396643}, "Maryland": {"state_code": "MD", "idc_loss": 559288998.881896, "term_loss": 158729758.805292, "idc_job_loss": 2415.65248453244, "term_job_loss": 685.577468882432}, "Massachusetts": {"state_code": "MA", "idc_loss": 1495690903.29766, "term_loss": 3090512362.52067, "idc_job_loss": 6460.11177381756, "term_job_loss": 13348.383182802}, "Michigan": {"state_code": "MI", "idc_loss": 461243265.167298, "term_loss": 86603447.9431991, "idc_job_loss": 1992.17835806301, "term_job_loss": 374.053190052541}, "Minnesota": {"state_code": "MN", "idc_loss": 325572263.953471, "term_loss": 115358000.020965, "idc_job_loss": 1406.19509750116, "term_job_loss": 498.248383069276}, "Mississippi": {"state_code": "MS", "idc_loss": 35274092.8700206, "term_loss": 6287986.14900557, "idc_job_loss": 152.354060693919, "term_job_loss": 27.1587486861304}, "Missouri": {"state_code": "MO", "idc_loss": 341273096.862583, "term_loss": 52454130.0550973, "idc_job_loss": 1474.00933325754, "term_job_loss": 226.557200025208}, "Montana": {"state_code": "MT", "idc_loss": 12756136.4721941, "term_loss": 2843617.52046917, "idc_job_loss": 55.0956532735192, "term_job_loss": 12.2820075884094}, "Nebraska": {"state_code": "NE", "idc_loss": 63708100.9120557, "term_loss": 6346261.88969301, "idc_job_loss": 275.16477627973, "term_job_loss": 27.4104502895251}, "Nevada": {"state_code": "NV", "idc_loss": 14134584.675051, "term_loss": 16545273.0095862, "idc_job_loss": 61.0493763624543, "term_job_loss": 71.4614983179999}, "New Hampshire": {"state_code": "NH", "idc_loss": 90710871.6682563, "term_loss": 68694614.7435672, "idc_job_loss": 391.793764865022, "term_job_loss": 296.702272190301}, "New Jersey": {"state_code": "NJ", "idc_loss": 384593674.31325, "term_loss": 182276444.562902, "idc_job_loss": 1661.11735926787, "term_job_loss": 787.279111622747}, "New Mexico": {"state_code": "NM", "idc_loss": 50752097.7019167, "term_loss": 63644016.6651415, "idc_job_loss": 219.20586879764, "term_job_loss": 274.887986872845}, "New York": {"state_code": "NY", "idc_loss": 1617341244.64838, "term_loss": 1384233467.20824, "idc_job_loss": 6985.53771624728, "term_job_loss": 5978.71050730367}, "North Carolina": {"state_code": "NC", "idc_loss": 659383323.137767, "term_loss": 1185425285.47975, "idc_job_loss": 2847.97477865887, "term_job_loss": 5120.02836068913}, "North Dakota": {"state_code": "ND", "idc_loss": 8131480.45338831, "term_loss": 539530.538750634, "idc_job_loss": 35.121075149741, "term_job_loss": 2.33031275247614}, "Ohio": {"state_code": "OH", "idc_loss": 478612217.453324, "term_loss": 67726524.3890687, "idc_job_loss": 2067.19744985159, "term_job_loss": 292.520945765552}, "Oklahoma": {"state_code": "OK", "idc_loss": 68106437.8331002, "term_loss": 22469110.7750243, "idc_job_loss": 294.161848513178, "term_job_loss": 97.0474359006367}, "Oregon": {"state_code": "OR", "idc_loss": 148586366.004423, "term_loss": 14865384.842826, "idc_job_loss": 641.766644657403, "term_job_loss": 64.2058111296527}, "Pennsylvania": {"state_code": "PA", "idc_loss": 972665762.628516, "term_loss": 411541246.964275, "idc_job_loss": 4201.08829390614, "term_job_loss": 1777.50793901591}, "Rhode Island": {"state_code": "RI", "idc_loss": 107935292.353935, "term_loss": 56739220.1081249, "idc_job_loss": 466.188603145718, "term_job_loss": 245.065142169135}, "South Carolina": {"state_code": "SC", "idc_loss": 104405604.077012, "term_loss": 49050744.9273758, "idc_job_loss": 450.943353779437, "term_job_loss": 211.857472771432}, "South Dakota": {"state_code": "SD", "idc_loss": 12562894.116734, "term_loss": 2953521.19822467, "idc_job_loss": 54.2610107595106, "term_job_loss": 12.7566979412683}, "Tennessee": {"state_code": "TN", "idc_loss": 362813179.155849, "term_loss": 105728371.055629, "idc_job_loss": 1567.04415677952, "term_job_loss": 456.656581367931}, "Texas": {"state_code": "TX", "idc_loss": 856532924.966181, "term_loss": 274660125.703256, "idc_job_loss": 3699.49327166244, "term_job_loss": 1186.29798973959}, "Utah": {"state_code": "UT", "idc_loss": 126127873.311304, "term_loss": 6686039.891955, "idc_job_loss": 544.765069833929, "term_job_loss": 28.878002086529}, "Vermont": {"state_code": "VT", "idc_loss": 26520178.4443701, "term_loss": 2846296.32138361, "idc_job_loss": 114.544600515045, "term_job_loss": 12.2935777285292}, "Virginia": {"state_code": "VA", "idc_loss": 238133935.016441, "term_loss": 134160363.51661, "idc_job_loss": 1028.53593209229, "term_job_loss": 579.458591358973}, "Washington": {"state_code": "WA", "idc_loss": 529029806.19265, "term_loss": 244434062.859601, "idc_job_loss": 2284.95852461932, "term_job_loss": 1055.74712256381}, "West Virginia": {"state_code": "WV", "idc_loss": 22494474.1446428, "term_loss": 3499986.68555174,