{"STATE_LOSSES": {"Alabama": {"state_code": "AL", "idc_loss": 137155882.470028, "term_loss": 47113348.6892976, "idc_job_loss": 592.39668385991, "term_job_loss": 203.489569870796}, "Alaska": {"state_code": "AK", "idc_loss": 3428494.51879316, "term_loss": 875336.628637342, "idc_job_loss": 14.8081784535109, "term_job_loss": 3.7807092683698}, "Arizona": {"state_code": "AZ", "idc_loss": 133973289.33053, "term_loss": 18957553.2346167, "idc_job_loss": 578.650590087181, "term_job_loss": 81.8804958856849}, "Arkansas": {"state_code": "AR", "idc_loss": 46355302.6789298, "term_loss": 8330475.86206378, "idc_job_loss": 200.215456251548, "term_job_loss": 35.9805659574244}, "California": {"state_code": "CA", "idc_loss": 2271507094.07446, "term_loss": 114249166.384287, "idc_job_loss": 9810.9774488748, "term_job_loss": 493.459165447027}, "Colorado": {"state_code": "CO", "idc_loss": 222803650.787174, "term_loss": 17879988.782305, "idc_job_loss": 962.322151272262, "term_job_loss": 77.226334527828}, "Connecticut": {"state_code": "CT", "idc_loss": 439477104.233735, "term_loss": 82333183.1477767, "idc_job_loss": 1898.1670672223, "term_job_loss": 355.609280404227}, "Delaware": {"state_code": "DE", "idc_loss": 34530894.1354185, "term_loss": 17569929.5433285, "idc_job_loss": 149.144074669999, "term_job_loss": 75.8871424956529}, "District of Columbia": {"state_code": "DC", "idc_loss": 31796894.2684636, "term_loss": 11614303.9444789, "idc_job_loss": 137.335522053151, "term_job_loss": 50.1639085261534}, "Florida": {"state_code": "FL", "idc_loss": 359946317.939494, "term_loss": 62297661.288246, "idc_job_loss": 1554.66175620675, "term_job_loss": 269.07287747902}, "Georgia": {"state_code": "GA", "idc_loss": 327344305.609631, "term_loss": 73569245.6769049, "idc_job_loss": 1413.84880933521, "term_job_loss": 317.756529200249}, "Hawaii": {"state_code": "HI", "idc_loss": 30121349.4703669, "term_loss": 594861.897601466, "idc_job_loss": 130.098594520946, "term_job_loss": 2.56929713219357}, "Idaho": {"state_code": "ID", "idc_loss": 11143584.2061112, "term_loss": 1671755.20655872, "idc_job_loss": 48.1307998689482, "term_job_loss": 7.22055972194511}, "Illinois": {"state_code": "IL", "idc_loss": 608232221.358804, "term_loss": 1435490004.52792, "idc_job_loss": 2627.04555182633, "term_job_loss": 6200.09512593972}, "Indiana": {"state_code": "IN", "idc_loss": 203126068.035562, "term_loss": 28139199.5911577, "idc_job_loss": 877.331740664234, "term_job_loss": 121.53739397883}, "Iowa": {"state_code": "IA", "idc_loss": 98145570.5747762, "term_loss": 2363695.69940395, "idc_job_loss": 423.905336737863, "term_job_loss": 10.2091537655107}, "Kansas": {"state_code": "KS", "idc_loss": 52825225.1218775, "term_loss": 2221240.70950499, "idc_job_loss": 228.160014888109, "term_job_loss": 9.59386944743645}, "Kentucky": {"state_code": "KY", "idc_loss": 124799833.540734, "term_loss": 17362916.2428196, "idc_job_loss": 539.029068271679, "term_job_loss": 74.993021218987}, "Louisiana": {"state_code": "LA", "idc_loss": 79194458.6250983, "term_loss": 14659122.3393888, "idc_job_loss": 342.052661721169, "term_job_loss": 63.3149326573601}, "Maine": {"state_code": "ME", "idc_loss": 72661194.6865749, "term_loss": 8978505.95646042, "idc_job_loss": 313.834521731377, "term_job_loss": 38.7795044502439}, "Maryland": {"state_code": "MD", "idc_loss": 559288998.881896, "term_loss": 51356706.73565, "idc_job_loss": 2415.65248453244, "term_job_loss": 221.817265262488}, "Massachusetts": {"state_code": "MA", "idc_loss": 1495690903.29766, "term_loss": 3044783046.37158, "idc_job_loss": 6460.11177381756, "term_job_loss": 13150.8714556049}, "Michigan": {"state_code": "MI", "idc_loss": 461243265.167298, "term_loss": 65263771.1300507, "idc_job_loss": 1992.17835806301, "term_job_loss": 281.883947646815}, "Minnesota": {"state_code": "MN", "idc_loss": 325572263.953471, "term_loss": 22590595.2475628, "idc_job_loss": 1406.19509750116, "term_job_loss": 97.5721454309629}, "Mississippi": {"state_code": "MS", "idc_loss": 35274092.8700206, "term_loss": 5576489.74622975, "idc_job_loss": 152.354060693919, "term_job_loss": 24.0856897549923}, "Missouri": {"state_code": "MO", "idc_loss": 341273096.862583, "term_loss": 50453564.8780745, "idc_job_loss": 1474.00933325754, "term_job_loss": 217.91646106913}, "Montana": {"state_code": "MT", "idc_loss": 12756136.4721941, "term_loss": 1331228.23063305, "idc_job_loss": 55.0956532735192, "term_job_loss": 5.74977299613849}, "Nebraska": {"state_code": "NE", "idc_loss": 63708100.9120557, "term_loss": 5867140.23488349, "idc_job_loss": 275.16477627973, "term_job_loss": 25.3410525038585}, "Nevada": {"state_code": "NV", "idc_loss": 14134584.675051, "term_loss": 10470645.8850492, "idc_job_loss": 61.0493763624543, "term_job_loss": 45.2242790354254}, "New Hampshire": {"state_code": "NH", "idc_loss": 90710871.6682563, "term_loss": 65756584.7855091, "idc_job_loss": 391.793764865022, "term_job_loss": 284.012483222518}, "New Jersey": {"state_code": "NJ", "idc_loss": 384593674.31325, "term_loss": 318021563.835267, "idc_job_loss": 1661.11735926787, "term_job_loss": 1373.58249911828}, "New Mexico": {"state_code": "NM", "idc_loss": 50752097.7019167, "term_loss": 738041.162801469, "idc_job_loss": 219.20586879764, "term_job_loss": 3.18770970316379}, "New York": {"state_code": "NY", "idc_loss": 1617341244.64838, "term_loss": 3104585548.06062, "idc_job_loss": 6985.53771624728, "term_job_loss": 13409.1673671555}, "North Carolina": {"state_code": "NC", "idc_loss": 659383323.137767, "term_loss": 89109256.3730106, "idc_job_loss": 2847.97477865887, "term_job_loss": 384.876149866408}, "North Dakota": {"state_code": "ND", "idc_loss": 8131480.45338831, "term_loss": 437814.81761412, "idc_job_loss": 35.121075149741, "term_job_loss": 1.89098740373758}, "Ohio": {"state_code": "OH", "idc_loss": 478612217.453324, "term_loss": 53613355.2485796, "idc_job_loss": 2067.19744985159, "term_job_loss": 231.564066286418}, "Oklahoma": {"state_code": "OK", "idc_loss": 68106437.8331002, "term_loss": 8716242.17847724, "idc_job_loss": 294.161848513178, "term_job_loss": 37.6467481325719}, "Oregon": {"state_code": "OR", "idc_loss": 148586366.004423, "term_loss": 4665064.35613502, "idc_job_loss": 641.766644657403, "term_job_loss": 20.1491077509661}, "Pennsylvania": {"state_code": "PA", "idc_loss": 972665762.628516, "term_loss": 137262197.288154, "idc_job_loss": 4201.08829390614, "term_job_loss": 592.855873393517}, "Rhode Island": {"state_code": "RI", "idc_loss": 107935292.353935, "term_loss": 516804982.9135, "idc_job_loss": 466.188603145718, "term_job_loss": 2232.15769215831}, "South Carolina": {"state_code": "SC", "idc_loss": 104405604.077012, "term_loss": 29071560.4963143, "idc_job_loss": 450.943353779437, "term_job_loss": 125.564399590464}, "South Dakota": {"state_code": "SD", "idc_loss": 12562894.116734, "term_loss": 310832.158186548, "idc_job_loss": 54.2610107595106, "term_job_loss": 1.34253038535892}, "Tennessee": {"state_code": "TN", "idc_loss": 362813179.155849, "term_loss": 25301502.9523606, "idc_job_loss": 1567.04415677952, "term_job_loss": 109.280959560196}, "Texas": {"state_code": "TX", "idc_loss": 856532924.966181, "term_loss": 250826894.61055, "idc_job_loss": 3699.49327166244, "term_job_loss": 1083.35871502004}, "Utah": {"state_code": "UT", "idc_loss": 126127873.311304, "term_loss": 5061772.8353902, "idc_job_loss": 544.765069833929, "term_job_loss": 21.8625507571109}, "Vermont": {"state_code": "VT", "idc_loss": 26520178.4443701, "term_loss": 3497827.97006407, "idc_job_loss": 114.544600515045, "term_job_loss": 15.1076399558087}, "Virginia": {"state_code": "VA", "idc_loss": 238133935.016441, "term_loss": 112281161.750519, "idc_job_loss": 1028.53593209229, "term_job_loss": 484.95906032671}, "Washington": {"state_code": "WA", "idc_loss": 529029806.19265, "term_loss": 23737670.0366237, "idc_job_loss": 2284.95852461932, "term_job_loss": 102.526532285843}, "West Virginia": {"state_code": "WV", "idc_loss": 22494474.1446428, "term_loss": 1359981.9033617,