{"STATE_LOSSES": {"Alabama": {"state_code": "AL", "idc_loss": 137155882.470028, "term_loss": 52183396.1518449, "idc_job_loss": 592.39668385991, "term_job_loss": 225.38785997499}, "Alaska": {"state_code": "AK", "idc_loss": 3428494.51879316, "term_loss": 2572292.02467787, "idc_job_loss": 14.8081784535109, "term_job_loss": 11.1101123619066}, "Arizona": {"state_code": "AZ", "idc_loss": 133973289.33053, "term_loss": 36042374.0962233, "idc_job_loss": 578.650590087181, "term_job_loss": 155.672381734752}, "Arkansas": {"state_code": "AR", "idc_loss": 46355302.6789298, "term_loss": 8450118.05486453, "idc_job_loss": 200.215456251548, "term_job_loss": 36.4973184071808}, "California": {"state_code": "CA", "idc_loss": 2271507094.07446, "term_loss": 532915146.74428, "idc_job_loss": 9810.9774488748, "term_job_loss": 2301.73988912955}, "Colorado": {"state_code": "CO", "idc_loss": 222803650.787174, "term_loss": 36033443.0471126, "idc_job_loss": 962.322151272262, "term_job_loss": 155.633807203486}, "Connecticut": {"state_code": "CT", "idc_loss": 439477104.233735, "term_loss": 71790901.11007, "idc_job_loss": 1898.1670672223, "term_job_loss": 310.07559415626}, "Delaware": {"state_code": "DE", "idc_loss": 34530894.1354185, "term_loss": 18090528.3077177, "idc_job_loss": 149.144074669999, "term_job_loss": 78.1356860950362}, "District of Columbia": {"state_code": "DC", "idc_loss": 31796894.2684636, "term_loss": 14943794.5156653, "idc_job_loss": 137.335522053151, "term_job_loss": 64.5444741846819}, "Florida": {"state_code": "FL", "idc_loss": 359946317.939494, "term_loss": 125358859.912034, "idc_job_loss": 1554.66175620675, "term_job_loss": 541.443586428571}, "Georgia": {"state_code": "GA", "idc_loss": 327344305.609631, "term_loss": 132259023.085208, "idc_job_loss": 1413.84880933521, "term_job_loss": 571.246418857387}, "Hawaii": {"state_code": "HI", "idc_loss": 30121349.4703669, "term_loss": 29859577.0062866, "idc_job_loss": 130.098594520946, "term_job_loss": 128.967960261195}, "Idaho": {"state_code": "ID", "idc_loss": 11143584.2061112, "term_loss": 1850026.53755018, "idc_job_loss": 48.1307998689482, "term_job_loss": 7.99054015154654}, "Illinois": {"state_code": "IL", "idc_loss": 608232221.358804, "term_loss": 159843567.327047, "idc_job_loss": 2627.04555182633, "term_job_loss": 690.388173774265}, "Indiana": {"state_code": "IN", "idc_loss": 203126068.035562, "term_loss": 19354020.9911754, "idc_job_loss": 877.331740664234, "term_job_loss": 83.5928991746511}, "Iowa": {"state_code": "IA", "idc_loss": 98145570.5747762, "term_loss": 2540693.54596713, "idc_job_loss": 423.905336737863, "term_job_loss": 10.9736338261984}, "Kansas": {"state_code": "KS", "idc_loss": 52825225.1218775, "term_loss": 2504963.01485816, "idc_job_loss": 228.160014888109, "term_job_loss": 10.8193083407703}, "Kentucky": {"state_code": "KY", "idc_loss": 124799833.540734, "term_loss": 18640385.9465623, "idc_job_loss": 539.029068271679, "term_job_loss": 80.510603130897}, "Louisiana": {"state_code": "LA", "idc_loss": 79194458.6250983, "term_loss": 16311986.9991752, "idc_job_loss": 342.052661721169, "term_job_loss": 70.4539012943099}, "Maine": {"state_code": "ME", "idc_loss": 72661194.6865749, "term_loss": 22628389.0845331, "idc_job_loss": 313.834521731377, "term_job_loss": 97.7353826417067}, "Maryland": {"state_code": "MD", "idc_loss": 559288998.881896, "term_loss": 142842498.598492, "idc_job_loss": 2415.65248453244, "term_job_loss": 616.958025861574}, "Massachusetts": {"state_code": "MA", "idc_loss": 1495690903.29766, "term_loss": 3050164469.89221, "idc_job_loss": 6460.11177381756, "term_job_loss": 13174.1146252791}, "Michigan": {"state_code": "MI", "idc_loss": 461243265.167298, "term_loss": 75200498.2374149, "idc_job_loss": 1992.17835806301, "term_job_loss": 324.802151961601}, "Minnesota": {"state_code": "MN", "idc_loss": 325572263.953471, "term_loss": 42260122.3098174, "idc_job_loss": 1406.19509750116, "term_job_loss": 182.527762316871}, "Mississippi": {"state_code": "MS", "idc_loss": 35274092.8700206, "term_loss": 6289800.87472066, "idc_job_loss": 152.354060693919, "term_job_loss": 27.1665867567722}, "Missouri": {"state_code": "MO", "idc_loss": 341273096.862583, "term_loss": 53919284.843376, "idc_job_loss": 1474.00933325754, "term_job_loss": 232.885421770326}, "Montana": {"state_code": "MT", "idc_loss": 12756136.4721941, "term_loss": 1982838.16765285, "idc_job_loss": 55.0956532735192, "term_job_loss": 8.56417336241551}, "Nebraska": {"state_code": "NE", "idc_loss": 63708100.9120557, "term_loss": 6591054.18641604, "idc_job_loss": 275.16477627973, "term_job_loss": 28.4677446774991}, "Nevada": {"state_code": "NV", "idc_loss": 14134584.675051, "term_loss": 15681903.0742264, "idc_job_loss": 61.0493763624543, "term_job_loss": 67.7324749801694}, "New Hampshire": {"state_code": "NH", "idc_loss": 90710871.6682563, "term_loss": 66751618.6094996, "idc_job_loss": 391.793764865022, "term_job_loss": 288.31018250486}, "New Jersey": {"state_code": "NJ", "idc_loss": 384593674.31325, "term_loss": 147310082.076477, "idc_job_loss": 1661.11735926787, "term_job_loss": 636.254184287764}, "New Mexico": {"state_code": "NM", "idc_loss": 50752097.7019167, "term_loss": 60789928.0453136, "idc_job_loss": 219.20586879764, "term_job_loss": 262.56075304678}, "New York": {"state_code": "NY", "idc_loss": 1617341244.64838, "term_loss": 1128346792.5831, "idc_job_loss": 6985.53771624728, "term_job_loss": 4873.49784881636}, "North Carolina": {"state_code": "NC", "idc_loss": 659383323.137767, "term_loss": 1172313674.70825, "idc_job_loss": 2847.97477865887, "term_job_loss": 5063.39736097394}, "North Dakota": {"state_code": "ND", "idc_loss": 8131480.45338831, "term_loss": 454262.093138391, "idc_job_loss": 35.121075149741, "term_job_loss": 1.96202563632114}, "Ohio": {"state_code": "OH", "idc_loss": 478612217.453324, "term_loss": 55110415.6151999, "idc_job_loss": 2067.19744985159, "term_job_loss": 238.030092976289}, "Oklahoma": {"state_code": "OK", "idc_loss": 68106437.8331002, "term_loss": 16079402.5255017, "idc_job_loss": 294.161848513178, "term_job_loss": 69.4493343122733}, "Oregon": {"state_code": "OR", "idc_loss": 148586366.004423, "term_loss": 12967656.4778262, "idc_job_loss": 641.766644657403, "term_job_loss": 56.0092396808238}, "Pennsylvania": {"state_code": "PA", "idc_loss": 972665762.628516, "term_loss": 138862756.843078, "idc_job_loss": 4201.08829390614, "term_job_loss": 599.768928492442}, "Rhode Island": {"state_code": "RI", "idc_loss": 107935292.353935, "term_loss": 57668108.6602322, "idc_job_loss": 466.188603145718, "term_job_loss": 249.07715017079}, "South Carolina": {"state_code": "SC", "idc_loss": 104405604.077012, "term_loss": 34012830.3230217, "idc_job_loss": 450.943353779437, "term_job_loss": 146.906479905817}, "South Dakota": {"state_code": "SD", "idc_loss": 12562894.116734, "term_loss": 2733436.36909166, "idc_job_loss": 54.2610107595106, "term_job_loss": 11.8061187856512}, "Tennessee": {"state_code": "TN", "idc_loss": 362813179.155849, "term_loss": 96260097.9682042, "idc_job_loss": 1567.04415677952, "term_job_loss": 415.76169973501}, "Texas": {"state_code": "TX", "idc_loss": 856532924.966181, "term_loss": 255744682.074482, "idc_job_loss": 3699.49327166244, "term_job_loss": 1104.59937151319}, "Utah": {"state_code": "UT", "idc_loss": 126127873.311304, "term_loss": 5164045.16798666, "idc_job_loss": 544.765069833929, "term_job_loss": 22.3042801936445}, "Vermont": {"state_code": "VT", "idc_loss": 26520178.4443701, "term_loss": 3131226.79344184, "idc_job_loss": 114.544600515045, "term_job_loss": 13.524234873802}, "Virginia": {"state_code": "VA", "idc_loss": 238133935.016441, "term_loss": 128821023.918465, "idc_job_loss": 1028.53593209229, "term_job_loss": 556.397188413794}, "Washington": {"state_code": "WA", "idc_loss": 529029806.19265, "term_loss": 51976255.0323493, "idc_job_loss": 2284.95852461932, "term_job_loss": 224.493186629083}, "West Virginia": {"state_code": "WV", "idc_loss": 22494474.1446428, "term_loss": 1924939.42474521,