{"STATE_LOSSES": {"Alabama": {"state_code": "AL", "idc_loss": 137155882.470028, "term_loss": 36029556.7228206, "idc_job_loss": 592.39668385991, "term_job_loss": 155.617021590055}, "Alaska": {"state_code": "AK", "idc_loss": 3428494.51879316, "term_loss": 852146.525649075, "idc_job_loss": 14.8081784535109, "term_job_loss": 3.68054775971834}, "Arizona": {"state_code": "AZ", "idc_loss": 133973289.33053, "term_loss": 19739547.6133403, "idc_job_loss": 578.650590087181, "term_job_loss": 85.2580460746402}, "Arkansas": {"state_code": "AR", "idc_loss": 46355302.6789298, "term_loss": 8246347.62601304, "idc_job_loss": 200.215456251548, "term_job_loss": 35.617203576184}, "California": {"state_code": "CA", "idc_loss": 2271507094.07446, "term_loss": 102413440.084785, "idc_job_loss": 9810.9774488748, "term_job_loss": 442.338900791729}, "Colorado": {"state_code": "CO", "idc_loss": 222803650.787174, "term_loss": 21622457.6758537, "idc_job_loss": 962.322151272262, "term_job_loss": 93.3906150680491}, "Connecticut": {"state_code": "CT", "idc_loss": 439477104.233735, "term_loss": 59148178.3521269, "idc_job_loss": 1898.1670672223, "term_job_loss": 255.469791605995}, "Delaware": {"state_code": "DE", "idc_loss": 34530894.1354185, "term_loss": 17105628.1292645, "idc_job_loss": 149.144074669999, "term_job_loss": 73.8817555370358}, "District of Columbia": {"state_code": "DC", "idc_loss": 31796894.2684636, "term_loss": 9453060.37164913, "idc_job_loss": 137.335522053151, "term_job_loss": 40.8291756477611}, "Florida": {"state_code": "FL", "idc_loss": 359946317.939494, "term_loss": 94431810.943291, "idc_job_loss": 1554.66175620675, "term_job_loss": 407.865055776342}, "Georgia": {"state_code": "GA", "idc_loss": 327344305.609631, "term_loss": 72188361.7530749, "idc_job_loss": 1413.84880933521, "term_job_loss": 311.792285869664}, "Hawaii": {"state_code": "HI", "idc_loss": 30121349.4703669, "term_loss": 6778655.96077223, "idc_job_loss": 130.098594520946, "term_job_loss": 29.2780246816333}, "Idaho": {"state_code": "ID", "idc_loss": 11143584.2061112, "term_loss": 1691754.98313805, "idc_job_loss": 48.1307998689482, "term_job_loss": 7.30694173568135}, "Illinois": {"state_code": "IL", "idc_loss": 608232221.358804, "term_loss": 942957820.542319, "idc_job_loss": 2627.04555182633, "term_job_loss": 4072.77526744874}, "Indiana": {"state_code": "IN", "idc_loss": 203126068.035562, "term_loss": 18091276.5363988, "idc_job_loss": 877.331740664234, "term_job_loss": 78.1389178061479}, "Iowa": {"state_code": "IA", "idc_loss": 98145570.5747762, "term_loss": 1722187.78878273, "idc_job_loss": 423.905336737863, "term_job_loss": 7.43838555580626}, "Kansas": {"state_code": "KS", "idc_loss": 52825225.1218775, "term_loss": 2099458.31281254, "idc_job_loss": 228.160014888109, "term_job_loss": 9.06787313831799}, "Kentucky": {"state_code": "KY", "idc_loss": 124799833.540734, "term_loss": 17660289.2520573, "idc_job_loss": 539.029068271679, "term_job_loss": 76.2774195354816}, "Louisiana": {"state_code": "LA", "idc_loss": 79194458.6250983, "term_loss": 16988742.9581783, "idc_job_loss": 342.052661721169, "term_job_loss": 73.3769110746849}, "Maine": {"state_code": "ME", "idc_loss": 72661194.6865749, "term_loss": 6439062.77345913, "idc_job_loss": 313.834521731377, "term_job_loss": 27.8112711279192}, "Maryland": {"state_code": "MD", "idc_loss": 559288998.881896, "term_loss": 48608700.635011, "idc_job_loss": 2415.65248453244, "term_job_loss": 209.948217636324}, "Massachusetts": {"state_code": "MA", "idc_loss": 1495690903.29766, "term_loss": 2130985580.99805, "idc_job_loss": 6460.11177381756, "term_job_loss": 9204.04410516178}, "Michigan": {"state_code": "MI", "idc_loss": 461243265.167298, "term_loss": 63566310.0793789, "idc_job_loss": 1992.17835806301, "term_job_loss": 274.552360555615}, "Minnesota": {"state_code": "MN", "idc_loss": 325572263.953471, "term_loss": 23017261.2581544, "idc_job_loss": 1406.19509750116, "term_job_loss": 99.4149794767094}, "Mississippi": {"state_code": "MS", "idc_loss": 35274092.8700206, "term_loss": 5053292.14333517, "idc_job_loss": 152.354060693919, "term_job_loss": 21.8259213850434}, "Missouri": {"state_code": "MO", "idc_loss": 341273096.862583, "term_loss": 48529541.6870916, "idc_job_loss": 1474.00933325754, "term_job_loss": 209.60631835063}, "Montana": {"state_code": "MT", "idc_loss": 12756136.4721941, "term_loss": 2211521.64950417, "idc_job_loss": 55.0956532735192, "term_job_loss": 9.55189137977335}, "Nebraska": {"state_code": "NE", "idc_loss": 63708100.9120557, "term_loss": 5401235.72655842, "idc_job_loss": 275.16477627973, "term_job_loss": 23.3287415423693}, "Nevada": {"state_code": "NV", "idc_loss": 14134584.675051, "term_loss": 2562942.01710045, "idc_job_loss": 61.0493763624543, "term_job_loss": 11.0697282866253}, "New Hampshire": {"state_code": "NH", "idc_loss": 90710871.6682563, "term_loss": 46116947.1707381, "idc_job_loss": 391.793764865022, "term_job_loss": 199.185963311912}, "New Jersey": {"state_code": "NJ", "idc_loss": 384593674.31325, "term_loss": 173374967.050849, "idc_job_loss": 1661.11735926787, "term_job_loss": 748.832304496219}, "New Mexico": {"state_code": "NM", "idc_loss": 50752097.7019167, "term_loss": 675417.543102249, "idc_job_loss": 219.20586879764, "term_job_loss": 2.91722896276078}, "New York": {"state_code": "NY", "idc_loss": 1617341244.64838, "term_loss": 1612183467.98906, "idc_job_loss": 6985.53771624728, "term_job_loss": 6963.26051067617}, "North Carolina": {"state_code": "NC", "idc_loss": 659383323.137767, "term_loss": 61776342.0936409, "idc_job_loss": 2847.97477865887, "term_job_loss": 266.821222234236}, "North Dakota": {"state_code": "ND", "idc_loss": 8131480.45338831, "term_loss": 433774.90349444, "idc_job_loss": 35.121075149741, "term_job_loss": 1.87353841296535}, "Ohio": {"state_code": "OH", "idc_loss": 478612217.453324, "term_loss": 43951861.338898, "idc_job_loss": 2067.19744985159, "term_job_loss": 189.834635144602}, "Oklahoma": {"state_code": "OK", "idc_loss": 68106437.8331002, "term_loss": 11749687.1608227, "idc_job_loss": 294.161848513178, "term_job_loss": 50.7486488010001}, "Oregon": {"state_code": "OR", "idc_loss": 148586366.004423, "term_loss": 3720962.61889213, "idc_job_loss": 641.766644657403, "term_job_loss": 16.0713917369171}, "Pennsylvania": {"state_code": "PA", "idc_loss": 972665762.628516, "term_loss": 125977163.016349, "idc_job_loss": 4201.08829390614, "term_job_loss": 544.114129623805}, "Rhode Island": {"state_code": "RI", "idc_loss": 107935292.353935, "term_loss": 278026681.003907, "idc_job_loss": 466.188603145718, "term_job_loss": 1200.83864348496}, "South Carolina": {"state_code": "SC", "idc_loss": 104405604.077012, "term_loss": 24934691.5296431, "idc_job_loss": 450.943353779437, "term_job_loss": 107.69664639399}, "South Dakota": {"state_code": "SD", "idc_loss": 12562894.116734, "term_loss": 2692443.90189149, "idc_job_loss": 54.2610107595106, "term_job_loss": 11.6290662145526}, "Tennessee": {"state_code": "TN", "idc_loss": 362813179.155849, "term_loss": 90540797.962117, "idc_job_loss": 1567.04415677952, "term_job_loss": 391.05919119808}, "Texas": {"state_code": "TX", "idc_loss": 856532924.966181, "term_loss": 237337613.178656, "idc_job_loss": 3699.49327166244, "term_job_loss": 1025.09649947377}, "Utah": {"state_code": "UT", "idc_loss": 126127873.311304, "term_loss": 4912916.15940418, "idc_job_loss": 544.765069833929, "term_job_loss": 21.219616603384}, "Vermont": {"state_code": "VT", "idc_loss": 26520178.4443701, "term_loss": 2432267.63311057, "idc_job_loss": 114.544600515045, "term_job_loss": 10.5053261600308}, "Virginia": {"state_code": "VA", "idc_loss": 238133935.016441, "term_loss": 54109620.5788418, "idc_job_loss": 1028.53593209229, "term_job_loss": 233.707510159679}, "Washington": {"state_code": "WA", "idc_loss": 529029806.19265, "term_loss": 23818285.7208533, "idc_job_loss": 2284.95852461932, "term_job_loss": 102.874723432622}, "West Virginia": {"state_code": "WV", "idc_loss": 22494474.1446428, "term_loss": 1108091.87668422,