{"STATE_LOSSES": {"Alabama": {"state_code": "AL", "idc_loss": 137155882.470028, "term_loss": 46934815.4592813, "idc_job_loss": 592.39668385991, "term_job_loss": 202.7184582603}, "Alaska": {"state_code": "AK", "idc_loss": 3428494.51879316, "term_loss": 891430.671113313, "idc_job_loss": 14.8081784535109, "term_job_loss": 3.85022183480856}, "Arizona": {"state_code": "AZ", "idc_loss": 133973289.33053, "term_loss": 15939619.0205096, "idc_job_loss": 578.650590087181, "term_job_loss": 68.8455885353924}, "Arkansas": {"state_code": "AR", "idc_loss": 46355302.6789298, "term_loss": 8362651.60775445, "idc_job_loss": 200.215456251548, "term_job_loss": 36.1195377951947}, "California": {"state_code": "CA", "idc_loss": 2271507094.07446, "term_loss": 1389045321.8326, "idc_job_loss": 9810.9774488748, "term_job_loss": 5999.49362408549}, "Colorado": {"state_code": "CO", "idc_loss": 222803650.787174, "term_loss": 6460507.66212565, "idc_job_loss": 962.322151272262, "term_job_loss": 27.9038947959895}, "Connecticut": {"state_code": "CT", "idc_loss": 439477104.233735, "term_loss": 77073780.3773201, "idc_job_loss": 1898.1670672223, "term_job_loss": 332.893136523319}, "Delaware": {"state_code": "DE", "idc_loss": 34530894.1354185, "term_loss": 1846127.40350492, "idc_job_loss": 149.144074669999, "term_job_loss": 7.97369921088296}, "District of Columbia": {"state_code": "DC", "idc_loss": 31796894.2684636, "term_loss": 11436829.1865672, "idc_job_loss": 137.335522053151, "term_job_loss": 49.3973686143221}, "Florida": {"state_code": "FL", "idc_loss": 359946317.939494, "term_loss": 50763435.032352, "idc_job_loss": 1554.66175620675, "term_job_loss": 219.254836416329}, "Georgia": {"state_code": "GA", "idc_loss": 327344305.609631, "term_loss": 73052484.2111294, "idc_job_loss": 1413.84880933521, "term_job_loss": 315.524559465091}, "Hawaii": {"state_code": "HI", "idc_loss": 30121349.4703669, "term_loss": 232246.165775173, "idc_job_loss": 130.098594520946, "term_job_loss": 1.00310577983745}, "Idaho": {"state_code": "ID", "idc_loss": 11143584.2061112, "term_loss": 823356.425838591, "idc_job_loss": 48.1307998689482, "term_job_loss": 3.55619903074966}, "Illinois": {"state_code": "IL", "idc_loss": 608232221.358804, "term_loss": 1566123145.08945, "idc_job_loss": 2627.04555182633, "term_job_loss": 6764.31911602464}, "Indiana": {"state_code": "IN", "idc_loss": 203126068.035562, "term_loss": 29224694.7116157, "idc_job_loss": 877.331740664234, "term_job_loss": 126.225809073574}, "Iowa": {"state_code": "IA", "idc_loss": 98145570.5747762, "term_loss": 2464868.14244249, "idc_job_loss": 423.905336737863, "term_job_loss": 10.6461326152303}, "Kansas": {"state_code": "KS", "idc_loss": 52825225.1218775, "term_loss": 2271064.50792942, "idc_job_loss": 228.160014888109, "term_job_loss": 9.80906585339727}, "Kentucky": {"state_code": "KY", "idc_loss": 124799833.540734, "term_loss": 17108435.9526154, "idc_job_loss": 539.029068271679, "term_job_loss": 73.8938829442749}, "Louisiana": {"state_code": "LA", "idc_loss": 79194458.6250983, "term_loss": 14970183.1442177, "idc_job_loss": 342.052661721169, "term_job_loss": 64.658450601621}, "Maine": {"state_code": "ME", "idc_loss": 72661194.6865749, "term_loss": 9076642.21917073, "idc_job_loss": 313.834521731377, "term_job_loss": 39.2033695849289}, "Maryland": {"state_code": "MD", "idc_loss": 559288998.881896, "term_loss": 48689570.9601006, "idc_job_loss": 2415.65248453244, "term_job_loss": 210.297508614903}, "Massachusetts": {"state_code": "MA", "idc_loss": 1495690903.29766, "term_loss": 3109142875.17661, "idc_job_loss": 6460.11177381756, "term_job_loss": 13428.8511417202}, "Michigan": {"state_code": "MI", "idc_loss": 461243265.167298, "term_loss": 67976057.4180411, "idc_job_loss": 1992.17835806301, "term_job_loss": 293.598716082177}, "Minnesota": {"state_code": "MN", "idc_loss": 325572263.953471, "term_loss": 5326078.98224788, "idc_job_loss": 1406.19509750116, "term_job_loss": 23.0041283701345}, "Mississippi": {"state_code": "MS", "idc_loss": 35274092.8700206, "term_loss": 5804456.32143775, "idc_job_loss": 152.354060693919, "term_job_loss": 25.0703113457843}, "Missouri": {"state_code": "MO", "idc_loss": 341273096.862583, "term_loss": 49038670.5395864, "idc_job_loss": 1474.00933325754, "term_job_loss": 211.805321692256}, "Montana": {"state_code": "MT", "idc_loss": 12756136.4721941, "term_loss": 1359474.32295046, "idc_job_loss": 55.0956532735192, "term_job_loss": 5.87177207572219}, "Nebraska": {"state_code": "NE", "idc_loss": 63708100.9120557, "term_loss": 5890294.17382638, "idc_job_loss": 275.16477627973, "term_job_loss": 25.4410578146118}, "Nevada": {"state_code": "NV", "idc_loss": 14134584.675051, "term_loss": 1480787.58474944, "idc_job_loss": 61.0493763624543, "term_job_loss": 6.39574212136458}, "New Hampshire": {"state_code": "NH", "idc_loss": 90710871.6682563, "term_loss": 67174772.6808488, "idc_job_loss": 391.793764865022, "term_job_loss": 290.137847961964}, "New Jersey": {"state_code": "NJ", "idc_loss": 384593674.31325, "term_loss": 271301961.590389, "idc_job_loss": 1661.11735926787, "term_job_loss": 1171.79357878402}, "New Mexico": {"state_code": "NM", "idc_loss": 50752097.7019167, "term_loss": 734448.511227719, "idc_job_loss": 219.20586879764, "term_job_loss": 3.172192505941}, "New York": {"state_code": "NY", "idc_loss": 1617341244.64838, "term_loss": 2723719534.51135, "idc_job_loss": 6985.53771624728, "term_job_loss": 11764.1503299107}, "North Carolina": {"state_code": "NC", "idc_loss": 659383323.137767, "term_loss": 88527171.3328104, "idc_job_loss": 2847.97477865887, "term_job_loss": 382.362037884266}, "North Dakota": {"state_code": "ND", "idc_loss": 8131480.45338831, "term_loss": 429987.230572347, "idc_job_loss": 35.121075149741, "term_job_loss": 1.85717888949333}, "Ohio": {"state_code": "OH", "idc_loss": 478612217.453324, "term_loss": 45904535.1474558, "idc_job_loss": 2067.19744985159, "term_job_loss": 198.268524147522}, "Oklahoma": {"state_code": "OK", "idc_loss": 68106437.8331002, "term_loss": 8749392.13921939, "idc_job_loss": 294.161848513178, "term_job_loss": 37.7899277502455}, "Oregon": {"state_code": "OR", "idc_loss": 148586366.004423, "term_loss": 1900359.04127007, "idc_job_loss": 641.766644657403, "term_job_loss": 8.20793373144306}, "Pennsylvania": {"state_code": "PA", "idc_loss": 972665762.628516, "term_loss": 132282815.649216, "idc_job_loss": 4201.08829390614, "term_job_loss": 571.349182484911}, "Rhode Island": {"state_code": "RI", "idc_loss": 107935292.353935, "term_loss": 548463485.347879, "idc_job_loss": 466.188603145718, "term_job_loss": 2368.8954792685}, "South Carolina": {"state_code": "SC", "idc_loss": 104405604.077012, "term_loss": 29096939.1323826, "idc_job_loss": 450.943353779437, "term_job_loss": 125.67401369944}, "South Dakota": {"state_code": "SD", "idc_loss": 12562894.116734, "term_loss": 308757.57540701, "idc_job_loss": 54.2610107595106, "term_job_loss": 1.33356995335368}, "Tennessee": {"state_code": "TN", "idc_loss": 362813179.155849, "term_loss": 24023731.3131874, "idc_job_loss": 1567.04415677952, "term_job_loss": 103.762073544192}, "Texas": {"state_code": "TX", "idc_loss": 856532924.966181, "term_loss": 251773161.470282, "idc_job_loss": 3699.49327166244, "term_job_loss": 1087.44578252058}, "Utah": {"state_code": "UT", "idc_loss": 126127873.311304, "term_loss": 5149421.71073518, "idc_job_loss": 544.765069833929, "term_job_loss": 22.2411193038137}, "Vermont": {"state_code": "VT", "idc_loss": 26520178.4443701, "term_loss": 3492436.46169178, "idc_job_loss": 114.544600515045, "term_job_loss": 15.0843532281581}, "Virginia": {"state_code": "VA", "idc_loss": 238133935.016441, "term_loss": 112067057.135379, "idc_job_loss": 1028.53593209229, "term_job_loss": 484.034310605998}, "Washington": {"state_code": "WA", "idc_loss": 529029806.19265, "term_loss": 10912562.0327327, "idc_job_loss": 2284.95852461932, "term_job_loss": 47.1329806945689}, "West Virginia": {"state_code": "WV", "idc_loss": 22494474.1446428, "term_loss": 1340582.8953458,