{"STATE_LOSSES": {"Alabama": {"state_code": "AL", "idc_loss": 137155882.470028, "term_loss": 46931031.927989, "idc_job_loss": 592.39668385991, "term_job_loss": 202.702116625144}, "Alaska": {"state_code": "AK", "idc_loss": 3428494.51879316, "term_loss": 870477.526298226, "idc_job_loss": 14.8081784535109, "term_job_loss": 3.75972208167106}, "Arizona": {"state_code": "AZ", "idc_loss": 133973289.33053, "term_loss": 12969017.4843319, "idc_job_loss": 578.650590087181, "term_job_loss": 56.0151180706251}, "Arkansas": {"state_code": "AR", "idc_loss": 46355302.6789298, "term_loss": 8320998.07702854, "idc_job_loss": 200.215456251548, "term_job_loss": 35.9396299922722}, "California": {"state_code": "CA", "idc_loss": 2271507094.07446, "term_loss": 85146494.6610118, "idc_job_loss": 9810.9774488748, "term_job_loss": 367.760391833732}, "Colorado": {"state_code": "CO", "idc_loss": 222803650.787174, "term_loss": 6788519.24909851, "idc_job_loss": 962.322151272262, "term_job_loss": 29.3206256929148}, "Connecticut": {"state_code": "CT", "idc_loss": 439477104.233735, "term_loss": 79861893.4273364, "idc_job_loss": 1898.1670672223, "term_job_loss": 344.935412037219}, "Delaware": {"state_code": "DE", "idc_loss": 34530894.1354185, "term_loss": 1958310.04692387, "idc_job_loss": 149.144074669999, "term_job_loss": 8.45823275586267}, "District of Columbia": {"state_code": "DC", "idc_loss": 31796894.2684636, "term_loss": 11551778.533236, "idc_job_loss": 137.335522053151, "term_job_loss": 49.8938519627004}, "Florida": {"state_code": "FL", "idc_loss": 359946317.939494, "term_loss": 47402507.7044416, "idc_job_loss": 1554.66175620675, "term_job_loss": 204.738490723439}, "Georgia": {"state_code": "GA", "idc_loss": 327344305.609631, "term_loss": 73150024.5123788, "idc_job_loss": 1413.84880933521, "term_job_loss": 315.945850553466}, "Hawaii": {"state_code": "HI", "idc_loss": 30121349.4703669, "term_loss": 115522.510205136, "idc_job_loss": 130.098594520946, "term_job_loss": 0.498958927056226}, "Idaho": {"state_code": "ID", "idc_loss": 11143584.2061112, "term_loss": 747520.803935726, "idc_job_loss": 48.1307998689482, "term_job_loss": 3.22865368508409}, "Illinois": {"state_code": "IL", "idc_loss": 608232221.358804, "term_loss": 1435248314.32458, "idc_job_loss": 2627.04555182633, "term_job_loss": 6199.05122995508}, "Indiana": {"state_code": "IN", "idc_loss": 203126068.035562, "term_loss": 28028912.6361391, "idc_job_loss": 877.331740664234, "term_job_loss": 121.061048194388}, "Iowa": {"state_code": "IA", "idc_loss": 98145570.5747762, "term_loss": 2336749.19564463, "idc_job_loss": 423.905336737863, "term_job_loss": 10.0927678024651}, "Kansas": {"state_code": "KS", "idc_loss": 52825225.1218775, "term_loss": 2200957.74634632, "idc_job_loss": 228.160014888109, "term_job_loss": 9.50626430868729}, "Kentucky": {"state_code": "KY", "idc_loss": 124799833.540734, "term_loss": 17002931.9298828, "idc_job_loss": 539.029068271679, "term_job_loss": 73.4381953567277}, "Louisiana": {"state_code": "LA", "idc_loss": 79194458.6250983, "term_loss": 14638342.3325073, "idc_job_loss": 342.052661721169, "term_job_loss": 63.2251807127444}, "Maine": {"state_code": "ME", "idc_loss": 72661194.6865749, "term_loss": 8956290.67174583, "idc_job_loss": 313.834521731377, "term_job_loss": 38.6835533269022}, "Maryland": {"state_code": "MD", "idc_loss": 559288998.881896, "term_loss": 49218299.4223729, "idc_job_loss": 2415.65248453244, "term_job_loss": 212.581165590249}, "Massachusetts": {"state_code": "MA", "idc_loss": 1495690903.29766, "term_loss": 3038229104.33947, "idc_job_loss": 6460.11177381756, "term_job_loss": 13122.5640038492}, "Michigan": {"state_code": "MI", "idc_loss": 461243265.167298, "term_loss": 53269522.8327412, "idc_job_loss": 1992.17835806301, "term_job_loss": 230.079002873329}, "Minnesota": {"state_code": "MN", "idc_loss": 325572263.953471, "term_loss": 5911627.66147443, "idc_job_loss": 1406.19509750116, "term_job_loss": 25.5332003250917}, "Mississippi": {"state_code": "MS", "idc_loss": 35274092.8700206, "term_loss": 5553273.39347098, "idc_job_loss": 152.354060693919, "term_job_loss": 23.9854148696725}, "Missouri": {"state_code": "MO", "idc_loss": 341273096.862583, "term_loss": 49094669.0515265, "idc_job_loss": 1474.00933325754, "term_job_loss": 212.047187605529}, "Montana": {"state_code": "MT", "idc_loss": 12756136.4721941, "term_loss": 1304645.61357569, "idc_job_loss": 55.0956532735192, "term_job_loss": 5.6349587139546}, "Nebraska": {"state_code": "NE", "idc_loss": 63708100.9120557, "term_loss": 5856709.6785802, "idc_job_loss": 275.16477627973, "term_job_loss": 25.2960013776975}, "Nevada": {"state_code": "NV", "idc_loss": 14134584.675051, "term_loss": 320523.80192219, "idc_job_loss": 61.0493763624543, "term_job_loss": 1.38439003808946}, "New Hampshire": {"state_code": "NH", "idc_loss": 90710871.6682563, "term_loss": 65617066.5140432, "idc_job_loss": 391.793764865022, "term_job_loss": 283.40988302874}, "New Jersey": {"state_code": "NJ", "idc_loss": 384593674.31325, "term_loss": 314308655.895857, "idc_job_loss": 1661.11735926787, "term_job_loss": 1357.54589674168}, "New Mexico": {"state_code": "NM", "idc_loss": 50752097.7019167, "term_loss": 704894.632365552, "idc_job_loss": 219.20586879764, "term_job_loss": 3.04454490149377}, "New York": {"state_code": "NY", "idc_loss": 1617341244.64838, "term_loss": 3095734190.589, "idc_job_loss": 6985.53771624728, "term_job_loss": 13370.9370359482}, "North Carolina": {"state_code": "NC", "idc_loss": 659383323.137767, "term_loss": 88765580.4446037, "idc_job_loss": 2847.97477865887, "term_job_loss": 383.391762345841}, "North Dakota": {"state_code": "ND", "idc_loss": 8131480.45338831, "term_loss": 426272.672883347, "idc_job_loss": 35.121075149741, "term_job_loss": 1.84113516160254}, "Ohio": {"state_code": "OH", "idc_loss": 478612217.453324, "term_loss": 45378698.9749554, "idc_job_loss": 2067.19744985159, "term_job_loss": 195.997359402467}, "Oklahoma": {"state_code": "OK", "idc_loss": 68106437.8331002, "term_loss": 8707710.91954185, "idc_job_loss": 294.161848513178, "term_job_loss": 37.6099003546169}, "Oregon": {"state_code": "OR", "idc_loss": 148586366.004423, "term_loss": 1846338.88886208, "idc_job_loss": 641.766644657403, "term_job_loss": 7.97461264763836}, "Pennsylvania": {"state_code": "PA", "idc_loss": 972665762.628516, "term_loss": 133901629.314024, "idc_job_loss": 4201.08829390614, "term_job_loss": 578.341079803126}, "Rhode Island": {"state_code": "RI", "idc_loss": 107935292.353935, "term_loss": 516715777.569148, "idc_job_loss": 466.188603145718, "term_job_loss": 2231.77240099015}, "South Carolina": {"state_code": "SC", "idc_loss": 104405604.077012, "term_loss": 29045321.3411313, "idc_job_loss": 450.943353779437, "term_job_loss": 125.451068771269}, "South Dakota": {"state_code": "SD", "idc_loss": 12562894.116734, "term_loss": 298696.558084521, "idc_job_loss": 54.2610107595106, "term_job_loss": 1.29011492108846}, "Tennessee": {"state_code": "TN", "idc_loss": 362813179.155849, "term_loss": 25207326.8598953, "idc_job_loss": 1567.04415677952, "term_job_loss": 108.874198990611}, "Texas": {"state_code": "TX", "idc_loss": 856532924.966181, "term_loss": 250713698.128575, "idc_job_loss": 3699.49327166244, "term_job_loss": 1082.86980255533}, "Utah": {"state_code": "UT", "idc_loss": 126127873.311304, "term_loss": 5020380.62588878, "idc_job_loss": 544.765069833929, "term_job_loss": 21.6837716394771}, "Vermont": {"state_code": "VT", "idc_loss": 26520178.4443701, "term_loss": 3487560.42862673, "idc_job_loss": 114.544600515045, "term_job_loss": 15.0632929151325}, "Virginia": {"state_code": "VA", "idc_loss": 238133935.016441, "term_loss": 112125990.473061, "idc_job_loss": 1028.53593209229, "term_job_loss": 484.288852468754}, "Washington": {"state_code": "WA", "idc_loss": 529029806.19265, "term_loss": 10661126.7130042, "idc_job_loss": 2284.95852461932, "term_job_loss": 46.0469941008478}, "West Virginia": {"state_code": "WV", "idc_loss": 22494474.1446428, "term_loss": 1341764.10628448,