{"STATE_LOSSES": {"Alabama": {"state_code": "AL", "idc_loss": 137155882.470028, "term_loss": 46909543.7176607, "idc_job_loss": 592.39668385991, "term_job_loss": 202.609305844364}, "Alaska": {"state_code": "AK", "idc_loss": 3428494.51879316, "term_loss": 874256.819211969, "idc_job_loss": 14.8081784535109, "term_job_loss": 3.77604541063893}, "Arizona": {"state_code": "AZ", "idc_loss": 133973289.33053, "term_loss": 14226657.7990539, "idc_job_loss": 578.650590087181, "term_job_loss": 61.4470538980413}, "Arkansas": {"state_code": "AR", "idc_loss": 46355302.6789298, "term_loss": 8336663.56831501, "idc_job_loss": 200.215456251548, "term_job_loss": 36.0072915822967}, "California": {"state_code": "CA", "idc_loss": 2271507094.07446, "term_loss": 80611302.7230663, "idc_job_loss": 9810.9774488748, "term_job_loss": 348.172222399627}, "Colorado": {"state_code": "CO", "idc_loss": 222803650.787174, "term_loss": 6136198.92724859, "idc_job_loss": 962.322151272262, "term_job_loss": 26.5031570687546}, "Connecticut": {"state_code": "CT", "idc_loss": 439477104.233735, "term_loss": 82904767.8916069, "idc_job_loss": 1898.1670672223, "term_job_loss": 358.078040042472}, "Delaware": {"state_code": "DE", "idc_loss": 34530894.1354185, "term_loss": 2032548.4910072, "idc_job_loss": 149.144074669999, "term_job_loss": 8.77887965264811}, "District of Columbia": {"state_code": "DC", "idc_loss": 31796894.2684636, "term_loss": 11640077.3931069, "idc_job_loss": 137.335522053151, "term_job_loss": 50.2752278893768}, "Florida": {"state_code": "FL", "idc_loss": 359946317.939494, "term_loss": 50708442.1724987, "idc_job_loss": 1554.66175620675, "term_job_loss": 219.017314064196}, "Georgia": {"state_code": "GA", "idc_loss": 327344305.609631, "term_loss": 73142397.9466104, "idc_job_loss": 1413.84880933521, "term_job_loss": 315.912910280041}, "Hawaii": {"state_code": "HI", "idc_loss": 30121349.4703669, "term_loss": 118229.623981088, "idc_job_loss": 130.098594520946, "term_job_loss": 0.51065135464172}, "Idaho": {"state_code": "ID", "idc_loss": 11143584.2061112, "term_loss": 750326.81358666, "idc_job_loss": 48.1307998689482, "term_job_loss": 3.24077325868281}, "Illinois": {"state_code": "IL", "idc_loss": 608232221.358804, "term_loss": 1570069297.48062, "idc_job_loss": 2627.04555182633, "term_job_loss": 6781.36313592694}, "Indiana": {"state_code": "IN", "idc_loss": 203126068.035562, "term_loss": 29246909.1213255, "idc_job_loss": 877.331740664234, "term_job_loss": 126.32175641764}, "Iowa": {"state_code": "IA", "idc_loss": 98145570.5747762, "term_loss": 2419938.16078117, "idc_job_loss": 423.905336737863, "term_job_loss": 10.4520733327357}, "Kansas": {"state_code": "KS", "idc_loss": 52825225.1218775, "term_loss": 2229118.72213965, "idc_job_loss": 228.160014888109, "term_job_loss": 9.62789575732655}, "Kentucky": {"state_code": "KY", "idc_loss": 124799833.540734, "term_loss": 17152176.9883046, "idc_job_loss": 539.029068271679, "term_job_loss": 74.0828069920388}, "Louisiana": {"state_code": "LA", "idc_loss": 79194458.6250983, "term_loss": 14652440.5571407, "idc_job_loss": 342.052661721169, "term_job_loss": 63.2860730446717}, "Maine": {"state_code": "ME", "idc_loss": 72661194.6865749, "term_loss": 9177248.81411802, "idc_job_loss": 313.834521731377, "term_job_loss": 39.6379044524672}, "Maryland": {"state_code": "MD", "idc_loss": 559288998.881896, "term_loss": 49657075.5332027, "idc_job_loss": 2415.65248453244, "term_job_loss": 214.476304962556}, "Massachusetts": {"state_code": "MA", "idc_loss": 1495690903.29766, "term_loss": 3112466651.53711, "idc_job_loss": 6460.11177381756, "term_job_loss": 13443.2070268518}, "Michigan": {"state_code": "MI", "idc_loss": 461243265.167298, "term_loss": 68024540.0479634, "idc_job_loss": 1992.17835806301, "term_job_loss": 293.808119781629}, "Minnesota": {"state_code": "MN", "idc_loss": 325572263.953471, "term_loss": 6008102.55054762, "idc_job_loss": 1406.19509750116, "term_job_loss": 25.9498897395993}, "Mississippi": {"state_code": "MS", "idc_loss": 35274092.8700206, "term_loss": 5573728.33685293, "idc_job_loss": 152.354060693919, "term_job_loss": 24.0737628166201}, "Missouri": {"state_code": "MO", "idc_loss": 341273096.862583, "term_loss": 49184673.4275106, "idc_job_loss": 1474.00933325754, "term_job_loss": 212.435929910312}, "Montana": {"state_code": "MT", "idc_loss": 12756136.4721941, "term_loss": 1309145.70986833, "idc_job_loss": 55.0956532735192, "term_job_loss": 5.65439530006958}, "Nebraska": {"state_code": "NE", "idc_loss": 63708100.9120557, "term_loss": 5871896.01675869, "idc_job_loss": 275.16477627973, "term_job_loss": 25.3615934340854}, "Nevada": {"state_code": "NV", "idc_loss": 14134584.675051, "term_loss": 327317.671961794, "idc_job_loss": 61.0493763624543, "term_job_loss": 1.41373377464349}, "New Hampshire": {"state_code": "NH", "idc_loss": 90710871.6682563, "term_loss": 67253684.5189088, "idc_job_loss": 391.793764865022, "term_job_loss": 290.478679943372}, "New Jersey": {"state_code": "NJ", "idc_loss": 384593674.31325, "term_loss": 335384236.645552, "idc_job_loss": 1661.11735926787, "term_job_loss": 1448.57446891589}, "New Mexico": {"state_code": "NM", "idc_loss": 50752097.7019167, "term_loss": 712499.409290538, "idc_job_loss": 219.20586879764, "term_job_loss": 3.07739106565913}, "New York": {"state_code": "NY", "idc_loss": 1617341244.64838, "term_loss": 3330021713.52087, "idc_job_loss": 6985.53771624728, "term_job_loss": 14382.8597413774}, "North Carolina": {"state_code": "NC", "idc_loss": 659383323.137767, "term_loss": 88900941.6508924, "idc_job_loss": 2847.97477865887, "term_job_loss": 383.976407555982}, "North Dakota": {"state_code": "ND", "idc_loss": 8131480.45338831, "term_loss": 427770.738139333, "idc_job_loss": 35.121075149741, "term_job_loss": 1.84760552855925}, "Ohio": {"state_code": "OH", "idc_loss": 478612217.453324, "term_loss": 46850116.6176633, "idc_job_loss": 2067.19744985159, "term_job_loss": 202.352631348631}, "Oklahoma": {"state_code": "OK", "idc_loss": 68106437.8331002, "term_loss": 8718415.11900583, "idc_job_loss": 294.161848513178, "term_job_loss": 37.6561333863443}, "Oregon": {"state_code": "OR", "idc_loss": 148586366.004423, "term_loss": 1852191.16693938, "idc_job_loss": 641.766644657403, "term_job_loss": 7.99988950827009}, "Pennsylvania": {"state_code": "PA", "idc_loss": 972665762.628516, "term_loss": 136217309.13753, "idc_job_loss": 4201.08829390614, "term_job_loss": 588.342845849333}, "Rhode Island": {"state_code": "RI", "idc_loss": 107935292.353935, "term_loss": 548770164.825488, "idc_job_loss": 466.188603145718, "term_job_loss": 2370.22007360796}, "South Carolina": {"state_code": "SC", "idc_loss": 104405604.077012, "term_loss": 29078584.3395403, "idc_job_loss": 450.943353779437, "term_job_loss": 125.594736615461}, "South Dakota": {"state_code": "SD", "idc_loss": 12562894.116734, "term_loss": 309116.288490535, "idc_job_loss": 54.2610107595106, "term_job_loss": 1.33511928858678}, "Tennessee": {"state_code": "TN", "idc_loss": 362813179.155849, "term_loss": 25341326.1895655, "idc_job_loss": 1567.04415677952, "term_job_loss": 109.452962052804}, "Texas": {"state_code": "TX", "idc_loss": 856532924.966181, "term_loss": 250896047.174643, "idc_job_loss": 3699.49327166244, "term_job_loss": 1083.65739524367}, "Utah": {"state_code": "UT", "idc_loss": 126127873.311304, "term_loss": 5040683.59720063, "idc_job_loss": 544.765069833929, "term_job_loss": 21.7714631964198}, "Vermont": {"state_code": "VT", "idc_loss": 26520178.4443701, "term_loss": 3604593.92782687, "idc_job_loss": 114.544600515045, "term_job_loss": 15.568778028699}, "Virginia": {"state_code": "VA", "idc_loss": 238133935.016441, "term_loss": 112348260.554941, "idc_job_loss": 1028.53593209229, "term_job_loss": 485.248870056445}, "Washington": {"state_code": "WA", "idc_loss": 529029806.19265, "term_loss": 10774309.3704052, "idc_job_loss": 2284.95852461932, "term_job_loss": 46.5358468551543}, "West Virginia": {"state_code": "WV", "idc_loss": 22494474.1446428,