{"STATE_LOSSES": {"Alabama": {"state_code": "AL", "idc_loss": 137155882.470028, "term_loss": 52182960.937623, "idc_job_loss": 592.39668385991, "term_job_loss": 225.385980219946}, "Alaska": {"state_code": "AK", "idc_loss": 3428494.51879316, "term_loss": 2572274.39016954, "idc_job_loss": 14.8081784535109, "term_job_loss": 11.1100361958386}, "Arizona": {"state_code": "AZ", "idc_loss": 133973289.33053, "term_loss": 36041514.9750667, "idc_job_loss": 578.650590087181, "term_job_loss": 155.668671062522}, "Arkansas": {"state_code": "AR", "idc_loss": 46355302.6789298, "term_loss": 8448097.93878468, "idc_job_loss": 200.215456251548, "term_job_loss": 36.4885932249636}, "California": {"state_code": "CA", "idc_loss": 2271507094.07446, "term_loss": 532463425.363013, "idc_job_loss": 9810.9774488748, "term_job_loss": 2299.7888372062}, "Colorado": {"state_code": "CO", "idc_loss": 222803650.787174, "term_loss": 35952273.7883679, "idc_job_loss": 962.322151272262, "term_job_loss": 155.28322508593}, "Connecticut": {"state_code": "CT", "idc_loss": 439477104.233735, "term_loss": 71779516.8551165, "idc_job_loss": 1898.1670672223, "term_job_loss": 310.026423863588}, "Delaware": {"state_code": "DE", "idc_loss": 34530894.1354185, "term_loss": 18090356.0788862, "idc_job_loss": 149.144074669999, "term_job_loss": 78.1349422130615}, "District of Columbia": {"state_code": "DC", "idc_loss": 31796894.2684636, "term_loss": 14943643.1692536, "idc_job_loss": 137.335522053151, "term_job_loss": 64.5438204969889}, "Florida": {"state_code": "FL", "idc_loss": 359946317.939494, "term_loss": 125357604.751079, "idc_job_loss": 1554.66175620675, "term_job_loss": 541.438165201469}, "Georgia": {"state_code": "GA", "idc_loss": 327344305.609631, "term_loss": 132257961.916042, "idc_job_loss": 1413.84880933521, "term_job_loss": 571.241835509713}, "Hawaii": {"state_code": "HI", "idc_loss": 30121349.4703669, "term_loss": 29859536.2915293, "idc_job_loss": 130.098594520946, "term_job_loss": 128.967784408095}, "Idaho": {"state_code": "ID", "idc_loss": 11143584.2061112, "term_loss": 1849958.88656308, "idc_job_loss": 48.1307998689482, "term_job_loss": 7.99024795685756}, "Illinois": {"state_code": "IL", "idc_loss": 608232221.358804, "term_loss": 159841970.771723, "idc_job_loss": 2627.04555182633, "term_job_loss": 690.381278014036}, "Indiana": {"state_code": "IN", "idc_loss": 203126068.035562, "term_loss": 19327820.8021492, "idc_job_loss": 877.331740664234, "term_job_loss": 83.4797366560911}, "Iowa": {"state_code": "IA", "idc_loss": 98145570.5747762, "term_loss": 2540194.58868201, "idc_job_loss": 423.905336737863, "term_job_loss": 10.9714787553712}, "Kansas": {"state_code": "KS", "idc_loss": 52825225.1218775, "term_loss": 1724440.86680548, "idc_job_loss": 228.160014888109, "term_job_loss": 7.44811693535133}, "Kentucky": {"state_code": "KY", "idc_loss": 124799833.540734, "term_loss": 18518548.2236751, "idc_job_loss": 539.029068271679, "term_job_loss": 79.9843678597029}, "Louisiana": {"state_code": "LA", "idc_loss": 79194458.6250983, "term_loss": 16311718.9387647, "idc_job_loss": 342.052661721169, "term_job_loss": 70.452743501473}, "Maine": {"state_code": "ME", "idc_loss": 72661194.6865749, "term_loss": 22628217.1035655, "idc_job_loss": 313.834521731377, "term_job_loss": 97.7346398302936}, "Maryland": {"state_code": "MD", "idc_loss": 559288998.881896, "term_loss": 142841785.584688, "idc_job_loss": 2415.65248453244, "term_job_loss": 616.954946248757}, "Massachusetts": {"state_code": "MA", "idc_loss": 1495690903.29766, "term_loss": 3050161160.00333, "idc_job_loss": 6460.11177381756, "term_job_loss": 13174.1003293761}, "Michigan": {"state_code": "MI", "idc_loss": 461243265.167298, "term_loss": 75198772.1682732, "idc_job_loss": 1992.17835806301, "term_job_loss": 324.794696811903}, "Minnesota": {"state_code": "MN", "idc_loss": 325572263.953471, "term_loss": 42259557.4371788, "idc_job_loss": 1406.19509750116, "term_job_loss": 182.525322547815}, "Mississippi": {"state_code": "MS", "idc_loss": 35274092.8700206, "term_loss": 6282574.99658498, "idc_job_loss": 152.354060693919, "term_job_loss": 27.1353771129096}, "Missouri": {"state_code": "MO", "idc_loss": 341273096.862583, "term_loss": 53910910.591604, "idc_job_loss": 1474.00933325754, "term_job_loss": 232.849252129694}, "Montana": {"state_code": "MT", "idc_loss": 12756136.4721941, "term_loss": 1982748.41581196, "idc_job_loss": 55.0956532735192, "term_job_loss": 8.56378571084738}, "Nebraska": {"state_code": "NE", "idc_loss": 63708100.9120557, "term_loss": 6585788.50169454, "idc_job_loss": 275.16477627973, "term_job_loss": 28.445001400936}, "Nevada": {"state_code": "NV", "idc_loss": 14134584.675051, "term_loss": 15681421.2291056, "idc_job_loss": 61.0493763624543, "term_job_loss": 67.7303938193286}, "New Hampshire": {"state_code": "NH", "idc_loss": 90710871.6682563, "term_loss": 66751123.2981903, "idc_job_loss": 391.793764865022, "term_job_loss": 288.308043181545}, "New Jersey": {"state_code": "NJ", "idc_loss": 384593674.31325, "term_loss": 147278053.794956, "idc_job_loss": 1661.11735926787, "term_job_loss": 636.115849369701}, "New Mexico": {"state_code": "NM", "idc_loss": 50752097.7019167, "term_loss": 60789389.4037761, "idc_job_loss": 219.20586879764, "term_job_loss": 262.558426573756}, "New York": {"state_code": "NY", "idc_loss": 1617341244.64838, "term_loss": 1127706247.5491, "idc_job_loss": 6985.53771624728, "term_job_loss": 4870.73123941421}, "North Carolina": {"state_code": "NC", "idc_loss": 659383323.137767, "term_loss": 1172312682.4975, "idc_job_loss": 2847.97477865887, "term_job_loss": 5063.3930754679}, "North Dakota": {"state_code": "ND", "idc_loss": 8131480.45338831, "term_loss": 454227.44560362, "idc_job_loss": 35.121075149741, "term_job_loss": 1.96187598845819}, "Ohio": {"state_code": "OH", "idc_loss": 478612217.453324, "term_loss": 53858681.1443719, "idc_job_loss": 2067.19744985159, "term_job_loss": 232.623665368244}, "Oklahoma": {"state_code": "OK", "idc_loss": 68106437.8331002, "term_loss": 16072187.1019478, "idc_job_loss": 294.161848513178, "term_job_loss": 69.4181698233064}, "Oregon": {"state_code": "OR", "idc_loss": 148586366.004423, "term_loss": 12967426.0840897, "idc_job_loss": 641.766644657403, "term_job_loss": 56.0082445759618}, "Pennsylvania": {"state_code": "PA", "idc_loss": 972665762.628516, "term_loss": 138858879.715407, "idc_job_loss": 4201.08829390614, "term_job_loss": 599.752182600589}, "Rhode Island": {"state_code": "RI", "idc_loss": 107935292.353935, "term_loss": 57667807.8768652, "idc_job_loss": 466.188603145718, "term_job_loss": 249.07585104263}, "South Carolina": {"state_code": "SC", "idc_loss": 104405604.077012, "term_loss": 34012298.3327437, "idc_job_loss": 450.943353779437, "term_job_loss": 146.904182160574}, "South Dakota": {"state_code": "SD", "idc_loss": 12562894.116734, "term_loss": 2733250.87101845, "idc_job_loss": 54.2610107595106, "term_job_loss": 11.8053175918456}, "Tennessee": {"state_code": "TN", "idc_loss": 362813179.155849, "term_loss": 96200200.9783151, "idc_job_loss": 1567.04415677952, "term_job_loss": 415.50299571485}, "Texas": {"state_code": "TX", "idc_loss": 856532924.966181, "term_loss": 255740476.932253, "idc_job_loss": 3699.49327166244, "term_job_loss": 1104.5812088776}, "Utah": {"state_code": "UT", "idc_loss": 126127873.311304, "term_loss": 5163900.4403684, "idc_job_loss": 544.765069833929, "term_job_loss": 22.3036550935061}, "Vermont": {"state_code": "VT", "idc_loss": 26520178.4443701, "term_loss": 3129981.57493726, "idc_job_loss": 114.544600515045, "term_job_loss": 13.5188565896226}, "Virginia": {"state_code": "VA", "idc_loss": 238133935.016441, "term_loss": 128820139.32062, "idc_job_loss": 1028.53593209229, "term_job_loss": 556.393367703956}, "Washington": {"state_code": "WA", "idc_loss": 529029806.19265, "term_loss": 51975927.1489898, "idc_job_loss": 2284.95852461932, "term_job_loss": 224.49177045202}, "West Virginia": {"state_code": "WV", "idc_loss": 22494474.1446428, "term_loss": 1923859.82195663,