{"STATE_LOSSES": {"Alabama": {"state_code": "AL", "idc_loss": 137155882.470028, "term_loss": 47116382.9305278, "idc_job_loss": 592.39668385991, "term_job_loss": 203.502675210577}, "Alaska": {"state_code": "AK", "idc_loss": 3428494.51879316, "term_loss": 875661.952662921, "idc_job_loss": 14.8081784535109, "term_job_loss": 3.78211439128879}, "Arizona": {"state_code": "AZ", "idc_loss": 133973289.33053, "term_loss": 21648510.6326166, "idc_job_loss": 578.650590087181, "term_job_loss": 93.5031416685355}, "Arkansas": {"state_code": "AR", "idc_loss": 46355302.6789298, "term_loss": 8358022.20940219, "idc_job_loss": 200.215456251548, "term_job_loss": 36.0995427342265}, "California": {"state_code": "CA", "idc_loss": 2271507094.07446, "term_loss": 120724737.139869, "idc_job_loss": 9810.9774488748, "term_job_loss": 521.428119987094}, "Colorado": {"state_code": "CO", "idc_loss": 222803650.787174, "term_loss": 17891981.9562025, "idc_job_loss": 962.322151272262, "term_job_loss": 77.2781348321086}, "Connecticut": {"state_code": "CT", "idc_loss": 439477104.233735, "term_loss": 82455754.3199366, "idc_job_loss": 1898.1670672223, "term_job_loss": 356.138683552067}, "Delaware": {"state_code": "DE", "idc_loss": 34530894.1354185, "term_loss": 17578405.0730014, "idc_job_loss": 149.144074669999, "term_job_loss": 75.9237495706232}, "District of Columbia": {"state_code": "DC", "idc_loss": 31796894.2684636, "term_loss": 11619615.3662119, "idc_job_loss": 137.335522053151, "term_job_loss": 50.1868493476814}, "Florida": {"state_code": "FL", "idc_loss": 359946317.939494, "term_loss": 62316437.1755363, "idc_job_loss": 1554.66175620675, "term_job_loss": 269.153973332635}, "Georgia": {"state_code": "GA", "idc_loss": 327344305.609631, "term_loss": 73575784.8462215, "idc_job_loss": 1413.84880933521, "term_job_loss": 317.784772846446}, "Hawaii": {"state_code": "HI", "idc_loss": 30121349.4703669, "term_loss": 595589.999638136, "idc_job_loss": 130.098594520946, "term_job_loss": 2.57244191333067}, "Idaho": {"state_code": "ID", "idc_loss": 11143584.2061112, "term_loss": 1706096.75351275, "idc_job_loss": 48.1307998689482, "term_job_loss": 7.36888597793804}, "Illinois": {"state_code": "IL", "idc_loss": 608232221.358804, "term_loss": 1435855614.8427, "idc_job_loss": 2627.04555182633, "term_job_loss": 6201.67425134187}, "Indiana": {"state_code": "IN", "idc_loss": 203126068.035562, "term_loss": 28146676.0981627, "idc_job_loss": 877.331740664234, "term_job_loss": 121.569686126107}, "Iowa": {"state_code": "IA", "idc_loss": 98145570.5747762, "term_loss": 2416886.02441698, "idc_job_loss": 423.905336737863, "term_job_loss": 10.4388907012053}, "Kansas": {"state_code": "KS", "idc_loss": 52825225.1218775, "term_loss": 2238999.91424266, "idc_job_loss": 228.160014888109, "term_job_loss": 9.67057409768637}, "Kentucky": {"state_code": "KY", "idc_loss": 124799833.540734, "term_loss": 17366511.433707, "idc_job_loss": 539.029068271679, "term_job_loss": 75.0085493838834}, "Louisiana": {"state_code": "LA", "idc_loss": 79194458.6250983, "term_loss": 14665972.9192379, "idc_job_loss": 342.052661721169, "term_job_loss": 63.3445213320275}, "Maine": {"state_code": "ME", "idc_loss": 72661194.6865749, "term_loss": 8997082.25273935, "idc_job_loss": 313.834521731377, "term_job_loss": 38.859738240555}, "Maryland": {"state_code": "MD", "idc_loss": 559288998.881896, "term_loss": 51390211.3982192, "idc_job_loss": 2415.65248453244, "term_job_loss": 221.961976890181}, "Massachusetts": {"state_code": "MA", "idc_loss": 1495690903.29766, "term_loss": 3053083019.79205, "idc_job_loss": 6460.11177381756, "term_job_loss": 13186.7202769742}, "Michigan": {"state_code": "MI", "idc_loss": 461243265.167298, "term_loss": 65289570.432128, "idc_job_loss": 1992.17835806301, "term_job_loss": 281.995378674936}, "Minnesota": {"state_code": "MN", "idc_loss": 325572263.953471, "term_loss": 24202200.7338454, "idc_job_loss": 1406.19509750116, "term_job_loss": 104.532909552566}, "Mississippi": {"state_code": "MS", "idc_loss": 35274092.8700206, "term_loss": 5579619.56150097, "idc_job_loss": 152.354060693919, "term_job_loss": 24.0992078932914}, "Missouri": {"state_code": "MO", "idc_loss": 341273096.862583, "term_loss": 51820095.4248037, "idc_job_loss": 1474.00933325754, "term_job_loss": 223.81871002628}, "Montana": {"state_code": "MT", "idc_loss": 12756136.4721941, "term_loss": 1333196.86924142, "idc_job_loss": 55.0956532735192, "term_job_loss": 5.75827583948954}, "Nebraska": {"state_code": "NE", "idc_loss": 63708100.9120557, "term_loss": 5897182.44723044, "idc_job_loss": 275.16477627973, "term_job_loss": 25.470809293357}, "Nevada": {"state_code": "NV", "idc_loss": 14134584.675051, "term_loss": 10495463.2194861, "idc_job_loss": 61.0493763624543, "term_job_loss": 45.3314687990572}, "New Hampshire": {"state_code": "NH", "idc_loss": 90710871.6682563, "term_loss": 65991441.9382759, "idc_job_loss": 391.793764865022, "term_job_loss": 285.026866244043}, "New Jersey": {"state_code": "NJ", "idc_loss": 384593674.31325, "term_loss": 319886205.711935, "idc_job_loss": 1661.11735926787, "term_job_loss": 1381.63616509623}, "New Mexico": {"state_code": "NM", "idc_loss": 50752097.7019167, "term_loss": 741415.933522038, "idc_job_loss": 219.20586879764, "term_job_loss": 3.20228584053136}, "New York": {"state_code": "NY", "idc_loss": 1617341244.64838, "term_loss": 3111753985.22906, "idc_job_loss": 6985.53771624728, "term_job_loss": 13440.1289149255}, "North Carolina": {"state_code": "NC", "idc_loss": 659383323.137767, "term_loss": 88685787.8014172, "idc_job_loss": 2847.97477865887, "term_job_loss": 383.047126035909}, "North Dakota": {"state_code": "ND", "idc_loss": 8131480.45338831, "term_loss": 448637.081863351, "idc_job_loss": 35.121075149741, "term_job_loss": 1.9377303748566}, "Ohio": {"state_code": "OH", "idc_loss": 478612217.453324, "term_loss": 53690940.750522, "idc_job_loss": 2067.19744985159, "term_job_loss": 231.899169624595}, "Oklahoma": {"state_code": "OK", "idc_loss": 68106437.8331002, "term_loss": 12343425.6843395, "idc_job_loss": 294.161848513178, "term_job_loss": 53.313093913211}, "Oregon": {"state_code": "OR", "idc_loss": 148586366.004423, "term_loss": 3769598.96854789, "idc_job_loss": 641.766644657403, "term_job_loss": 16.281459374792}, "Pennsylvania": {"state_code": "PA", "idc_loss": 972665762.628516, "term_loss": 147350017.762588, "idc_job_loss": 4201.08829390614, "term_job_loss": 636.426672463944}, "Rhode Island": {"state_code": "RI", "idc_loss": 107935292.353935, "term_loss": 516910404.250114, "idc_job_loss": 466.188603145718, "term_job_loss": 2232.61302261219}, "South Carolina": {"state_code": "SC", "idc_loss": 104405604.077012, "term_loss": 29082533.0020916, "idc_job_loss": 450.943353779437, "term_job_loss": 125.611791477119}, "South Dakota": {"state_code": "SD", "idc_loss": 12562894.116734, "term_loss": 2759576.12492014, "idc_job_loss": 54.2610107595106, "term_job_loss": 11.9190202842295}, "Tennessee": {"state_code": "TN", "idc_loss": 362813179.155849, "term_loss": 25307978.9545771, "idc_job_loss": 1567.04415677952, "term_job_loss": 109.30893037828}, "Texas": {"state_code": "TX", "idc_loss": 856532924.966181, "term_loss": 253002438.460986, "idc_job_loss": 3699.49327166244, "term_job_loss": 1092.75521292724}, "Utah": {"state_code": "UT", "idc_loss": 126127873.311304, "term_loss": 5065543.32115061, "idc_job_loss": 544.765069833929, "term_job_loss": 21.8788360466718}, "Vermont": {"state_code": "VT", "idc_loss": 26520178.4443701, "term_loss": 3505643.44827421, "idc_job_loss": 114.544600515045, "term_job_loss": 15.1413961702056}, "Virginia": {"state_code": "VA", "idc_loss": 238133935.016441, "term_loss": 112297218.294576, "idc_job_loss": 1028.53593209229, "term_job_loss": 485.028410931892}, "Washington": {"state_code": "WA", "idc_loss": 529029806.19265, "term_loss": 24119606.3445378, "idc_job_loss": 2284.95852461932, "term_job_loss": 104.176172083855}, "West Virginia": {"state_code": "WV", "idc_loss": 22494474.1446428, "term_loss": 1427102.09354659,