{"STATE_LOSSES": {"Alabama": {"state_code": "AL", "idc_loss": 137155882.470028, "term_loss": 52986312.338747, "idc_job_loss": 592.39668385991, "term_job_loss": 228.855774569482}, "Alaska": {"state_code": "AK", "idc_loss": 3428494.51879316, "term_loss": 2819608.67507791, "idc_job_loss": 14.8081784535109, "term_job_loss": 12.1783098093791}, "Arizona": {"state_code": "AZ", "idc_loss": 133973289.33053, "term_loss": 29216238.7766685, "idc_job_loss": 578.650590087181, "term_job_loss": 126.189286631143}, "Arkansas": {"state_code": "AR", "idc_loss": 46355302.6789298, "term_loss": 7551846.7047118, "idc_job_loss": 200.215456251548, "term_job_loss": 32.6175506607765}, "California": {"state_code": "CA", "idc_loss": 2271507094.07446, "term_loss": 550611610.057912, "idc_job_loss": 9810.9774488748, "term_job_loss": 2378.1735498246}, "Colorado": {"state_code": "CO", "idc_loss": 222803650.787174, "term_loss": 30108383.2043845, "idc_job_loss": 962.322151272262, "term_job_loss": 130.042591287022}, "Connecticut": {"state_code": "CT", "idc_loss": 439477104.233735, "term_loss": 71699864.0896648, "idc_job_loss": 1898.1670672223, "term_job_loss": 309.682391706425}, "Delaware": {"state_code": "DE", "idc_loss": 34530894.1354185, "term_loss": 18324802.4917812, "idc_job_loss": 149.144074669999, "term_job_loss": 79.147551187906}, "District of Columbia": {"state_code": "DC", "idc_loss": 31796894.2684636, "term_loss": 15502660.6974634, "idc_job_loss": 137.335522053151, "term_job_loss": 66.9583004592567}, "Florida": {"state_code": "FL", "idc_loss": 359946317.939494, "term_loss": 129659513.425436, "idc_job_loss": 1554.66175620675, "term_job_loss": 560.018749475821}, "Georgia": {"state_code": "GA", "idc_loss": 327344305.609631, "term_loss": 123289704.169162, "idc_job_loss": 1413.84880933521, "term_job_loss": 532.506594602974}, "Hawaii": {"state_code": "HI", "idc_loss": 30121349.4703669, "term_loss": 28519893.2346683, "idc_job_loss": 130.098594520946, "term_job_loss": 123.181666524206}, "Idaho": {"state_code": "ID", "idc_loss": 11143584.2061112, "term_loss": 1849414.73149865, "idc_job_loss": 48.1307998689482, "term_job_loss": 7.98789767008991}, "Illinois": {"state_code": "IL", "idc_loss": 608232221.358804, "term_loss": 159938819.013338, "idc_job_loss": 2627.04555182633, "term_job_loss": 690.799579993781}, "Indiana": {"state_code": "IN", "idc_loss": 203126068.035562, "term_loss": 18574861.6880909, "idc_job_loss": 877.331740664234, "term_job_loss": 80.2275940996268}, "Iowa": {"state_code": "IA", "idc_loss": 98145570.5747762, "term_loss": 2562732.53501385, "idc_job_loss": 423.905336737863, "term_job_loss": 11.0688235022939}, "Kansas": {"state_code": "KS", "idc_loss": 52825225.1218775, "term_loss": 1689089.44955303, "idc_job_loss": 228.160014888109, "term_job_loss": 7.29542889913332}, "Kentucky": {"state_code": "KY", "idc_loss": 124799833.540734, "term_loss": 18643437.6984297, "idc_job_loss": 539.029068271679, "term_job_loss": 80.5237841017282}, "Louisiana": {"state_code": "LA", "idc_loss": 79194458.6250983, "term_loss": 17177313.3891722, "idc_job_loss": 342.052661721169, "term_job_loss": 74.1913748511054}, "Maine": {"state_code": "ME", "idc_loss": 72661194.6865749, "term_loss": 22825285.6512979, "idc_job_loss": 313.834521731377, "term_job_loss": 98.5858082385845}, "Maryland": {"state_code": "MD", "idc_loss": 559288998.881896, "term_loss": 146804610.725398, "idc_job_loss": 2415.65248453244, "term_job_loss": 634.070978239484}, "Massachusetts": {"state_code": "MA", "idc_loss": 1495690903.29766, "term_loss": 3075154979.62388, "idc_job_loss": 6460.11177381756, "term_job_loss": 13282.052358801}, "Michigan": {"state_code": "MI", "idc_loss": 461243265.167298, "term_loss": 76562990.613662, "idc_job_loss": 1992.17835806301, "term_job_loss": 330.686959459008}, "Minnesota": {"state_code": "MN", "idc_loss": 325572263.953471, "term_loss": 42482033.9449001, "idc_job_loss": 1406.19509750116, "term_job_loss": 183.486231719462}, "Mississippi": {"state_code": "MS", "idc_loss": 35274092.8700206, "term_loss": 6280613.89228683, "idc_job_loss": 152.354060693919, "term_job_loss": 27.1269068113665}, "Missouri": {"state_code": "MO", "idc_loss": 341273096.862583, "term_loss": 44106146.0957086, "idc_job_loss": 1474.00933325754, "term_job_loss": 190.501013987848}, "Montana": {"state_code": "MT", "idc_loss": 12756136.4721941, "term_loss": 2751504.78721291, "idc_job_loss": 55.0956532735192, "term_job_loss": 11.8841589745579}, "Nebraska": {"state_code": "NE", "idc_loss": 63708100.9120557, "term_loss": 6231578.67822121, "idc_job_loss": 275.16477627973, "term_job_loss": 26.9151164187001}, "Nevada": {"state_code": "NV", "idc_loss": 14134584.675051, "term_loss": 15786205.350962, "idc_job_loss": 61.0493763624543, "term_job_loss": 68.1829720477719}, "New Hampshire": {"state_code": "NH", "idc_loss": 90710871.6682563, "term_loss": 67331227.8277093, "idc_job_loss": 391.793764865022, "term_job_loss": 290.813601043085}, "New Jersey": {"state_code": "NJ", "idc_loss": 384593674.31325, "term_loss": 147704831.176139, "idc_job_loss": 1661.11735926787, "term_job_loss": 637.959164441623}, "New Mexico": {"state_code": "NM", "idc_loss": 50752097.7019167, "term_loss": 63563103.0352324, "idc_job_loss": 219.20586879764, "term_job_loss": 274.538508854302}, "New York": {"state_code": "NY", "idc_loss": 1617341244.64838, "term_loss": 1130446443.33792, "idc_job_loss": 6985.53771624728, "term_job_loss": 4882.56655314038}, "North Carolina": {"state_code": "NC", "idc_loss": 659383323.137767, "term_loss": 1171918770.49306, "idc_job_loss": 2847.97477865887, "term_job_loss": 5061.69171085301}, "North Dakota": {"state_code": "ND", "idc_loss": 8131480.45338831, "term_loss": 508711.791233246, "idc_job_loss": 35.121075149741, "term_job_loss": 2.19720199192232}, "Ohio": {"state_code": "OH", "idc_loss": 478612217.453324, "term_loss": 53249790.8784194, "idc_job_loss": 2067.19744985159, "term_job_loss": 229.993777623811}, "Oklahoma": {"state_code": "OK", "idc_loss": 68106437.8331002, "term_loss": 16879346.2083283, "idc_job_loss": 294.161848513178, "term_job_loss": 72.9044102189498}, "Oregon": {"state_code": "OR", "idc_loss": 148586366.004423, "term_loss": 13028911.9606522, "idc_job_loss": 641.766644657403, "term_job_loss": 56.2738112343061}, "Pennsylvania": {"state_code": "PA", "idc_loss": 972665762.628516, "term_loss": 140375482.417554, "idc_job_loss": 4201.08829390614, "term_job_loss": 606.302615548158}, "Rhode Island": {"state_code": "RI", "idc_loss": 107935292.353935, "term_loss": 55021542.8235024, "idc_job_loss": 466.188603145718, "term_job_loss": 237.646238152574}, "South Carolina": {"state_code": "SC", "idc_loss": 104405604.077012, "term_loss": 49279399.7164005, "idc_job_loss": 450.943353779437, "term_job_loss": 212.845066860198}, "South Dakota": {"state_code": "SD", "idc_loss": 12562894.116734, "term_loss": 2733744.04369134, "idc_job_loss": 54.2610107595106, "term_job_loss": 11.8074476780711}, "Tennessee": {"state_code": "TN", "idc_loss": 362813179.155849, "term_loss": 97213665.757333, "idc_job_loss": 1567.04415677952, "term_job_loss": 419.880301036992}, "Texas": {"state_code": "TX", "idc_loss": 856532924.966181, "term_loss": 252641540.694564, "idc_job_loss": 3699.49327166244, "term_job_loss": 1091.19644172333}, "Utah": {"state_code": "UT", "idc_loss": 126127873.311304, "term_loss": 5374915.26286861, "idc_job_loss": 544.765069833929, "term_job_loss": 23.215059539624}, "Vermont": {"state_code": "VT", "idc_loss": 26520178.4443701, "term_loss": 3153823.94209882, "idc_job_loss": 114.544600515045, "term_job_loss": 13.6218353243843}, "Virginia": {"state_code": "VA", "idc_loss": 238133935.016441, "term_loss": 129981164.769563, "idc_job_loss": 1028.53593209229, "term_job_loss": 561.408009536623}, "Washington": {"state_code": "WA", "idc_loss": 529029806.19265, "term_loss": 54082445.6203946, "idc_job_loss": 2284.95852461932, "term_job_loss": 233.590137466811}, "West Virginia": {"state_code": "WV", "idc_loss": 22494474.1446428, "term_loss": 1937846.25151364,