{"STATE_LOSSES": {"Alabama": {"state_code": "AL", "idc_loss": 137155882.470028, "term_loss": 46940461.6215981, "idc_job_loss": 592.39668385991, "term_job_loss": 202.742844876264}, "Alaska": {"state_code": "AK", "idc_loss": 3428494.51879316, "term_loss": 892331.29834519, "idc_job_loss": 14.8081784535109, "term_job_loss": 3.85411177795901}, "Arizona": {"state_code": "AZ", "idc_loss": 133973289.33053, "term_loss": 15954352.0743094, "idc_job_loss": 578.650590087181, "term_job_loss": 68.9092227890384}, "Arkansas": {"state_code": "AR", "idc_loss": 46355302.6789298, "term_loss": 8366546.16828076, "idc_job_loss": 200.215456251548, "term_job_loss": 36.1363589821488}, "California": {"state_code": "CA", "idc_loss": 2271507094.07446, "term_loss": 1396343164.44628, "idc_job_loss": 9810.9774488748, "term_job_loss": 6031.01409324669}, "Colorado": {"state_code": "CO", "idc_loss": 222803650.787174, "term_loss": 6468285.84283801, "idc_job_loss": 962.322151272262, "term_job_loss": 27.9374899169386}, "Connecticut": {"state_code": "CT", "idc_loss": 439477104.233735, "term_loss": 77708386.6133393, "idc_job_loss": 1898.1670672223, "term_job_loss": 335.634095372508}, "Delaware": {"state_code": "DE", "idc_loss": 34530894.1354185, "term_loss": 1859170.75717451, "idc_job_loss": 149.144074669999, "term_job_loss": 8.03003539800905}, "District of Columbia": {"state_code": "DC", "idc_loss": 31796894.2684636, "term_loss": 11313466.7325923, "idc_job_loss": 137.335522053151, "term_job_loss": 48.8645478024731}, "Florida": {"state_code": "FL", "idc_loss": 359946317.939494, "term_loss": 49118675.1974189, "idc_job_loss": 1554.66175620675, "term_job_loss": 212.150873725022}, "Georgia": {"state_code": "GA", "idc_loss": 327344305.609631, "term_loss": 73062533.2897948, "idc_job_loss": 1413.84880933521, "term_job_loss": 315.567962932518}, "Hawaii": {"state_code": "HI", "idc_loss": 30121349.4703669, "term_loss": 233608.999258393, "idc_job_loss": 130.098594520946, "term_job_loss": 1.00899206062667}, "Idaho": {"state_code": "ID", "idc_loss": 11143584.2061112, "term_loss": 824689.672362121, "idc_job_loss": 48.1307998689482, "term_job_loss": 3.56195752105342}, "Illinois": {"state_code": "IL", "idc_loss": 608232221.358804, "term_loss": 1594010691.73676, "idc_job_loss": 2627.04555182633, "term_job_loss": 6884.76958345877}, "Indiana": {"state_code": "IN", "idc_loss": 203126068.035562, "term_loss": 29468035.6764427, "idc_job_loss": 877.331740664234, "term_job_loss": 127.276834942933}, "Iowa": {"state_code": "IA", "idc_loss": 98145570.5747762, "term_loss": 2482889.30928005, "idc_job_loss": 423.905336737863, "term_job_loss": 10.7239687188053}, "Kansas": {"state_code": "KS", "idc_loss": 52825225.1218775, "term_loss": 2282173.33814024, "idc_job_loss": 228.160014888109, "term_job_loss": 9.85704654558442}, "Kentucky": {"state_code": "KY", "idc_loss": 124799833.540734, "term_loss": 17117680.8005017, "idc_job_loss": 539.029068271679, "term_job_loss": 73.9338128191881}, "Louisiana": {"state_code": "LA", "idc_loss": 79194458.6250983, "term_loss": 14976026.0502895, "idc_job_loss": 342.052661721169, "term_job_loss": 64.6836869831655}, "Maine": {"state_code": "ME", "idc_loss": 72661194.6865749, "term_loss": 9137205.13695579, "idc_job_loss": 313.834521731377, "term_job_loss": 39.4649498468516}, "Maryland": {"state_code": "MD", "idc_loss": 559288998.881896, "term_loss": 48473347.5388147, "idc_job_loss": 2415.65248453244, "term_job_loss": 209.363607454881}, "Massachusetts": {"state_code": "MA", "idc_loss": 1495690903.29766, "term_loss": 3129998887.19066, "idc_job_loss": 6460.11177381756, "term_job_loss": 13518.9313638235}, "Michigan": {"state_code": "MI", "idc_loss": 461243265.167298, "term_loss": 68132295.1557736, "idc_job_loss": 1992.17835806301, "term_job_loss": 294.273530140894}, "Minnesota": {"state_code": "MN", "idc_loss": 325572263.953471, "term_loss": 5347157.95137591, "idc_job_loss": 1406.19509750116, "term_job_loss": 23.0951715772193}, "Mississippi": {"state_code": "MS", "idc_loss": 35274092.8700206, "term_loss": 5809252.83726077, "idc_job_loss": 152.354060693919, "term_job_loss": 25.0910282119986}, "Missouri": {"state_code": "MO", "idc_loss": 341273096.862583, "term_loss": 50304091.0752654, "idc_job_loss": 1474.00933325754, "term_job_loss": 217.270861452742}, "Montana": {"state_code": "MT", "idc_loss": 12756136.4721941, "term_loss": 1360730.28373592, "idc_job_loss": 55.0956532735192, "term_job_loss": 5.87719675741259}, "Nebraska": {"state_code": "NE", "idc_loss": 63708100.9120557, "term_loss": 5893876.66834176, "idc_job_loss": 275.16477627973, "term_job_loss": 25.4565311419868}, "Nevada": {"state_code": "NV", "idc_loss": 14134584.675051, "term_loss": 1489652.38481388, "idc_job_loss": 61.0493763624543, "term_job_loss": 6.43403051313228}, "New Hampshire": {"state_code": "NH", "idc_loss": 90710871.6682563, "term_loss": 67616501.0969682, "idc_job_loss": 391.793764865022, "term_job_loss": 292.045738780522}, "New Jersey": {"state_code": "NJ", "idc_loss": 384593674.31325, "term_loss": 275578984.243779, "idc_job_loss": 1661.11735926787, "term_job_loss": 1190.26667662739}, "New Mexico": {"state_code": "NM", "idc_loss": 50752097.7019167, "term_loss": 736747.439973798, "idc_job_loss": 219.20586879764, "term_job_loss": 3.18212192158896}, "New York": {"state_code": "NY", "idc_loss": 1617341244.64838, "term_loss": 2772528583.84062, "idc_job_loss": 6985.53771624728, "term_job_loss": 11974.9638833967}, "North Carolina": {"state_code": "NC", "idc_loss": 659383323.137767, "term_loss": 88551698.2688462, "idc_job_loss": 2847.97477865887, "term_job_loss": 382.467973373953}, "North Dakota": {"state_code": "ND", "idc_loss": 8131480.45338831, "term_loss": 430416.926714424, "idc_job_loss": 35.121075149741, "term_job_loss": 1.85903481112826}, "Ohio": {"state_code": "OH", "idc_loss": 478612217.453324, "term_loss": 45959689.1689559, "idc_job_loss": 2067.19744985159, "term_job_loss": 198.506742580809}, "Oklahoma": {"state_code": "OK", "idc_loss": 68106437.8331002, "term_loss": 8752653.32533066, "idc_job_loss": 294.161848513178, "term_job_loss": 37.8040132987686}, "Oregon": {"state_code": "OR", "idc_loss": 148586366.004423, "term_loss": 1902878.75464093, "idc_job_loss": 641.766644657403, "term_job_loss": 8.21881674876826}, "Pennsylvania": {"state_code": "PA", "idc_loss": 972665762.628516, "term_loss": 132840633.116535, "idc_job_loss": 4201.08829390614, "term_job_loss": 573.758479205458}, "Rhode Island": {"state_code": "RI", "idc_loss": 107935292.353935, "term_loss": 555270651.033197, "idc_job_loss": 466.188603145718, "term_job_loss": 2398.29664169658}, "South Carolina": {"state_code": "SC", "idc_loss": 104405604.077012, "term_loss": 29102545.748134, "idc_job_loss": 450.943353779437, "term_job_loss": 125.698229507898}, "South Dakota": {"state_code": "SD", "idc_loss": 12562894.116734, "term_loss": 310904.272612546, "idc_job_loss": 54.2610107595106, "term_job_loss": 1.34284185830525}, "Tennessee": {"state_code": "TN", "idc_loss": 362813179.155849, "term_loss": 24053289.1399634, "idc_job_loss": 1567.04415677952, "term_job_loss": 103.889738200267}, "Texas": {"state_code": "TX", "idc_loss": 856532924.966181, "term_loss": 253344462.496531, "idc_job_loss": 3699.49327166244, "term_job_loss": 1094.23246567651}, "Utah": {"state_code": "UT", "idc_loss": 126127873.311304, "term_loss": 5154418.9086599, "idc_job_loss": 544.765069833929, "term_job_loss": 22.262702945914}, "Vermont": {"state_code": "VT", "idc_loss": 26520178.4443701, "term_loss": 3521164.97439613, "idc_job_loss": 114.544600515045, "term_job_loss": 15.2084359532428}, "Virginia": {"state_code": "VA", "idc_loss": 238133935.016441, "term_loss": 110414038.628253, "idc_job_loss": 1028.53593209229, "term_job_loss": 476.894677479476}, "Washington": {"state_code": "WA", "idc_loss": 529029806.19265, "term_loss": 10926983.5755289, "idc_job_loss": 2284.95852461932, "term_job_loss": 47.1952694857951}, "West Virginia": {"state_code": "WV", "idc_loss": 22494474.1446428,