{"STATE_LOSSES": {"Alabama": {"state_code": "AL", "idc_loss": 137155882.470028, "term_loss": 52720236.9355149, "idc_job_loss": 592.39668385991, "term_job_loss": 227.706555274671}, "Alaska": {"state_code": "AK", "idc_loss": 3428494.51879316, "term_loss": 2933116.2544368, "idc_job_loss": 14.8081784535109, "term_job_loss": 12.6685659500142}, "Arizona": {"state_code": "AZ", "idc_loss": 133973289.33053, "term_loss": 44069181.49824, "idc_job_loss": 578.650590087181, "term_job_loss": 190.341358386015}, "Arkansas": {"state_code": "AR", "idc_loss": 46355302.6789298, "term_loss": 10435286.0559062, "idc_job_loss": 200.215456251548, "term_job_loss": 45.0715546669989}, "California": {"state_code": "CA", "idc_loss": 2271507094.07446, "term_loss": 926040989.572617, "idc_job_loss": 9810.9774488748, "term_job_loss": 3999.70895496258}, "Colorado": {"state_code": "CO", "idc_loss": 222803650.787174, "term_loss": 41883186.8449845, "idc_job_loss": 962.322151272262, "term_job_loss": 180.899721904933}, "Connecticut": {"state_code": "CT", "idc_loss": 439477104.233735, "term_loss": 143741391.454757, "idc_job_loss": 1898.1670672223, "term_job_loss": 620.840477985439}, "Delaware": {"state_code": "DE", "idc_loss": 34530894.1354185, "term_loss": 18997286.087849, "idc_job_loss": 149.144074669999, "term_job_loss": 82.0521079964542}, "District of Columbia": {"state_code": "DC", "idc_loss": 31796894.2684636, "term_loss": 12672946.0640795, "idc_job_loss": 137.335522053151, "term_job_loss": 54.7363415108115}, "Florida": {"state_code": "FL", "idc_loss": 359946317.939494, "term_loss": 186675339.533717, "idc_job_loss": 1554.66175620675, "term_job_loss": 806.278594156266}, "Georgia": {"state_code": "GA", "idc_loss": 327344305.609631, "term_loss": 297102595.577976, "idc_job_loss": 1413.84880933521, "term_job_loss": 1283.23035962402}, "Hawaii": {"state_code": "HI", "idc_loss": 30121349.4703669, "term_loss": 84424581.6701538, "idc_job_loss": 130.098594520946, "term_job_loss": 364.64234210726}, "Idaho": {"state_code": "ID", "idc_loss": 11143584.2061112, "term_loss": 1789662.19405903, "idc_job_loss": 48.1307998689482, "term_job_loss": 7.72981756157412}, "Illinois": {"state_code": "IL", "idc_loss": 608232221.358804, "term_loss": 219162199.106776, "idc_job_loss": 2627.04555182633, "term_job_loss": 946.594179120754}, "Indiana": {"state_code": "IN", "idc_loss": 203126068.035562, "term_loss": 21146435.9128825, "idc_job_loss": 877.331740664234, "term_job_loss": 91.3346061769179}, "Iowa": {"state_code": "IA", "idc_loss": 98145570.5747762, "term_loss": 13734924.2587687, "idc_job_loss": 423.905336737863, "term_job_loss": 59.3231835006393}, "Kansas": {"state_code": "KS", "idc_loss": 52825225.1218775, "term_loss": 3926818.4045163, "idc_job_loss": 228.160014888109, "term_job_loss": 16.9605135344002}, "Kentucky": {"state_code": "KY", "idc_loss": 124799833.540734, "term_loss": 26599911.8145934, "idc_job_loss": 539.029068271679, "term_job_loss": 114.888980816222}, "Louisiana": {"state_code": "LA", "idc_loss": 79194458.6250983, "term_loss": 23971085.8786735, "idc_job_loss": 342.052661721169, "term_job_loss": 103.534690071717}, "Maine": {"state_code": "ME", "idc_loss": 72661194.6865749, "term_loss": 63592507.9396419, "idc_job_loss": 313.834521731377, "term_job_loss": 274.6655130159}, "Maryland": {"state_code": "MD", "idc_loss": 559288998.881896, "term_loss": 158190544.307889, "idc_job_loss": 2415.65248453244, "term_job_loss": 683.248521159604}, "Massachusetts": {"state_code": "MA", "idc_loss": 1495690903.29766, "term_loss": 3111123736.10969, "idc_job_loss": 6460.11177381756, "term_job_loss": 13437.4067751121}, "Michigan": {"state_code": "MI", "idc_loss": 461243265.167298, "term_loss": 86525750.0905406, "idc_job_loss": 1992.17835806301, "term_job_loss": 373.717601454888}, "Minnesota": {"state_code": "MN", "idc_loss": 325572263.953471, "term_loss": 113149209.582279, "idc_job_loss": 1406.19509750116, "term_job_loss": 488.708288195802}, "Mississippi": {"state_code": "MS", "idc_loss": 35274092.8700206, "term_loss": 6261212.48840818, "idc_job_loss": 152.354060693919, "term_job_loss": 27.0431092584438}, "Missouri": {"state_code": "MO", "idc_loss": 341273096.862583, "term_loss": 52433652.345739, "idc_job_loss": 1474.00933325754, "term_job_loss": 226.468753748618}, "Montana": {"state_code": "MT", "idc_loss": 12756136.4721941, "term_loss": 2527887.86251984, "idc_job_loss": 55.0956532735192, "term_job_loss": 10.9183241721601}, "Nebraska": {"state_code": "NE", "idc_loss": 63708100.9120557, "term_loss": 5165274.25034276, "idc_job_loss": 275.16477627973, "term_job_loss": 22.3095887833953}, "Nevada": {"state_code": "NV", "idc_loss": 14134584.675051, "term_loss": 16535143.344691, "idc_job_loss": 61.0493763624543, "term_job_loss": 71.4177467866441}, "New Hampshire": {"state_code": "NH", "idc_loss": 90710871.6682563, "term_loss": 69065097.7821548, "idc_job_loss": 391.793764865022, "term_job_loss": 298.302443612286}, "New Jersey": {"state_code": "NJ", "idc_loss": 384593674.31325, "term_loss": 182092764.127606, "idc_job_loss": 1661.11735926787, "term_job_loss": 786.485768466042}, "New Mexico": {"state_code": "NM", "idc_loss": 50752097.7019167, "term_loss": 63591118.9567775, "idc_job_loss": 219.20586879764, "term_job_loss": 274.659513792039}, "New York": {"state_code": "NY", "idc_loss": 1617341244.64838, "term_loss": 1382934666.41152, "idc_job_loss": 6985.53771624728, "term_job_loss": 5973.10079322424}, "North Carolina": {"state_code": "NC", "idc_loss": 659383323.137767, "term_loss": 1184030667.29208, "idc_job_loss": 2847.97477865887, "term_job_loss": 5114.00479702751}, "North Dakota": {"state_code": "ND", "idc_loss": 8131480.45338831, "term_loss": 537169.321713561, "idc_job_loss": 35.121075149741, "term_job_loss": 2.3201143044224}, "Ohio": {"state_code": "OH", "idc_loss": 478612217.453324, "term_loss": 66576574.3798701, "idc_job_loss": 2067.19744985159, "term_job_loss": 287.554140406673}, "Oklahoma": {"state_code": "OK", "idc_loss": 68106437.8331002, "term_loss": 22417181.795881, "idc_job_loss": 294.161848513178, "term_job_loss": 96.8231469056139}, "Oregon": {"state_code": "OR", "idc_loss": 148586366.004423, "term_loss": 14862962.2030322, "idc_job_loss": 641.766644657403, "term_job_loss": 64.1953473875647}, "Pennsylvania": {"state_code": "PA", "idc_loss": 972665762.628516, "term_loss": 387408113.29854, "idc_job_loss": 4201.08829390614, "term_job_loss": 1673.2733404171}, "Rhode Island": {"state_code": "RI", "idc_loss": 107935292.353935, "term_loss": 57086144.2685667, "idc_job_loss": 466.188603145718, "term_job_loss": 246.563559287639}, "South Carolina": {"state_code": "SC", "idc_loss": 104405604.077012, "term_loss": 49029992.7423601, "idc_job_loss": 450.943353779437, "term_job_loss": 211.767840993598}, "South Dakota": {"state_code": "SD", "idc_loss": 12562894.116734, "term_loss": 2767902.27470369, "idc_job_loss": 54.2610107595106, "term_job_loss": 11.9549821652096}, "Tennessee": {"state_code": "TN", "idc_loss": 362813179.155849, "term_loss": 104362308.6894, "idc_job_loss": 1567.04415677952, "term_job_loss": 450.75635455209}, "Texas": {"state_code": "TX", "idc_loss": 856532924.966181, "term_loss": 272327720.813481, "idc_job_loss": 3699.49327166244, "term_job_loss": 1176.2239856412}, "Utah": {"state_code": "UT", "idc_loss": 126127873.311304, "term_loss": 6683990.89632224, "idc_job_loss": 544.765069833929, "term_job_loss": 28.8691521692216}, "Vermont": {"state_code": "VT", "idc_loss": 26520178.4443701, "term_loss": 2861228.86801366, "idc_job_loss": 114.544600515045, "term_job_loss": 12.3580736214207}, "Virginia": {"state_code": "VA", "idc_loss": 238133935.016441, "term_loss": 133749703.272818, "idc_job_loss": 1028.53593209229, "term_job_loss": 577.684888603875}, "Washington": {"state_code": "WA", "idc_loss": 529029806.19265, "term_loss": 244428972.46825, "idc_job_loss": 2284.95852461932, "term_job_loss": 1055.72513640542}, "West Virginia": {"state_code": "WV", "idc_loss": 22494474.1446428, "term_loss": 3342874.2299432,