{"STATE_LOSSES": {"Alabama": {"state_code": "AL", "idc_loss": 137155882.470028, "term_loss": 53570189.3431755, "idc_job_loss": 592.39668385991, "term_job_loss": 231.377626312013}, "Alaska": {"state_code": "AK", "idc_loss": 3428494.51879316, "term_loss": 2932929.13384899, "idc_job_loss": 14.8081784535109, "term_job_loss": 12.6677577483265}, "Arizona": {"state_code": "AZ", "idc_loss": 133973289.33053, "term_loss": 44083526.8539351, "idc_job_loss": 578.650590087181, "term_job_loss": 190.403318113805}, "Arkansas": {"state_code": "AR", "idc_loss": 46355302.6789298, "term_loss": 11132094.9079302, "idc_job_loss": 200.215456251548, "term_job_loss": 48.0811758789324}, "California": {"state_code": "CA", "idc_loss": 2271507094.07446, "term_loss": 932923541.440937, "idc_job_loss": 9810.9774488748, "term_job_loss": 4029.43572154277}, "Colorado": {"state_code": "CO", "idc_loss": 222803650.787174, "term_loss": 41887463.2709634, "idc_job_loss": 962.322151272262, "term_job_loss": 180.91819242565}, "Connecticut": {"state_code": "CT", "idc_loss": 439477104.233735, "term_loss": 143592076.627126, "idc_job_loss": 1898.1670672223, "term_job_loss": 620.195565006525}, "Delaware": {"state_code": "DE", "idc_loss": 34530894.1354185, "term_loss": 19001770.4529334, "idc_job_loss": 149.144074669999, "term_job_loss": 82.0714766371378}, "District of Columbia": {"state_code": "DC", "idc_loss": 31796894.2684636, "term_loss": 13054245.9641181, "idc_job_loss": 137.335522053151, "term_job_loss": 56.3832325684249}, "Florida": {"state_code": "FL", "idc_loss": 359946317.939494, "term_loss": 186753350.674852, "idc_job_loss": 1554.66175620675, "term_job_loss": 806.615535893508}, "Georgia": {"state_code": "GA", "idc_loss": 327344305.609631, "term_loss": 297182217.763635, "idc_job_loss": 1413.84880933521, "term_job_loss": 1283.57425970251}, "Hawaii": {"state_code": "HI", "idc_loss": 30121349.4703669, "term_loss": 84424813.8704476, "idc_job_loss": 130.098594520946, "term_job_loss": 364.643345014912}, "Idaho": {"state_code": "ID", "idc_loss": 11143584.2061112, "term_loss": 1791885.97296983, "idc_job_loss": 48.1307998689482, "term_job_loss": 7.73942239389097}, "Illinois": {"state_code": "IL", "idc_loss": 608232221.358804, "term_loss": 216746000.524858, "idc_job_loss": 2627.04555182633, "term_job_loss": 936.15825758609}, "Indiana": {"state_code": "IN", "idc_loss": 203126068.035562, "term_loss": 21114684.7728824, "idc_job_loss": 877.331740664234, "term_job_loss": 91.1974682743644}, "Iowa": {"state_code": "IA", "idc_loss": 98145570.5747762, "term_loss": 13832602.8845564, "idc_job_loss": 423.905336737863, "term_job_loss": 59.7450720332966}, "Kansas": {"state_code": "KS", "idc_loss": 52825225.1218775, "term_loss": 3931867.32880414, "idc_job_loss": 228.160014888109, "term_job_loss": 16.9823205903668}, "Kentucky": {"state_code": "KY", "idc_loss": 124799833.540734, "term_loss": 26609704.9167349, "idc_job_loss": 539.029068271679, "term_job_loss": 114.931278682919}, "Louisiana": {"state_code": "LA", "idc_loss": 79194458.6250983, "term_loss": 25085402.9924271, "idc_job_loss": 342.052661721169, "term_job_loss": 108.347591648142}, "Maine": {"state_code": "ME", "idc_loss": 72661194.6865749, "term_loss": 63544427.3825415, "idc_job_loss": 313.834521731377, "term_job_loss": 274.457845928849}, "Maryland": {"state_code": "MD", "idc_loss": 559288998.881896, "term_loss": 158722493.402301, "idc_job_loss": 2415.65248453244, "term_job_loss": 685.54608852483}, "Massachusetts": {"state_code": "MA", "idc_loss": 1495690903.29766, "term_loss": 3088113734.86565, "idc_job_loss": 6460.11177381756, "term_job_loss": 13338.0231527176}, "Michigan": {"state_code": "MI", "idc_loss": 461243265.167298, "term_loss": 86594933.9740111, "idc_job_loss": 1992.17835806301, "term_job_loss": 374.01641695158}, "Minnesota": {"state_code": "MN", "idc_loss": 325572263.953471, "term_loss": 115362405.506898, "idc_job_loss": 1406.19509750116, "term_job_loss": 498.267411019157}, "Mississippi": {"state_code": "MS", "idc_loss": 35274092.8700206, "term_loss": 6287899.17133877, "idc_job_loss": 152.354060693919, "term_job_loss": 27.1583730166334}, "Missouri": {"state_code": "MO", "idc_loss": 341273096.862583, "term_loss": 52452223.0880714, "idc_job_loss": 1474.00933325754, "term_job_loss": 226.548963550606}, "Montana": {"state_code": "MT", "idc_loss": 12756136.4721941, "term_loss": 2843164.79337047, "idc_job_loss": 55.0956532735192, "term_job_loss": 12.2800521926427}, "Nebraska": {"state_code": "NE", "idc_loss": 63708100.9120557, "term_loss": 6345952.66605132, "idc_job_loss": 275.16477627973, "term_job_loss": 27.4091147065621}, "Nevada": {"state_code": "NV", "idc_loss": 14134584.675051, "term_loss": 16544910.1743444, "idc_job_loss": 61.0493763624543, "term_job_loss": 71.4599311785512}, "New Hampshire": {"state_code": "NH", "idc_loss": 90710871.6682563, "term_loss": 68657342.4745869, "idc_job_loss": 391.793764865022, "term_job_loss": 296.541287709386}, "New Jersey": {"state_code": "NJ", "idc_loss": 384593674.31325, "term_loss": 182114924.612993, "idc_job_loss": 1661.11735926787, "term_job_loss": 786.581482902928}, "New Mexico": {"state_code": "NM", "idc_loss": 50752097.7019167, "term_loss": 63643904.7783854, "idc_job_loss": 219.20586879764, "term_job_loss": 274.887503617282}, "New York": {"state_code": "NY", "idc_loss": 1617341244.64838, "term_loss": 1384203883.53342, "idc_job_loss": 6985.53771624728, "term_job_loss": 5978.58273100606}, "North Carolina": {"state_code": "NC", "idc_loss": 659383323.137767, "term_loss": 1184561105.34457, "idc_job_loss": 2847.97477865887, "term_job_loss": 5116.29583797761}, "North Dakota": {"state_code": "ND", "idc_loss": 8131480.45338831, "term_loss": 539519.549805564, "idc_job_loss": 35.121075149741, "term_job_loss": 2.33026528958573}, "Ohio": {"state_code": "OH", "idc_loss": 478612217.453324, "term_loss": 67722449.8068333, "idc_job_loss": 2067.19744985159, "term_job_loss": 292.503347038024}, "Oklahoma": {"state_code": "OK", "idc_loss": 68106437.8331002, "term_loss": 22468890.2213, "idc_job_loss": 294.161848513178, "term_job_loss": 97.0464832962534}, "Oregon": {"state_code": "OR", "idc_loss": 148586366.004423, "term_loss": 14860600.8246397, "idc_job_loss": 641.766644657403, "term_job_loss": 64.1851482425929}, "Pennsylvania": {"state_code": "PA", "idc_loss": 972665762.628516, "term_loss": 410326650.430682, "idc_job_loss": 4201.08829390614, "term_job_loss": 1772.26191568997}, "Rhode Island": {"state_code": "RI", "idc_loss": 107935292.353935, "term_loss": 56683891.940827, "idc_job_loss": 466.188603145718, "term_job_loss": 244.82617157421}, "South Carolina": {"state_code": "SC", "idc_loss": 104405604.077012, "term_loss": 49046680.8321894, "idc_job_loss": 450.943353779437, "term_job_loss": 211.839919339031}, "South Dakota": {"state_code": "SD", "idc_loss": 12562894.116734, "term_loss": 2953679.09223153, "idc_job_loss": 54.2610107595106, "term_job_loss": 12.757379909}, "Tennessee": {"state_code": "TN", "idc_loss": 362813179.155849, "term_loss": 105726932.414417, "idc_job_loss": 1567.04415677952, "term_job_loss": 456.650367662271}, "Texas": {"state_code": "TX", "idc_loss": 856532924.966181, "term_loss": 274657836.112388, "idc_job_loss": 3699.49327166244, "term_job_loss": 1186.28810065563}, "Utah": {"state_code": "UT", "idc_loss": 126127873.311304, "term_loss": 6685764.53728332, "idc_job_loss": 544.765069833929, "term_job_loss": 28.8768127886918}, "Vermont": {"state_code": "VT", "idc_loss": 26520178.4443701, "term_loss": 2838026.35053303, "idc_job_loss": 114.544600515045, "term_job_loss": 12.2578584927278}, "Virginia": {"state_code": "VA", "idc_loss": 238133935.016441, "term_loss": 134149483.187952, "idc_job_loss": 1028.53593209229, "term_job_loss": 579.411597599027}, "Washington": {"state_code": "WA", "idc_loss": 529029806.19265, "term_loss": 243421589.169835, "idc_job_loss": 2284.95852461932, "term_job_loss": 1051.37409790375}, "West Virginia": {"state_code": "WV", "idc_loss": 22494474.1446428, "term_loss": 3499495.03280693,