{"STATE_LOSSES": {"Alabama": {"state_code": "AL", "idc_loss": 137155882.470028, "term_loss": 50896332.9887394, "idc_job_loss": 592.39668385991, "term_job_loss": 219.828842483278}, "Alaska": {"state_code": "AK", "idc_loss": 3428494.51879316, "term_loss": 2817636.35463142, "idc_job_loss": 14.8081784535109, "term_job_loss": 12.1697910636208}, "Arizona": {"state_code": "AZ", "idc_loss": 133973289.33053, "term_loss": 29090820.560323, "idc_job_loss": 578.650590087181, "term_job_loss": 125.647586675437}, "Arkansas": {"state_code": "AR", "idc_loss": 46355302.6789298, "term_loss": 7297682.97257705, "idc_job_loss": 200.215456251548, "term_job_loss": 31.5197796475136}, "California": {"state_code": "CA", "idc_loss": 2271507094.07446, "term_loss": 521830595.666596, "idc_job_loss": 9810.9774488748, "term_job_loss": 2253.86406213445}, "Colorado": {"state_code": "CO", "idc_loss": 222803650.787174, "term_loss": 29370580.9522856, "idc_job_loss": 962.322151272262, "term_job_loss": 126.855913474765}, "Connecticut": {"state_code": "CT", "idc_loss": 439477104.233735, "term_loss": 72122384.2679731, "idc_job_loss": 1898.1670672223, "term_job_loss": 311.507319285075}, "Delaware": {"state_code": "DE", "idc_loss": 34530894.1354185, "term_loss": 5122431.35931319, "idc_job_loss": 149.144074669999, "term_job_loss": 22.1245439561825}, "District of Columbia": {"state_code": "DC", "idc_loss": 31796894.2684636, "term_loss": 12696057.9399638, "idc_job_loss": 137.335522053151, "term_job_loss": 54.8361651449502}, "Florida": {"state_code": "FL", "idc_loss": 359946317.939494, "term_loss": 129125239.861653, "idc_job_loss": 1554.66175620675, "term_job_loss": 557.711142381181}, "Georgia": {"state_code": "GA", "idc_loss": 327344305.609631, "term_loss": 122365603.351078, "idc_job_loss": 1413.84880933521, "term_job_loss": 528.515265537636}, "Hawaii": {"state_code": "HI", "idc_loss": 30121349.4703669, "term_loss": 28041320.7207621, "idc_job_loss": 130.098594520946, "term_job_loss": 121.114640559887}, "Idaho": {"state_code": "ID", "idc_loss": 11143584.2061112, "term_loss": 1838601.10011572, "idc_job_loss": 48.1307998689482, "term_job_loss": 7.9411919856062}, "Illinois": {"state_code": "IL", "idc_loss": 608232221.358804, "term_loss": 158143967.285978, "idc_job_loss": 2627.04555182633, "term_job_loss": 683.04734806497}, "Indiana": {"state_code": "IN", "idc_loss": 203126068.035562, "term_loss": 16018357.4828537, "idc_job_loss": 877.331740664234, "term_job_loss": 69.1856716812618}, "Iowa": {"state_code": "IA", "idc_loss": 98145570.5747762, "term_loss": 1877180.75115316, "idc_job_loss": 423.905336737863, "term_job_loss": 8.10782324434237}, "Kansas": {"state_code": "KS", "idc_loss": 52825225.1218775, "term_loss": 1667597.49003782, "idc_job_loss": 228.160014888109, "term_job_loss": 7.20260192505699}, "Kentucky": {"state_code": "KY", "idc_loss": 124799833.540734, "term_loss": 13863550.3567232, "idc_job_loss": 539.029068271679, "term_job_loss": 59.8787387747834}, "Louisiana": {"state_code": "LA", "idc_loss": 79194458.6250983, "term_loss": 17160315.1348303, "idc_job_loss": 342.052661721169, "term_job_loss": 74.1179568589478}, "Maine": {"state_code": "ME", "idc_loss": 72661194.6865749, "term_loss": 22507415.8084281, "idc_job_loss": 313.834521731377, "term_job_loss": 97.2128810449129}, "Maryland": {"state_code": "MD", "idc_loss": 559288998.881896, "term_loss": 141998480.607009, "idc_job_loss": 2415.65248453244, "term_job_loss": 613.312586451551}, "Massachusetts": {"state_code": "MA", "idc_loss": 1495690903.29766, "term_loss": 3073350278.9367, "idc_job_loss": 6460.11177381756, "term_job_loss": 13274.2575877479}, "Michigan": {"state_code": "MI", "idc_loss": 461243265.167298, "term_loss": 75112347.8921014, "idc_job_loss": 1992.17835806301, "term_job_loss": 324.421417491417}, "Minnesota": {"state_code": "MN", "idc_loss": 325572263.953471, "term_loss": 42468632.2343882, "idc_job_loss": 1406.19509750116, "term_job_loss": 183.428347735762}, "Mississippi": {"state_code": "MS", "idc_loss": 35274092.8700206, "term_loss": 6260160.53097884, "idc_job_loss": 152.354060693919, "term_job_loss": 27.038565697632}, "Missouri": {"state_code": "MO", "idc_loss": 341273096.862583, "term_loss": 39677395.6485903, "idc_job_loss": 1474.00933325754, "term_job_loss": 171.372581205613}, "Montana": {"state_code": "MT", "idc_loss": 12756136.4721941, "term_loss": 2748955.25280672, "idc_job_loss": 55.0956532735192, "term_job_loss": 11.8731471557397}, "Nebraska": {"state_code": "NE", "idc_loss": 63708100.9120557, "term_loss": 6225957.89883441, "idc_job_loss": 275.16477627973, "term_job_loss": 26.8908394353912}, "Nevada": {"state_code": "NV", "idc_loss": 14134584.675051, "term_loss": 15677831.0436257, "idc_job_loss": 61.0493763624543, "term_job_loss": 67.7148872735322}, "New Hampshire": {"state_code": "NH", "idc_loss": 90710871.6682563, "term_loss": 67287212.1763797, "idc_job_loss": 391.793764865022, "term_job_loss": 290.62349088947}, "New Jersey": {"state_code": "NJ", "idc_loss": 384593674.31325, "term_loss": 151476339.346306, "idc_job_loss": 1661.11735926787, "term_job_loss": 654.248869942555}, "New Mexico": {"state_code": "NM", "idc_loss": 50752097.7019167, "term_loss": 63559239.6382463, "idc_job_loss": 219.20586879764, "term_job_loss": 274.521822267319}, "New York": {"state_code": "NY", "idc_loss": 1617341244.64838, "term_loss": 1171410632.40941, "idc_job_loss": 6985.53771624728, "term_job_loss": 5059.49698678956}, "North Carolina": {"state_code": "NC", "idc_loss": 659383323.137767, "term_loss": 1170364988.88461, "idc_job_loss": 2847.97477865887, "term_job_loss": 5054.98069667184}, "North Dakota": {"state_code": "ND", "idc_loss": 8131480.45338831, "term_loss": 507586.732409936, "idc_job_loss": 35.121075149741, "term_job_loss": 2.19234269530249}, "Ohio": {"state_code": "OH", "idc_loss": 478612217.453324, "term_loss": 53111950.8097634, "idc_job_loss": 2067.19744985159, "term_job_loss": 229.398425837914}, "Oklahoma": {"state_code": "OK", "idc_loss": 68106437.8331002, "term_loss": 16869258.0232849, "idc_job_loss": 294.161848513178, "term_job_loss": 72.8608378452519}, "Oregon": {"state_code": "OR", "idc_loss": 148586366.004423, "term_loss": 9180142.47247367, "idc_job_loss": 641.766644657403, "term_job_loss": 39.6504025938756}, "Pennsylvania": {"state_code": "PA", "idc_loss": 972665762.628516, "term_loss": 131430738.546804, "idc_job_loss": 4201.08829390614, "term_job_loss": 567.668934574495}, "Rhode Island": {"state_code": "RI", "idc_loss": 107935292.353935, "term_loss": 55002742.0881036, "idc_job_loss": 466.188603145718, "term_job_loss": 237.565034976277}, "South Carolina": {"state_code": "SC", "idc_loss": 104405604.077012, "term_loss": 49194340.4405494, "idc_job_loss": 450.943353779437, "term_job_loss": 212.477683179394}, "South Dakota": {"state_code": "SD", "idc_loss": 12562894.116734, "term_loss": 2734857.2695471, "idc_job_loss": 54.2610107595106, "term_job_loss": 11.8122558663418}, "Tennessee": {"state_code": "TN", "idc_loss": 362813179.155849, "term_loss": 97158176.5503116, "idc_job_loss": 1567.04415677952, "term_job_loss": 419.640634887516}, "Texas": {"state_code": "TX", "idc_loss": 856532924.966181, "term_loss": 247119962.690507, "idc_job_loss": 3699.49327166244, "term_job_loss": 1067.34792396113}, "Utah": {"state_code": "UT", "idc_loss": 126127873.311304, "term_loss": 5370394.28971677, "idc_job_loss": 544.765069833929, "term_job_loss": 23.1955327832448}, "Vermont": {"state_code": "VT", "idc_loss": 26520178.4443701, "term_loss": 3157788.8735259, "idc_job_loss": 114.544600515045, "term_job_loss": 13.6389604537395}, "Virginia": {"state_code": "VA", "idc_loss": 238133935.016441, "term_loss": 125039072.171585, "idc_job_loss": 1028.53593209229, "term_job_loss": 540.062375549612}, "Washington": {"state_code": "WA", "idc_loss": 529029806.19265, "term_loss": 51303588.4619573, "idc_job_loss": 2284.95852461932, "term_job_loss": 221.587839527177}, "West Virginia": {"state_code": "WV", "idc_loss": 22494474.1446428, "term_loss": 1864571.35120505,