{"STATE_LOSSES": {"Alabama": {"state_code": "AL", "idc_loss": 137155882.470028, "term_loss": 36192279.0289876, "idc_job_loss": 592.39668385991, "term_job_loss": 156.319843465627}, "Alaska": {"state_code": "AK", "idc_loss": 3428494.51879316, "term_loss": 852325.572126811, "idc_job_loss": 14.8081784535109, "term_job_loss": 3.68132108812218}, "Arizona": {"state_code": "AZ", "idc_loss": 133973289.33053, "term_loss": 25060375.432591, "idc_job_loss": 578.650590087181, "term_job_loss": 108.239493889702}, "Arkansas": {"state_code": "AR", "idc_loss": 46355302.6789298, "term_loss": 8300906.62025006, "idc_job_loss": 200.215456251548, "term_job_loss": 35.8528519981013}, "California": {"state_code": "CA", "idc_loss": 2271507094.07446, "term_loss": 91856377.575082, "idc_job_loss": 9810.9774488748, "term_job_loss": 396.741375483865}, "Colorado": {"state_code": "CO", "idc_loss": 222803650.787174, "term_loss": 22037328.5527362, "idc_job_loss": 962.322151272262, "term_job_loss": 95.1825041745838}, "Connecticut": {"state_code": "CT", "idc_loss": 439477104.233735, "term_loss": 56517652.2225735, "idc_job_loss": 1898.1670672223, "term_job_loss": 244.108157471966}, "Delaware": {"state_code": "DE", "idc_loss": 34530894.1354185, "term_loss": 16987516.8977924, "idc_job_loss": 149.144074669999, "term_job_loss": 73.3716155372735}, "District of Columbia": {"state_code": "DC", "idc_loss": 31796894.2684636, "term_loss": 8277569.09211206, "idc_job_loss": 137.335522053151, "term_job_loss": 35.7520537382712}, "Florida": {"state_code": "FL", "idc_loss": 359946317.939494, "term_loss": 93500571.7279006, "idc_job_loss": 1554.66175620675, "term_job_loss": 403.842894909869}, "Georgia": {"state_code": "GA", "idc_loss": 327344305.609631, "term_loss": 70422086.3413829, "idc_job_loss": 1413.84880933521, "term_job_loss": 304.163479304271}, "Hawaii": {"state_code": "HI", "idc_loss": 30121349.4703669, "term_loss": 6774687.66077206, "idc_job_loss": 130.098594520946, "term_job_loss": 29.2608850029091}, "Idaho": {"state_code": "ID", "idc_loss": 11143584.2061112, "term_loss": 1714863.30072209, "idc_job_loss": 48.1307998689482, "term_job_loss": 7.40675000099115}, "Illinois": {"state_code": "IL", "idc_loss": 608232221.358804, "term_loss": 716193966.783749, "idc_job_loss": 2627.04555182633, "term_job_loss": 3093.34840972555}, "Indiana": {"state_code": "IN", "idc_loss": 203126068.035562, "term_loss": 16228979.1618543, "idc_job_loss": 877.331740664234, "term_job_loss": 70.0953780820517}, "Iowa": {"state_code": "IA", "idc_loss": 98145570.5747762, "term_loss": 1633940.16105871, "idc_job_loss": 423.905336737863, "term_job_loss": 7.0572309084025}, "Kansas": {"state_code": "KS", "idc_loss": 52825225.1218775, "term_loss": 2051237.72301294, "idc_job_loss": 228.160014888109, "term_job_loss": 8.85960122918357}, "Kentucky": {"state_code": "KY", "idc_loss": 124799833.540734, "term_loss": 16357769.8511315, "idc_job_loss": 539.029068271679, "term_job_loss": 70.651644250632}, "Louisiana": {"state_code": "LA", "idc_loss": 79194458.6250983, "term_loss": 15595010.0308678, "idc_job_loss": 342.052661721169, "term_job_loss": 67.3571709843865}, "Maine": {"state_code": "ME", "idc_loss": 72661194.6865749, "term_loss": 7241844.11771271, "idc_job_loss": 313.834521731377, "term_job_loss": 31.2786033169294}, "Maryland": {"state_code": "MD", "idc_loss": 559288998.881896, "term_loss": 50764980.0871039, "idc_job_loss": 2415.65248453244, "term_job_loss": 219.261509737917}, "Massachusetts": {"state_code": "MA", "idc_loss": 1495690903.29766, "term_loss": 2098529738.94787, "idc_job_loss": 6460.11177381756, "term_job_loss": 9063.86248949826}, "Michigan": {"state_code": "MI", "idc_loss": 461243265.167298, "term_loss": 51847582.003936, "idc_job_loss": 1992.17835806301, "term_job_loss": 223.937428655298}, "Minnesota": {"state_code": "MN", "idc_loss": 325572263.953471, "term_loss": 23752846.2502249, "idc_job_loss": 1406.19509750116, "term_job_loss": 102.592080612674}, "Mississippi": {"state_code": "MS", "idc_loss": 35274092.8700206, "term_loss": 5027836.68369876, "idc_job_loss": 152.354060693919, "term_job_loss": 21.7159754636351}, "Missouri": {"state_code": "MO", "idc_loss": 341273096.862583, "term_loss": 40537371.3122588, "idc_job_loss": 1474.00933325754, "term_job_loss": 175.08694417848}, "Montana": {"state_code": "MT", "idc_loss": 12756136.4721941, "term_loss": 2567918.91727561, "idc_job_loss": 55.0956532735192, "term_job_loss": 11.0912242597223}, "Nebraska": {"state_code": "NE", "idc_loss": 63708100.9120557, "term_loss": 6043578.09310022, "idc_job_loss": 275.16477627973, "term_job_loss": 26.1031138914754}, "Nevada": {"state_code": "NV", "idc_loss": 14134584.675051, "term_loss": 2520730.67136464, "idc_job_loss": 61.0493763624543, "term_job_loss": 10.8874111975962}, "New Hampshire": {"state_code": "NH", "idc_loss": 90710871.6682563, "term_loss": 45585253.5135525, "idc_job_loss": 391.793764865022, "term_job_loss": 196.88949921811}, "New Jersey": {"state_code": "NJ", "idc_loss": 384593674.31325, "term_loss": 174672199.867354, "idc_job_loss": 1661.11735926787, "term_job_loss": 754.435246235594}, "New Mexico": {"state_code": "NM", "idc_loss": 50752097.7019167, "term_loss": 742158.737414847, "idc_job_loss": 219.20586879764, "term_job_loss": 3.20549412117476}, "New York": {"state_code": "NY", "idc_loss": 1617341244.64838, "term_loss": 1637958001.09299, "idc_job_loss": 6985.53771624728, "term_job_loss": 7074.58455791227}, "North Carolina": {"state_code": "NC", "idc_loss": 659383323.137767, "term_loss": 61018901.8866462, "idc_job_loss": 2847.97477865887, "term_job_loss": 263.549725169982}, "North Dakota": {"state_code": "ND", "idc_loss": 8131480.45338831, "term_loss": 431996.531823914, "idc_job_loss": 35.121075149741, "term_job_loss": 1.86585736085648}, "Ohio": {"state_code": "OH", "idc_loss": 478612217.453324, "term_loss": 44183250.8064658, "idc_job_loss": 2067.19744985159, "term_job_loss": 190.834040717288}, "Oklahoma": {"state_code": "OK", "idc_loss": 68106437.8331002, "term_loss": 12194750.9831231, "idc_job_loss": 294.161848513178, "term_job_loss": 52.6709457356166}, "Oregon": {"state_code": "OR", "idc_loss": 148586366.004423, "term_loss": 3676497.0128932, "idc_job_loss": 641.766644657403, "term_job_loss": 15.8793381620706}, "Pennsylvania": {"state_code": "PA", "idc_loss": 972665762.628516, "term_loss": 125447974.119439, "idc_job_loss": 4201.08829390614, "term_job_loss": 541.828483962685}, "Rhode Island": {"state_code": "RI", "idc_loss": 107935292.353935, "term_loss": 199185083.88878, "idc_job_loss": 466.188603145718, "term_job_loss": 860.310043179198}, "South Carolina": {"state_code": "SC", "idc_loss": 104405604.077012, "term_loss": 24931245.5747943, "idc_job_loss": 450.943353779437, "term_job_loss": 107.681762801771}, "South Dakota": {"state_code": "SD", "idc_loss": 12562894.116734, "term_loss": 2736348.93297605, "idc_job_loss": 54.2610107595106, "term_job_loss": 11.818698582854}, "Tennessee": {"state_code": "TN", "idc_loss": 362813179.155849, "term_loss": 89194358.6723987, "idc_job_loss": 1567.04415677952, "term_job_loss": 385.243719372275}, "Texas": {"state_code": "TX", "idc_loss": 856532924.966181, "term_loss": 232581352.399373, "idc_job_loss": 3699.49327166244, "term_job_loss": 1004.55350078878}, "Utah": {"state_code": "UT", "idc_loss": 126127873.311304, "term_loss": 4903571.53647879, "idc_job_loss": 544.765069833929, "term_job_loss": 21.1792557852169}, "Vermont": {"state_code": "VT", "idc_loss": 26520178.4443701, "term_loss": 2496577.03411663, "idc_job_loss": 114.544600515045, "term_job_loss": 10.7830880409718}, "Virginia": {"state_code": "VA", "idc_loss": 238133935.016441, "term_loss": 53458563.4359365, "idc_job_loss": 1028.53593209229, "term_job_loss": 230.895497393513}, "Washington": {"state_code": "WA", "idc_loss": 529029806.19265, "term_loss": 23735927.2386248, "idc_job_loss": 2284.95852461932, "term_job_loss": 102.51900488172}, "West Virginia": {"state_code": "WV", "idc_loss": 22494474.1446428, "term_loss": 1159505.76966552,