{"STATE_LOSSES": {"Alabama": {"state_code": "AL", "idc_loss": 137155882.470028, "term_loss": 36147541.7617425, "idc_job_loss": 592.39668385991, "term_job_loss": 156.126616545398}, "Alaska": {"state_code": "AK", "idc_loss": 3428494.51879316, "term_loss": 845260.223692459, "idc_job_loss": 14.8081784535109, "term_job_loss": 3.65080479594828}, "Arizona": {"state_code": "AZ", "idc_loss": 133973289.33053, "term_loss": 24999102.6548036, "idc_job_loss": 578.650590087181, "term_job_loss": 107.974847636705}, "Arkansas": {"state_code": "AR", "idc_loss": 46355302.6789298, "term_loss": 8291429.00351282, "idc_job_loss": 200.215456251548, "term_job_loss": 35.8119167598532}, "California": {"state_code": "CA", "idc_loss": 2271507094.07446, "term_loss": 91104971.2810739, "idc_job_loss": 9810.9774488748, "term_job_loss": 393.495939788468}, "Colorado": {"state_code": "CO", "idc_loss": 222803650.787174, "term_loss": 21969027.699661, "idc_job_loss": 962.322151272262, "term_job_loss": 94.8875026176847}, "Connecticut": {"state_code": "CT", "idc_loss": 439477104.233735, "term_loss": 50134375.4689471, "idc_job_loss": 1898.1670672223, "term_job_loss": 216.537834472261}, "Delaware": {"state_code": "DE", "idc_loss": 34530894.1354185, "term_loss": 16951616.1491632, "idc_job_loss": 149.144074669999, "term_job_loss": 73.2165548570241}, "District of Columbia": {"state_code": "DC", "idc_loss": 31796894.2684636, "term_loss": 8145642.82998113, "idc_job_loss": 137.335522053151, "term_job_loss": 35.1822445635355}, "Florida": {"state_code": "FL", "idc_loss": 359946317.939494, "term_loss": 92786896.9897379, "idc_job_loss": 1554.66175620675, "term_job_loss": 400.760427423761}, "Georgia": {"state_code": "GA", "idc_loss": 327344305.609631, "term_loss": 70259553.5088755, "idc_job_loss": 1413.84880933521, "term_job_loss": 303.461475793654}, "Hawaii": {"state_code": "HI", "idc_loss": 30121349.4703669, "term_loss": 6739375.82785893, "idc_job_loss": 130.098594520946, "term_job_loss": 29.1083679373482}, "Idaho": {"state_code": "ID", "idc_loss": 11143584.2061112, "term_loss": 1703070.3258631, "idc_job_loss": 48.1307998689482, "term_job_loss": 7.35581438617465}, "Illinois": {"state_code": "IL", "idc_loss": 608232221.358804, "term_loss": 715960720.829863, "idc_job_loss": 2627.04555182633, "term_job_loss": 3092.34098571196}, "Indiana": {"state_code": "IN", "idc_loss": 203126068.035562, "term_loss": 16174712.0954667, "idc_job_loss": 877.331740664234, "term_job_loss": 69.8609905399946}, "Iowa": {"state_code": "IA", "idc_loss": 98145570.5747762, "term_loss": 1600988.41404324, "idc_job_loss": 423.905336737863, "term_job_loss": 6.91490740533571}, "Kansas": {"state_code": "KS", "idc_loss": 52825225.1218775, "term_loss": 2008830.7231482, "idc_job_loss": 228.160014888109, "term_job_loss": 8.67643908083158}, "Kentucky": {"state_code": "KY", "idc_loss": 124799833.540734, "term_loss": 16315385.2151547, "idc_job_loss": 539.029068271679, "term_job_loss": 70.4685786952428}, "Louisiana": {"state_code": "LA", "idc_loss": 79194458.6250983, "term_loss": 15517253.9249434, "idc_job_loss": 342.052661721169, "term_job_loss": 67.0213307822021}, "Maine": {"state_code": "ME", "idc_loss": 72661194.6865749, "term_loss": 4467912.94123032, "idc_job_loss": 313.834521731377, "term_job_loss": 19.297581427016}, "Maryland": {"state_code": "MD", "idc_loss": 559288998.881896, "term_loss": 50033629.2801134, "idc_job_loss": 2415.65248453244, "term_job_loss": 216.102696677937}, "Massachusetts": {"state_code": "MA", "idc_loss": 1495690903.29766, "term_loss": 1007743099.00808, "idc_job_loss": 6460.11177381756, "term_job_loss": 4352.59253401361}, "Michigan": {"state_code": "MI", "idc_loss": 461243265.167298, "term_loss": 51738995.6887556, "idc_job_loss": 1992.17835806301, "term_job_loss": 223.468428187604}, "Minnesota": {"state_code": "MN", "idc_loss": 325572263.953471, "term_loss": 23693970.8314818, "idc_job_loss": 1406.19509750116, "term_job_loss": 102.337788910442}, "Mississippi": {"state_code": "MS", "idc_loss": 35274092.8700206, "term_loss": 5018388.8854788, "idc_job_loss": 152.354060693919, "term_job_loss": 21.6751690160042}, "Missouri": {"state_code": "MO", "idc_loss": 341273096.862583, "term_loss": 40480751.6146029, "idc_job_loss": 1474.00933325754, "term_job_loss": 174.842395271583}, "Montana": {"state_code": "MT", "idc_loss": 12756136.4721941, "term_loss": 2563183.83622165, "idc_job_loss": 55.0956532735192, "term_job_loss": 11.0707727394254}, "Nebraska": {"state_code": "NE", "idc_loss": 63708100.9120557, "term_loss": 6043555.72921227, "idc_job_loss": 275.16477627973, "term_job_loss": 26.1030172985126}, "Nevada": {"state_code": "NV", "idc_loss": 14134584.675051, "term_loss": 2501820.16566607, "idc_job_loss": 61.0493763624543, "term_job_loss": 10.8057339070258}, "New Hampshire": {"state_code": "NH", "idc_loss": 90710871.6682563, "term_loss": 23314686.8301997, "idc_job_loss": 391.793764865022, "term_job_loss": 100.699604819799}, "New Jersey": {"state_code": "NJ", "idc_loss": 384593674.31325, "term_loss": 172071086.42463, "idc_job_loss": 1661.11735926787, "term_job_loss": 743.200649876593}, "New Mexico": {"state_code": "NM", "idc_loss": 50752097.7019167, "term_loss": 709177.171882114, "idc_job_loss": 219.20586879764, "term_job_loss": 3.06304182749083}, "New York": {"state_code": "NY", "idc_loss": 1617341244.64838, "term_loss": 1627741551.39835, "idc_job_loss": 6985.53771624728, "term_job_loss": 7030.45819008225}, "North Carolina": {"state_code": "NC", "idc_loss": 659383323.137767, "term_loss": 60801833.6210958, "idc_job_loss": 2847.97477865887, "term_job_loss": 262.612175001754}, "North Dakota": {"state_code": "ND", "idc_loss": 8131480.45338831, "term_loss": 424938.638018879, "idc_job_loss": 35.121075149741, "term_job_loss": 1.83537326633686}, "Ohio": {"state_code": "OH", "idc_loss": 478612217.453324, "term_loss": 44046097.457746, "idc_job_loss": 2067.19744985159, "term_job_loss": 190.241654977073}, "Oklahoma": {"state_code": "OK", "idc_loss": 68106437.8331002, "term_loss": 12161799.2361076, "idc_job_loss": 294.161848513178, "term_job_loss": 52.5286222325498}, "Oregon": {"state_code": "OR", "idc_loss": 148586366.004423, "term_loss": 3652888.69928726, "idc_job_loss": 641.766644657403, "term_job_loss": 15.7773703394748}, "Pennsylvania": {"state_code": "PA", "idc_loss": 972665762.628516, "term_loss": 124206008.199912, "idc_job_loss": 4201.08829390614, "term_job_loss": 536.464248182599}, "Rhode Island": {"state_code": "RI", "idc_loss": 107935292.353935, "term_loss": 186479980.484199, "idc_job_loss": 466.188603145718, "term_job_loss": 805.434809325369}, "South Carolina": {"state_code": "SC", "idc_loss": 104405604.077012, "term_loss": 24900571.912754, "idc_job_loss": 450.943353779437, "term_job_loss": 107.549278687001}, "South Dakota": {"state_code": "SD", "idc_loss": 12562894.116734, "term_loss": 2736348.93297605, "idc_job_loss": 54.2610107595106, "term_job_loss": 11.818698582854}, "Tennessee": {"state_code": "TN", "idc_loss": 362813179.155849, "term_loss": 89173095.5354318, "idc_job_loss": 1567.04415677952, "term_job_loss": 385.151880716865}, "Texas": {"state_code": "TX", "idc_loss": 856532924.966181, "term_loss": 232195148.139898, "idc_job_loss": 3699.49327166244, "term_job_loss": 1002.88542707233}, "Utah": {"state_code": "UT", "idc_loss": 126127873.311304, "term_loss": 4877655.31938041, "idc_job_loss": 544.765069833929, "term_job_loss": 21.0673197837069}, "Vermont": {"state_code": "VT", "idc_loss": 26520178.4443701, "term_loss": 1680072.34604388, "idc_job_loss": 114.544600515045, "term_job_loss": 7.25648268610444}, "Virginia": {"state_code": "VA", "idc_loss": 238133935.016441, "term_loss": 52709629.0472658, "idc_job_loss": 1028.53593209229, "term_job_loss": 227.660738225425}, "Washington": {"state_code": "WA", "idc_loss": 529029806.19265, "term_loss": 23618168.9465092, "idc_job_loss": 2284.95852461932, "term_job_loss": 102.010389279604}, "West Virginia": {"state_code": "WV", "idc_loss": 22494474.1446428, "term_loss": 1149990.8797817,