{"STATE_LOSSES": {"Alabama": {"state_code": "AL", "idc_loss": 137155882.470028, "term_loss": 50896444.0166713, "idc_job_loss": 592.39668385991, "term_job_loss": 219.829322029453}, "Alaska": {"state_code": "AK", "idc_loss": 3428494.51879316, "term_loss": 2817745.41875698, "idc_job_loss": 14.8081784535109, "term_job_loss": 12.1702621278227}, "Arizona": {"state_code": "AZ", "idc_loss": 133973289.33053, "term_loss": 29091299.7564179, "idc_job_loss": 578.650590087181, "term_job_loss": 125.649656394741}, "Arkansas": {"state_code": "AR", "idc_loss": 46355302.6789298, "term_loss": 7297784.04240515, "idc_job_loss": 200.215456251548, "term_job_loss": 31.5202161831542}, "California": {"state_code": "CA", "idc_loss": 2271507094.07446, "term_loss": 521922611.307206, "idc_job_loss": 9810.9774488748, "term_job_loss": 2254.2614913907}, "Colorado": {"state_code": "CO", "idc_loss": 222803650.787174, "term_loss": 29370977.715023, "idc_job_loss": 962.322151272262, "term_job_loss": 126.857627152121}, "Connecticut": {"state_code": "CT", "idc_loss": 439477104.233735, "term_loss": 72122759.9325421, "idc_job_loss": 1898.1670672223, "term_job_loss": 311.508941836299}, "Delaware": {"state_code": "DE", "idc_loss": 34530894.1354185, "term_loss": 5122448.60045223, "idc_job_loss": 149.144074669999, "term_job_loss": 22.1246184232299}, "District of Columbia": {"state_code": "DC", "idc_loss": 31796894.2684636, "term_loss": 12696139.6129524, "idc_job_loss": 137.335522053151, "term_job_loss": 54.8365179027517}, "Florida": {"state_code": "FL", "idc_loss": 359946317.939494, "term_loss": 129125964.908255, "idc_job_loss": 1554.66175620675, "term_job_loss": 557.714273965441}, "Georgia": {"state_code": "GA", "idc_loss": 327344305.609631, "term_loss": 122365992.108696, "idc_job_loss": 1413.84880933521, "term_job_loss": 528.516944639685}, "Hawaii": {"state_code": "HI", "idc_loss": 30121349.4703669, "term_loss": 28416508.2124301, "idc_job_loss": 130.098594520946, "term_job_loss": 122.73513121539}, "Idaho": {"state_code": "ID", "idc_loss": 11143584.2061112, "term_loss": 1838695.13173593, "idc_job_loss": 48.1307998689482, "term_job_loss": 7.94159812217858}, "Illinois": {"state_code": "IL", "idc_loss": 608232221.358804, "term_loss": 158986505.114839, "idc_job_loss": 2627.04555182633, "term_job_loss": 686.686394432175}, "Indiana": {"state_code": "IN", "idc_loss": 203126068.035562, "term_loss": 16033589.1595182, "idc_job_loss": 877.331740664234, "term_job_loss": 69.2514595613232}, "Iowa": {"state_code": "IA", "idc_loss": 98145570.5747762, "term_loss": 1877858.26827979, "idc_job_loss": 423.905336737863, "term_job_loss": 8.1107495417191}, "Kansas": {"state_code": "KS", "idc_loss": 52825225.1218775, "term_loss": 1667834.24815738, "idc_job_loss": 228.160014888109, "term_job_loss": 7.20362451863719}, "Kentucky": {"state_code": "KY", "idc_loss": 124799833.540734, "term_loss": 13863807.857749, "idc_job_loss": 539.029068271679, "term_job_loss": 59.8798509600647}, "Louisiana": {"state_code": "LA", "idc_loss": 79194458.6250983, "term_loss": 17160404.7013949, "idc_job_loss": 342.052661721169, "term_job_loss": 74.1183437102802}, "Maine": {"state_code": "ME", "idc_loss": 72661194.6865749, "term_loss": 22507550.5272662, "idc_job_loss": 313.834521731377, "term_job_loss": 97.2134629156389}, "Maryland": {"state_code": "MD", "idc_loss": 559288998.881896, "term_loss": 141998709.607712, "idc_job_loss": 2415.65248453244, "term_job_loss": 613.31357553969}, "Massachusetts": {"state_code": "MA", "idc_loss": 1495690903.29766, "term_loss": 3073394086.24451, "idc_job_loss": 6460.11177381756, "term_job_loss": 13274.4467980348}, "Michigan": {"state_code": "MI", "idc_loss": 461243265.167298, "term_loss": 75116881.4376967, "idc_job_loss": 1992.17835806301, "term_job_loss": 324.440998550051}, "Minnesota": {"state_code": "MN", "idc_loss": 325572263.953471, "term_loss": 42469396.2997659, "idc_job_loss": 1406.19509750116, "term_job_loss": 183.431647847925}, "Mississippi": {"state_code": "MS", "idc_loss": 35274092.8700206, "term_loss": 6260193.327782, "idc_job_loss": 152.354060693919, "term_job_loss": 27.0387073519095}, "Missouri": {"state_code": "MO", "idc_loss": 341273096.862583, "term_loss": 39678443.2179094, "idc_job_loss": 1474.00933325754, "term_job_loss": 171.377105813524}, "Montana": {"state_code": "MT", "idc_loss": 12756136.4721941, "term_loss": 2748990.84743729, "idc_job_loss": 55.0956532735192, "term_job_loss": 11.8733008942504}, "Nebraska": {"state_code": "NE", "idc_loss": 63708100.9120557, "term_loss": 6226125.05801058, "idc_job_loss": 275.16477627973, "term_job_loss": 26.8915614207691}, "Nevada": {"state_code": "NV", "idc_loss": 14134584.675051, "term_loss": 15678456.6229267, "idc_job_loss": 61.0493763624543, "term_job_loss": 67.7175892437048}, "New Hampshire": {"state_code": "NH", "idc_loss": 90710871.6682563, "term_loss": 67288124.8289337, "idc_job_loss": 391.793764865022, "term_job_loss": 290.627432771778}, "New Jersey": {"state_code": "NJ", "idc_loss": 384593674.31325, "term_loss": 151476686.830979, "idc_job_loss": 1661.11735926787, "term_job_loss": 654.250370780613}, "New Mexico": {"state_code": "NM", "idc_loss": 50752097.7019167, "term_loss": 63559327.5577079, "idc_job_loss": 219.20586879764, "term_job_loss": 274.522202004568}, "New York": {"state_code": "NY", "idc_loss": 1617341244.64838, "term_loss": 1171411597.7094, "idc_job_loss": 6985.53771624728, "term_job_loss": 5059.50115606399}, "North Carolina": {"state_code": "NC", "idc_loss": 659383323.137767, "term_loss": 1170365227.11746, "idc_job_loss": 2847.97477865887, "term_job_loss": 5054.981725635}, "North Dakota": {"state_code": "ND", "idc_loss": 8131480.45338831, "term_loss": 507589.002891578, "idc_job_loss": 35.121075149741, "term_job_loss": 2.19235250185086}, "Ohio": {"state_code": "OH", "idc_loss": 478612217.453324, "term_loss": 53113374.2097226, "idc_job_loss": 2067.19744985159, "term_job_loss": 229.404573714334}, "Oklahoma": {"state_code": "OK", "idc_loss": 68106437.8331002, "term_loss": 16869311.3828916, "idc_job_loss": 294.161848513178, "term_job_loss": 72.8610683133405}, "Oregon": {"state_code": "OR", "idc_loss": 148586366.004423, "term_loss": 9180473.278591, "idc_job_loss": 641.766644657403, "term_job_loss": 39.6518313947654}, "Pennsylvania": {"state_code": "PA", "idc_loss": 972665762.628516, "term_loss": 131431214.849267, "idc_job_loss": 4201.08829390614, "term_job_loss": 567.67099179577}, "Rhode Island": {"state_code": "RI", "idc_loss": 107935292.353935, "term_loss": 55003272.4457599, "idc_job_loss": 466.188603145718, "term_job_loss": 237.567325669984}, "South Carolina": {"state_code": "SC", "idc_loss": 104405604.077012, "term_loss": 49194435.8219583, "idc_job_loss": 450.943353779437, "term_job_loss": 212.478095145905}, "South Dakota": {"state_code": "SD", "idc_loss": 12562894.116734, "term_loss": 2734868.6998824, "idc_job_loss": 54.2610107595106, "term_job_loss": 11.8123052356623}, "Tennessee": {"state_code": "TN", "idc_loss": 362813179.155849, "term_loss": 97158590.8297315, "idc_job_loss": 1567.04415677952, "term_job_loss": 419.642424222032}, "Texas": {"state_code": "TX", "idc_loss": 856532924.966181, "term_loss": 247120951.139685, "idc_job_loss": 3699.49327166244, "term_job_loss": 1067.35219322034}, "Utah": {"state_code": "UT", "idc_loss": 126127873.311304, "term_loss": 5370559.39776293, "idc_job_loss": 544.765069833929, "term_job_loss": 23.1962459094867}, "Vermont": {"state_code": "VT", "idc_loss": 26520178.4443701, "term_loss": 3157833.41474464, "idc_job_loss": 114.544600515045, "term_job_loss": 13.6391528338971}, "Virginia": {"state_code": "VA", "idc_loss": 238133935.016441, "term_loss": 125039436.542049, "idc_job_loss": 1028.53593209229, "term_job_loss": 540.063949319916}, "Washington": {"state_code": "WA", "idc_loss": 529029806.19265, "term_loss": 51304288.3179722, "idc_job_loss": 2284.95852461932, "term_job_loss": 221.590862309539}, "West Virginia": {"state_code": "WV", "idc_loss": 22494474.1446428, "term_loss": 1864644.35940065,